2025-01-14 23:13:38,697 - api.v1.auth.service - INFO - Checking role permission for user
2025-01-14 23:13:38,708 - api.v1.auth.service - INFO - Normalized required roles: ['ADMIN', 'SUBADMIN']
2025-01-14 23:13:38,728 - api.v1.auth.service - INFO - 871cfff1-b4db-4fad-b9da-36527aabab74
2025-01-14 23:13:45,145 - api.v1.auth.service - INFO - User found: <User(name='Favour Nkang', role='<Role(name='RoleEnum.ADMIN')>')>
2025-01-14 23:13:45,148 - api.v1.auth.service - INFO - Parsed user role: ADMIN
2025-01-14 23:13:45,152 - api.v1.auth.service - INFO - Permission granted for role: ADMIN
2025-01-14 23:13:45,163 - api.v1.auth.service - INFO - 871cfff1-b4db-4fad-b9da-36527aabab74
2025-01-14 23:13:45,322 - api.v1.auth.service - INFO - User found: <User(name='Favour Nkang', role='<Role(name='RoleEnum.ADMIN')>')>
2025-01-14 23:15:41,865 - api.v1.auth.service - INFO - Checking role permission for user
2025-01-14 23:15:41,877 - api.v1.auth.service - INFO - Normalized required roles: ['ADMIN', 'SUBADMIN']
2025-01-14 23:15:41,887 - api.v1.auth.service - INFO - 871cfff1-b4db-4fad-b9da-36527aabab74
2025-01-14 23:15:45,902 - api.v1.auth.service - INFO - User found: <User(name='Favour Nkang', role='<Role(name='RoleEnum.ADMIN')>')>
2025-01-14 23:15:45,909 - api.v1.auth.service - INFO - Parsed user role: ADMIN
2025-01-14 23:15:45,914 - api.v1.auth.service - INFO - Permission granted for role: ADMIN
2025-01-14 23:15:45,923 - api.v1.auth.service - INFO - 871cfff1-b4db-4fad-b9da-36527aabab74
2025-01-14 23:15:46,083 - api.v1.auth.service - INFO - User found: <User(name='Favour Nkang', role='<Role(name='RoleEnum.ADMIN')>')>
2025-01-14 23:22:37,066 - api.v1.auth.service - INFO - Checking role permission for user
2025-01-14 23:22:37,079 - api.v1.auth.service - INFO - Normalized required roles: ['ADMIN', 'SUBADMIN']
2025-01-14 23:22:37,083 - api.v1.auth.service - INFO - 871cfff1-b4db-4fad-b9da-36527aabab74
2025-01-14 23:22:41,798 - api.v1.auth.service - INFO - User found: <User(name='Favour Nkang', role='<Role(name='RoleEnum.ADMIN')>')>
2025-01-14 23:22:41,801 - api.v1.auth.service - INFO - Parsed user role: ADMIN
2025-01-14 23:22:41,809 - api.v1.auth.service - INFO - Permission granted for role: ADMIN
2025-01-14 23:22:41,817 - api.v1.auth.service - INFO - 871cfff1-b4db-4fad-b9da-36527aabab74
2025-01-14 23:22:42,066 - api.v1.auth.service - INFO - User found: <User(name='Favour Nkang', role='<Role(name='RoleEnum.ADMIN')>')>
2025-01-14 23:26:57,162 - api.v1.auth.service - INFO - Checking role permission for user
2025-01-14 23:26:57,169 - api.v1.auth.service - INFO - Normalized required roles: ['ADMIN', 'SUBADMIN']
2025-01-14 23:26:57,173 - api.v1.auth.service - INFO - 871cfff1-b4db-4fad-b9da-36527aabab74
2025-01-14 23:27:04,262 - api.v1.auth.service - INFO - User found: <User(name='Favour Nkang', role='<Role(name='RoleEnum.ADMIN')>')>
2025-01-14 23:27:04,266 - api.v1.auth.service - INFO - Parsed user role: ADMIN
2025-01-14 23:27:04,270 - api.v1.auth.service - INFO - Permission granted for role: ADMIN
2025-01-14 23:27:04,280 - api.v1.auth.service - INFO - 871cfff1-b4db-4fad-b9da-36527aabab74
2025-01-14 23:27:04,439 - api.v1.auth.service - INFO - User found: <User(name='Favour Nkang', role='<Role(name='RoleEnum.ADMIN')>')>
2025-01-14 23:31:57,057 - api.v1.auth.service - INFO - User found: <User(name='Favour Nkang', role='<Role(name='RoleEnum.ADMIN')>')>
2025-01-14 23:31:57,813 - api.v1.auth.service - INFO - User authenticated
2025-01-14 23:34:05,751 - api.v1.auth.service - INFO - Checking role permission for user
2025-01-14 23:34:05,755 - api.v1.auth.service - INFO - Normalized required roles: ['ADMIN', 'SUBADMIN']
2025-01-14 23:34:05,761 - api.v1.auth.service - INFO - 871cfff1-b4db-4fad-b9da-36527aabab74
2025-01-14 23:34:06,403 - api.v1.auth.service - INFO - User found: <User(name='Favour Nkang', role='<Role(name='RoleEnum.ADMIN')>')>
2025-01-14 23:34:06,410 - api.v1.auth.service - INFO - Parsed user role: ADMIN
2025-01-14 23:34:06,413 - api.v1.auth.service - INFO - Permission granted for role: ADMIN
2025-01-14 23:34:06,420 - api.v1.auth.service - INFO - 871cfff1-b4db-4fad-b9da-36527aabab74
2025-01-14 23:34:06,638 - api.v1.auth.service - INFO - User found: <User(name='Favour Nkang', role='<Role(name='RoleEnum.ADMIN')>')>
2025-01-14 23:37:42,381 - api.v1.auth.service - INFO - Checking role permission for user
2025-01-14 23:37:42,387 - api.v1.auth.service - INFO - Normalized required roles: ['ADMIN', 'SUBADMIN']
2025-01-14 23:37:42,390 - api.v1.auth.service - INFO - 871cfff1-b4db-4fad-b9da-36527aabab74
2025-01-14 23:37:46,278 - api.v1.auth.service - INFO - User found: <User(name='Favour Nkang', role='<Role(name='RoleEnum.ADMIN')>')>
2025-01-14 23:37:46,284 - api.v1.auth.service - INFO - Parsed user role: ADMIN
2025-01-14 23:37:46,288 - api.v1.auth.service - INFO - Permission granted for role: ADMIN
2025-01-14 23:37:46,294 - api.v1.auth.service - INFO - 871cfff1-b4db-4fad-b9da-36527aabab74
2025-01-14 23:37:46,450 - api.v1.auth.service - INFO - User found: <User(name='Favour Nkang', role='<Role(name='RoleEnum.ADMIN')>')>
2025-01-14 23:39:25,444 - api.v1.auth.service - INFO - Checking role permission for user
2025-01-14 23:39:25,448 - api.v1.auth.service - INFO - Normalized required roles: ['ADMIN', 'SUBADMIN']
2025-01-14 23:39:25,456 - api.v1.auth.service - INFO - 871cfff1-b4db-4fad-b9da-36527aabab74
2025-01-14 23:39:30,183 - api.v1.auth.service - INFO - User found: <User(name='Favour Nkang', role='<Role(name='RoleEnum.ADMIN')>')>
2025-01-14 23:39:30,188 - api.v1.auth.service - INFO - Parsed user role: ADMIN
2025-01-14 23:39:30,191 - api.v1.auth.service - INFO - Permission granted for role: ADMIN
2025-01-14 23:39:30,198 - api.v1.auth.service - INFO - 871cfff1-b4db-4fad-b9da-36527aabab74
2025-01-14 23:39:30,398 - api.v1.auth.service - INFO - User found: <User(name='Favour Nkang', role='<Role(name='RoleEnum.ADMIN')>')>
2025-01-14 23:41:59,809 - api.v1.auth.service - INFO - User found: <User(name='Favour Nkang', role='<Role(name='RoleEnum.ADMIN')>')>
2025-01-14 23:42:00,674 - api.v1.auth.service - INFO - User authenticated
2025-01-14 23:43:48,570 - api.v1.auth.service - INFO - Checking role permission for user
2025-01-14 23:43:48,580 - api.v1.auth.service - INFO - Normalized required roles: ['ADMIN', 'SUBADMIN']
2025-01-14 23:43:48,584 - api.v1.auth.service - INFO - 871cfff1-b4db-4fad-b9da-36527aabab74
2025-01-14 23:43:49,212 - api.v1.auth.service - INFO - User found: <User(name='Favour Nkang', role='<Role(name='RoleEnum.ADMIN')>')>
2025-01-14 23:43:49,217 - api.v1.auth.service - INFO - Parsed user role: ADMIN
2025-01-14 23:43:49,219 - api.v1.auth.service - INFO - Permission granted for role: ADMIN
2025-01-14 23:43:49,229 - api.v1.auth.service - INFO - 871cfff1-b4db-4fad-b9da-36527aabab74
2025-01-14 23:43:49,387 - api.v1.auth.service - INFO - User found: <User(name='Favour Nkang', role='<Role(name='RoleEnum.ADMIN')>')>
2025-01-14 23:45:30,464 - api.v1.auth.service - INFO - Checking role permission for user
2025-01-14 23:45:30,471 - api.v1.auth.service - INFO - Normalized required roles: ['ADMIN', 'SUBADMIN']
2025-01-14 23:45:30,476 - api.v1.auth.service - INFO - 871cfff1-b4db-4fad-b9da-36527aabab74
2025-01-14 23:45:36,752 - api.v1.auth.service - INFO - User found: <User(name='Favour Nkang', role='<Role(name='RoleEnum.ADMIN')>')>
2025-01-14 23:45:36,756 - api.v1.auth.service - INFO - Parsed user role: ADMIN
2025-01-14 23:45:36,760 - api.v1.auth.service - INFO - Permission granted for role: ADMIN
2025-01-14 23:45:36,771 - api.v1.auth.service - INFO - 871cfff1-b4db-4fad-b9da-36527aabab74
2025-01-14 23:45:36,939 - api.v1.auth.service - INFO - User found: <User(name='Favour Nkang', role='<Role(name='RoleEnum.ADMIN')>')>
2025-01-14 23:47:51,056 - api.v1.auth.service - INFO - Checking role permission for user
2025-01-14 23:47:51,061 - api.v1.auth.service - INFO - Normalized required roles: ['ADMIN', 'SUBADMIN']
2025-01-14 23:47:51,067 - api.v1.auth.service - INFO - 871cfff1-b4db-4fad-b9da-36527aabab74
2025-01-14 23:47:55,608 - api.v1.auth.service - INFO - User found: <User(name='Favour Nkang', role='<Role(name='RoleEnum.ADMIN')>')>
2025-01-14 23:47:55,622 - api.v1.auth.service - INFO - Parsed user role: ADMIN
2025-01-14 23:47:55,626 - api.v1.auth.service - INFO - Permission granted for role: ADMIN
2025-01-14 23:47:55,638 - api.v1.auth.service - INFO - 871cfff1-b4db-4fad-b9da-36527aabab74
2025-01-14 23:47:55,833 - api.v1.auth.service - INFO - User found: <User(name='Favour Nkang', role='<Role(name='RoleEnum.ADMIN')>')>
2025-01-14 23:51:10,414 - api.v1.auth.service - INFO - Checking role permission for user
2025-01-14 23:51:10,419 - api.v1.auth.service - INFO - Normalized required roles: ['ADMIN', 'SUBADMIN']
2025-01-14 23:51:10,427 - api.v1.auth.service - INFO - 871cfff1-b4db-4fad-b9da-36527aabab74
2025-01-14 23:51:15,869 - api.v1.auth.service - INFO - User found: <User(name='Favour Nkang', role='<Role(name='RoleEnum.ADMIN')>')>
2025-01-14 23:51:15,875 - api.v1.auth.service - INFO - Parsed user role: ADMIN
2025-01-14 23:51:15,879 - api.v1.auth.service - INFO - Permission granted for role: ADMIN
2025-01-14 23:51:15,889 - api.v1.auth.service - INFO - 871cfff1-b4db-4fad-b9da-36527aabab74
2025-01-14 23:51:16,092 - api.v1.auth.service - INFO - User found: <User(name='Favour Nkang', role='<Role(name='RoleEnum.ADMIN')>')>
2025-01-14 23:57:30,362 - api.v1.auth.service - INFO - User found: <User(name='Favour Nkang', role='<Role(name='RoleEnum.ADMIN')>')>
2025-01-14 23:57:31,273 - api.v1.auth.service - INFO - User authenticated
2025-01-14 23:58:20,121 - api.v1.auth.service - INFO - Checking role permission for user
2025-01-14 23:58:20,125 - api.v1.auth.service - INFO - Normalized required roles: ['ADMIN']
2025-01-14 23:58:20,129 - api.v1.auth.service - INFO - 871cfff1-b4db-4fad-b9da-36527aabab74
2025-01-14 23:58:21,060 - api.v1.auth.service - INFO - User found: <User(name='Favour Nkang', role='<Role(name='RoleEnum.ADMIN')>')>
2025-01-14 23:58:21,064 - api.v1.auth.service - INFO - Parsed user role: ADMIN
2025-01-14 23:58:21,068 - api.v1.auth.service - INFO - Permission granted for role: ADMIN
2025-01-14 23:58:21,090 - api.v1.auth.service - INFO - 871cfff1-b4db-4fad-b9da-36527aabab74
2025-01-14 23:58:21,321 - api.v1.auth.service - INFO - User found: <User(name='Favour Nkang', role='<Role(name='RoleEnum.ADMIN')>')>
2025-01-14 23:59:00,424 - api.v1.auth.service - INFO - Checking role permission for user
2025-01-14 23:59:00,429 - api.v1.auth.service - INFO - Normalized required roles: ['ADMIN', 'SUBADMIN']
2025-01-14 23:59:00,437 - api.v1.auth.service - INFO - 871cfff1-b4db-4fad-b9da-36527aabab74
2025-01-14 23:59:00,951 - api.v1.auth.service - INFO - User found: <User(name='Favour Nkang', role='<Role(name='RoleEnum.ADMIN')>')>
2025-01-14 23:59:00,957 - api.v1.auth.service - INFO - Parsed user role: ADMIN
2025-01-14 23:59:00,962 - api.v1.auth.service - INFO - Permission granted for role: ADMIN
2025-01-14 23:59:00,973 - api.v1.auth.service - INFO - 871cfff1-b4db-4fad-b9da-36527aabab74
2025-01-14 23:59:01,210 - api.v1.auth.service - INFO - User found: <User(name='Favour Nkang', role='<Role(name='RoleEnum.ADMIN')>')>
2025-01-14 23:59:45,790 - api.v1.auth.service - INFO - User found: <User(name='ojo Doe', role='<Role(name='RoleEnum.SUBADMIN')>')>
2025-01-14 23:59:46,581 - api.v1.auth.service - INFO - User authenticated
2025-01-15 00:00:16,560 - api.v1.auth.service - INFO - Checking role permission for user
2025-01-15 00:00:16,565 - api.v1.auth.service - INFO - Normalized required roles: ['ADMIN', 'SUBADMIN']
2025-01-15 00:00:16,568 - api.v1.auth.service - INFO - 2ee4ca27-5dcb-4a61-8fe3-6269c0e6c0e0
2025-01-15 00:00:17,182 - api.v1.auth.service - INFO - User found: <User(name='ojo Doe', role='<Role(name='RoleEnum.SUBADMIN')>')>
2025-01-15 00:00:17,185 - api.v1.auth.service - INFO - Parsed user role: SUBADMIN
2025-01-15 00:00:17,191 - api.v1.auth.service - INFO - Permission granted for role: SUBADMIN
2025-01-15 00:00:17,199 - api.v1.auth.service - INFO - 2ee4ca27-5dcb-4a61-8fe3-6269c0e6c0e0
2025-01-15 00:00:17,372 - api.v1.auth.service - INFO - User found: <User(name='ojo Doe', role='<Role(name='RoleEnum.SUBADMIN')>')>
2025-01-16 10:52:05,174 - api.v1.auth.service - INFO - User not found
2025-01-16 10:52:05,194 - api.v1.auth.users_auth - ERROR - User not found: User not found
2025-01-16 10:53:04,239 - api.v1.auth.service - INFO - User not found
2025-01-16 10:53:04,243 - api.v1.auth.super_admin_auth - ERROR - User not found: User not found
2025-01-16 10:54:31,692 - api.v1.auth.service - INFO - Created user: <SuperAdmin(username='ODEY', email='odey@superadmin.com')>
2025-01-16 10:56:46,416 - api.v1.auth.service - INFO - User found: <SuperAdmin(username='ODEY', email='odey@superadmin.com')>
2025-01-16 10:56:47,083 - api.v1.auth.service - INFO - User authenticated
2025-01-16 10:56:47,086 - api.v1.auth.super_admin_auth - INFO - <SuperAdmin(username='ODEY', email='odey@superadmin.com')>
2025-01-16 10:56:47,108 - api.v1.auth.super_admin_auth - INFO - Login successful
2025-01-16 10:56:59,487 - api.v1.auth.service - INFO - Checking role permission for user
2025-01-16 10:56:59,490 - api.v1.auth.service - INFO - Normalized required roles: ['SUPERADMIN']
2025-01-16 10:56:59,494 - api.v1.auth.service - INFO - d290522a-2904-496d-9d26-66047cb1f2a1
2025-01-16 10:57:06,929 - api.v1.auth.service - INFO - User found: <SuperAdmin(username='ODEY', email='odey@superadmin.com')>
2025-01-16 10:57:06,935 - api.v1.auth.service - INFO - Permission granted for superadmin
2025-01-16 10:57:11,290 - api.v1.auth.service - INFO - Checking role permission for user
2025-01-16 10:57:11,299 - api.v1.auth.service - INFO - Normalized required roles: ['SUPERADMIN']
2025-01-16 10:57:11,304 - api.v1.auth.service - INFO - d290522a-2904-496d-9d26-66047cb1f2a1
2025-01-16 10:57:14,022 - api.v1.auth.service - INFO - User found: <SuperAdmin(username='ODEY', email='odey@superadmin.com')>
2025-01-16 10:57:14,025 - api.v1.auth.service - INFO - Permission granted for superadmin
2025-01-16 10:57:20,992 - api.v1.auth.service - INFO - Checking role permission for user
2025-01-16 10:57:20,997 - api.v1.auth.service - INFO - Normalized required roles: ['SUPERADMIN']
2025-01-16 10:57:21,000 - api.v1.auth.service - INFO - d290522a-2904-496d-9d26-66047cb1f2a1
2025-01-16 10:57:24,504 - api.v1.auth.service - INFO - User found: <SuperAdmin(username='ODEY', email='odey@superadmin.com')>
2025-01-16 10:57:24,507 - api.v1.auth.service - INFO - Permission granted for superadmin
2025-01-16 11:01:42,515 - api.v1.auth.super_admin_auth - ERROR - Database error: (psycopg2.OperationalError) server closed the connection unexpectedly
	This probably means the server terminated abnormally
	before or while processing the request.
server closed the connection unexpectedly
	This probably means the server terminated abnormally
	before or while processing the request.

[SQL: SELECT superadmin.username AS superadmin_username, superadmin.email AS superadmin_email, superadmin.password AS superadmin_password, superadmin.role AS superadmin_role, superadmin.id AS superadmin_id, superadmin.entity_id AS superadmin_entity_id, superadmin.created_at AS superadmin_created_at, superadmin.updated_at AS superadmin_updated_at 
FROM superadmin 
WHERE superadmin.email = %(email_1)s 
 LIMIT %(param_1)s]
[parameters: {'email_1': 'odey@superadmin.com', 'param_1': 1}]
(Background on this error at: https://sqlalche.me/e/20/e3q8)
2025-01-16 11:02:23,453 - api.v1.auth.service - INFO - User found: <SuperAdmin(username='ODEY', email='odey@superadmin.com')>
2025-01-16 11:02:24,067 - api.v1.auth.service - INFO - User authenticated
2025-01-16 11:02:24,072 - api.v1.auth.super_admin_auth - INFO - <SuperAdmin(username='ODEY', email='odey@superadmin.com')>
2025-01-16 11:02:24,078 - api.v1.auth.super_admin_auth - INFO - Login successful
2025-01-16 11:02:33,022 - api.v1.auth.service - INFO - Checking role permission for user
2025-01-16 11:02:33,026 - api.v1.auth.service - INFO - Normalized required roles: ['SUPERADMIN']
2025-01-16 11:02:33,031 - api.v1.auth.service - INFO - d290522a-2904-496d-9d26-66047cb1f2a1
2025-01-16 11:02:33,371 - api.v1.auth.service - INFO - User found: <SuperAdmin(username='ODEY', email='odey@superadmin.com')>
2025-01-16 11:02:33,375 - api.v1.auth.service - INFO - Permission granted for superadmin
2025-01-16 11:02:33,921 - api.v1.auth.service - INFO - Checking role permission for user
2025-01-16 11:02:33,926 - api.v1.auth.service - INFO - Normalized required roles: ['SUPERADMIN']
2025-01-16 11:02:33,931 - api.v1.auth.service - INFO - d290522a-2904-496d-9d26-66047cb1f2a1
2025-01-16 11:02:34,319 - api.v1.auth.service - INFO - User found: <SuperAdmin(username='ODEY', email='odey@superadmin.com')>
2025-01-16 11:02:34,325 - api.v1.auth.service - INFO - Permission granted for superadmin
2025-01-16 11:02:35,039 - api.v1.auth.service - INFO - Checking role permission for user
2025-01-16 11:02:35,042 - api.v1.auth.service - INFO - Normalized required roles: ['SUPERADMIN']
2025-01-16 11:02:35,046 - api.v1.auth.service - INFO - d290522a-2904-496d-9d26-66047cb1f2a1
2025-01-16 11:02:35,459 - api.v1.auth.service - INFO - User found: <SuperAdmin(username='ODEY', email='odey@superadmin.com')>
2025-01-16 11:02:35,464 - api.v1.auth.service - INFO - Permission granted for superadmin
2025-01-16 11:02:36,567 - api.v1.auth.service - INFO - Checking role permission for user
2025-01-16 11:02:36,570 - api.v1.auth.service - INFO - Normalized required roles: ['SUPERADMIN']
2025-01-16 11:02:36,573 - api.v1.auth.service - INFO - d290522a-2904-496d-9d26-66047cb1f2a1
2025-01-16 11:02:36,900 - api.v1.auth.service - INFO - User found: <SuperAdmin(username='ODEY', email='odey@superadmin.com')>
2025-01-16 11:02:36,904 - api.v1.auth.service - INFO - Permission granted for superadmin
2025-01-16 11:05:00,133 - api.v1.auth.service - INFO - User found: <SuperAdmin(username='ODEY', email='odey@superadmin.com')>
2025-01-16 11:05:00,987 - api.v1.auth.service - INFO - User authenticated
2025-01-16 11:05:00,997 - api.v1.auth.super_admin_auth - INFO - <SuperAdmin(username='ODEY', email='odey@superadmin.com')>
2025-01-16 11:05:01,002 - api.v1.auth.super_admin_auth - INFO - Login successful
2025-01-16 11:05:46,410 - api.v1.auth.service - INFO - Checking role permission for user
2025-01-16 11:05:46,414 - api.v1.auth.service - INFO - Normalized required roles: ['SUPERADMIN']
2025-01-16 11:05:46,417 - api.v1.auth.service - INFO - d290522a-2904-496d-9d26-66047cb1f2a1
2025-01-16 11:05:46,870 - api.v1.auth.service - INFO - User found: <SuperAdmin(username='ODEY', email='odey@superadmin.com')>
2025-01-16 11:05:46,874 - api.v1.auth.service - INFO - Permission granted for superadmin
2025-01-16 11:06:35,400 - api.v1.auth.service - INFO - Checking role permission for user
2025-01-16 11:06:35,403 - api.v1.auth.service - INFO - Normalized required roles: ['SUPERADMIN']
2025-01-16 11:06:35,407 - api.v1.auth.service - INFO - d290522a-2904-496d-9d26-66047cb1f2a1
2025-01-16 11:06:35,817 - api.v1.auth.service - INFO - Checking role permission for user
2025-01-16 11:06:35,821 - api.v1.auth.service - INFO - Normalized required roles: ['SUPERADMIN']
2025-01-16 11:06:35,826 - api.v1.auth.service - INFO - d290522a-2904-496d-9d26-66047cb1f2a1
2025-01-16 11:06:35,884 - api.v1.auth.service - INFO - Checking role permission for user
2025-01-16 11:06:35,888 - api.v1.auth.service - INFO - Normalized required roles: ['SUPERADMIN']
2025-01-16 11:06:35,891 - api.v1.auth.service - INFO - d290522a-2904-496d-9d26-66047cb1f2a1
2025-01-16 11:06:36,024 - api.v1.auth.service - INFO - Checking role permission for user
2025-01-16 11:06:36,027 - api.v1.auth.service - INFO - Normalized required roles: ['SUPERADMIN']
2025-01-16 11:06:36,031 - api.v1.auth.service - INFO - d290522a-2904-496d-9d26-66047cb1f2a1
2025-01-16 11:06:36,055 - api.v1.auth.service - INFO - User found: <SuperAdmin(username='ODEY', email='odey@superadmin.com')>
2025-01-16 11:06:36,059 - api.v1.auth.service - INFO - Permission granted for superadmin
2025-01-16 11:06:38,478 - api.v1.auth.service - INFO - User found: <SuperAdmin(username='ODEY', email='odey@superadmin.com')>
2025-01-16 11:06:38,481 - api.v1.auth.service - INFO - Permission granted for superadmin
2025-01-16 11:06:38,550 - api.v1.auth.service - INFO - User found: <SuperAdmin(username='ODEY', email='odey@superadmin.com')>
2025-01-16 11:06:38,553 - api.v1.auth.service - INFO - Permission granted for superadmin
2025-01-16 11:06:38,595 - api.v1.auth.service - INFO - User found: <SuperAdmin(username='ODEY', email='odey@superadmin.com')>
2025-01-16 11:06:38,598 - api.v1.auth.service - INFO - Permission granted for superadmin
2025-01-16 11:09:05,025 - api.v1.auth.service - INFO - Checking role permission for user
2025-01-16 11:09:05,029 - api.v1.auth.service - INFO - Normalized required roles: ['SUPERADMIN']
2025-01-16 11:09:05,033 - api.v1.auth.service - INFO - d290522a-2904-496d-9d26-66047cb1f2a1
2025-01-16 11:09:05,522 - api.v1.auth.service - INFO - User found: <SuperAdmin(username='ODEY', email='odey@superadmin.com')>
2025-01-16 11:09:05,526 - api.v1.auth.service - INFO - Permission granted for superadmin
2025-01-16 11:09:18,893 - api.v1.auth.service - INFO - Checking role permission for user
2025-01-16 11:09:18,898 - api.v1.auth.service - INFO - Normalized required roles: ['SUPERADMIN']
2025-01-16 11:09:18,906 - api.v1.auth.service - INFO - d290522a-2904-496d-9d26-66047cb1f2a1
2025-01-16 11:09:19,304 - api.v1.auth.service - INFO - User found: <SuperAdmin(username='ODEY', email='odey@superadmin.com')>
2025-01-16 11:09:19,309 - api.v1.auth.service - INFO - Permission granted for superadmin
2025-01-16 11:09:20,411 - api.v1.auth.service - INFO - Checking role permission for user
2025-01-16 11:09:20,416 - api.v1.auth.service - INFO - Normalized required roles: ['SUPERADMIN']
2025-01-16 11:09:20,422 - api.v1.auth.service - INFO - d290522a-2904-496d-9d26-66047cb1f2a1
2025-01-16 11:09:21,151 - api.v1.auth.service - INFO - Checking role permission for user
2025-01-16 11:09:21,156 - api.v1.auth.service - INFO - Normalized required roles: ['SUPERADMIN']
2025-01-16 11:09:21,160 - api.v1.auth.service - INFO - d290522a-2904-496d-9d26-66047cb1f2a1
2025-01-16 11:09:21,232 - api.v1.auth.service - INFO - User found: <SuperAdmin(username='ODEY', email='odey@superadmin.com')>
2025-01-16 11:09:21,238 - api.v1.auth.service - INFO - Permission granted for superadmin
2025-01-16 11:09:21,595 - api.v1.auth.service - INFO - User found: <SuperAdmin(username='ODEY', email='odey@superadmin.com')>
2025-01-16 11:09:21,602 - api.v1.auth.service - INFO - Permission granted for superadmin
2025-01-16 11:09:23,248 - api.v1.auth.service - INFO - Checking role permission for user
2025-01-16 11:09:23,253 - api.v1.auth.service - INFO - Normalized required roles: ['SUPERADMIN']
2025-01-16 11:09:23,257 - api.v1.auth.service - INFO - d290522a-2904-496d-9d26-66047cb1f2a1
2025-01-16 11:09:23,711 - api.v1.auth.service - INFO - User found: <SuperAdmin(username='ODEY', email='odey@superadmin.com')>
2025-01-16 11:09:23,715 - api.v1.auth.service - INFO - Permission granted for superadmin
2025-01-16 11:09:39,190 - api.v1.auth.service - INFO - Checking role permission for user
2025-01-16 11:09:39,194 - api.v1.auth.service - INFO - Normalized required roles: ['SUPERADMIN']
2025-01-16 11:09:39,198 - api.v1.auth.service - INFO - d290522a-2904-496d-9d26-66047cb1f2a1
2025-01-16 11:09:39,531 - api.v1.auth.service - INFO - Checking role permission for user
2025-01-16 11:09:39,533 - api.v1.auth.service - INFO - Checking role permission for user
2025-01-16 11:09:39,535 - api.v1.auth.service - INFO - Checking role permission for user
2025-01-16 11:09:39,539 - api.v1.auth.service - INFO - Normalized required roles: ['SUPERADMIN']
2025-01-16 11:09:39,541 - api.v1.auth.service - INFO - Normalized required roles: ['SUPERADMIN']
2025-01-16 11:09:39,543 - api.v1.auth.service - INFO - Normalized required roles: ['SUPERADMIN']
2025-01-16 11:09:39,545 - api.v1.auth.service - INFO - d290522a-2904-496d-9d26-66047cb1f2a1
2025-01-16 11:09:39,548 - api.v1.auth.service - INFO - d290522a-2904-496d-9d26-66047cb1f2a1
2025-01-16 11:09:39,549 - api.v1.auth.service - INFO - d290522a-2904-496d-9d26-66047cb1f2a1
2025-01-16 11:09:39,629 - api.v1.auth.service - INFO - User found: <SuperAdmin(username='ODEY', email='odey@superadmin.com')>
2025-01-16 11:09:39,632 - api.v1.auth.service - INFO - Permission granted for superadmin
2025-01-16 11:09:39,903 - api.v1.auth.service - INFO - User found: <SuperAdmin(username='ODEY', email='odey@superadmin.com')>
2025-01-16 11:09:39,907 - api.v1.auth.service - INFO - User found: <SuperAdmin(username='ODEY', email='odey@superadmin.com')>
2025-01-16 11:09:39,908 - api.v1.auth.service - INFO - Permission granted for superadmin
2025-01-16 11:09:39,912 - api.v1.auth.service - INFO - Permission granted for superadmin
2025-01-16 11:09:39,925 - api.v1.auth.service - INFO - User found: <SuperAdmin(username='ODEY', email='odey@superadmin.com')>
2025-01-16 11:09:39,931 - api.v1.auth.service - INFO - Permission granted for superadmin
2025-01-16 11:10:47,794 - api.v1.auth.service - INFO - Checking role permission for user
2025-01-16 11:10:47,800 - api.v1.auth.service - INFO - Normalized required roles: ['SUPERADMIN']
2025-01-16 11:10:47,806 - api.v1.auth.service - INFO - d290522a-2904-496d-9d26-66047cb1f2a1
2025-01-16 11:10:48,174 - api.v1.auth.service - INFO - User found: <SuperAdmin(username='ODEY', email='odey@superadmin.com')>
2025-01-16 11:10:48,181 - api.v1.auth.service - INFO - Permission granted for superadmin
2025-01-16 11:10:59,061 - api.v1.auth.service - INFO - Checking role permission for user
2025-01-16 11:10:59,063 - api.v1.auth.service - INFO - Checking role permission for user
2025-01-16 11:10:59,067 - api.v1.auth.service - INFO - Normalized required roles: ['SUPERADMIN']
2025-01-16 11:10:59,068 - api.v1.auth.service - INFO - Normalized required roles: ['SUPERADMIN']
2025-01-16 11:10:59,073 - api.v1.auth.service - INFO - d290522a-2904-496d-9d26-66047cb1f2a1
2025-01-16 11:10:59,076 - api.v1.auth.service - INFO - d290522a-2904-496d-9d26-66047cb1f2a1
2025-01-16 11:10:59,294 - api.v1.auth.service - INFO - Checking role permission for user
2025-01-16 11:10:59,299 - api.v1.auth.service - INFO - Checking role permission for user
2025-01-16 11:10:59,308 - api.v1.auth.service - INFO - Normalized required roles: ['SUPERADMIN']
2025-01-16 11:10:59,311 - api.v1.auth.service - INFO - Normalized required roles: ['SUPERADMIN']
2025-01-16 11:10:59,316 - api.v1.auth.service - INFO - d290522a-2904-496d-9d26-66047cb1f2a1
2025-01-16 11:10:59,318 - api.v1.auth.service - INFO - d290522a-2904-496d-9d26-66047cb1f2a1
2025-01-16 11:10:59,431 - api.v1.auth.service - INFO - User found: <SuperAdmin(username='ODEY', email='odey@superadmin.com')>
2025-01-16 11:10:59,435 - api.v1.auth.service - INFO - Permission granted for superadmin
2025-01-16 11:10:59,438 - api.v1.auth.service - INFO - User found: <SuperAdmin(username='ODEY', email='odey@superadmin.com')>
2025-01-16 11:10:59,443 - api.v1.auth.service - INFO - Permission granted for superadmin
2025-01-16 11:10:59,669 - api.v1.auth.service - INFO - User found: <SuperAdmin(username='ODEY', email='odey@superadmin.com')>
2025-01-16 11:10:59,678 - api.v1.auth.service - INFO - Permission granted for superadmin
2025-01-16 11:10:59,687 - api.v1.auth.service - INFO - User found: <SuperAdmin(username='ODEY', email='odey@superadmin.com')>
2025-01-16 11:10:59,697 - api.v1.auth.service - INFO - Permission granted for superadmin
2025-01-16 11:11:41,011 - api.v1.auth.service - INFO - User found: <User(name='Ojogu Nkang', role='<Role(name='RoleEnum.ADMIN')>')>
2025-01-16 11:11:41,644 - api.v1.auth.service - INFO - User authenticated
2025-01-16 11:11:47,838 - api.v1.auth.service - INFO - Checking role permission for user
2025-01-16 11:11:47,845 - api.v1.auth.service - INFO - Normalized required roles: ['SUPERADMIN', 'ADMIN']
2025-01-16 11:11:47,851 - api.v1.auth.service - INFO - 686622b3-648f-42f6-9ea3-abba781f7cea
2025-01-16 11:11:48,178 - api.v1.auth.service - INFO - Checking role permission for user
2025-01-16 11:11:48,182 - api.v1.auth.service - INFO - Normalized required roles: ['SUPERADMIN', 'ADMIN', 'BURSAR', 'SUBADMIN', 'STUDENT']
2025-01-16 11:11:48,187 - api.v1.auth.service - INFO - 686622b3-648f-42f6-9ea3-abba781f7cea
2025-01-16 11:11:48,223 - api.v1.auth.service - INFO - User found: None
2025-01-16 11:11:48,228 - api.v1.auth.service - ERROR - User not found
2025-01-16 11:11:48,233 - api.v1.auth.service - INFO - 686622b3-648f-42f6-9ea3-abba781f7cea
2025-01-16 11:11:48,533 - api.v1.auth.service - INFO - User found: None
2025-01-16 11:11:48,537 - api.v1.auth.service - ERROR - User not found
2025-01-16 11:11:48,542 - api.v1.auth.service - INFO - 686622b3-648f-42f6-9ea3-abba781f7cea
2025-01-16 11:11:48,577 - api.v1.auth.service - INFO - User found: <User(name='Ojogu Nkang', role='<Role(name='RoleEnum.ADMIN')>')>
2025-01-16 11:11:48,582 - api.v1.auth.service - INFO - Parsed user role: ADMIN
2025-01-16 11:11:48,585 - api.v1.auth.service - INFO - Permission granted for role: ADMIN
2025-01-16 11:11:48,594 - api.v1.auth.service - INFO - 686622b3-648f-42f6-9ea3-abba781f7cea
2025-01-16 11:11:48,770 - api.v1.auth.service - INFO - User found: <User(name='Ojogu Nkang', role='<Role(name='RoleEnum.ADMIN')>')>
2025-01-16 11:11:48,913 - api.v1.auth.service - INFO - User found: <User(name='Ojogu Nkang', role='<Role(name='RoleEnum.ADMIN')>')>
2025-01-16 11:11:48,917 - api.v1.auth.service - INFO - Parsed user role: ADMIN
2025-01-16 11:11:48,919 - api.v1.auth.service - INFO - Permission granted for role: ADMIN
2025-01-16 11:11:48,928 - api.v1.auth.service - INFO - 686622b3-648f-42f6-9ea3-abba781f7cea
2025-01-16 11:11:49,127 - api.v1.auth.service - INFO - User found: <User(name='Ojogu Nkang', role='<Role(name='RoleEnum.ADMIN')>')>
2025-01-16 11:11:49,468 - api.v1.auth.service - INFO - Checking role permission for user
2025-01-16 11:11:49,474 - api.v1.auth.service - INFO - Normalized required roles: ['SUPERADMIN', 'ADMIN']
2025-01-16 11:11:49,479 - api.v1.auth.service - INFO - 686622b3-648f-42f6-9ea3-abba781f7cea
2025-01-16 11:11:49,833 - api.v1.auth.service - INFO - User found: None
2025-01-16 11:11:49,837 - api.v1.auth.service - ERROR - User not found
2025-01-16 11:11:49,841 - api.v1.auth.service - INFO - 686622b3-648f-42f6-9ea3-abba781f7cea
2025-01-16 11:11:50,177 - api.v1.auth.service - INFO - Checking role permission for user
2025-01-16 11:11:50,179 - api.v1.auth.service - INFO - Normalized required roles: ['SUPERADMIN', 'ADMIN']
2025-01-16 11:11:50,183 - api.v1.auth.service - INFO - 686622b3-648f-42f6-9ea3-abba781f7cea
2025-01-16 11:11:50,239 - api.v1.auth.service - INFO - User found: <User(name='Ojogu Nkang', role='<Role(name='RoleEnum.ADMIN')>')>
2025-01-16 11:11:50,243 - api.v1.auth.service - INFO - Parsed user role: ADMIN
2025-01-16 11:11:50,246 - api.v1.auth.service - INFO - Permission granted for role: ADMIN
2025-01-16 11:11:50,254 - api.v1.auth.service - INFO - 686622b3-648f-42f6-9ea3-abba781f7cea
2025-01-16 11:11:50,445 - api.v1.auth.service - INFO - User found: <User(name='Ojogu Nkang', role='<Role(name='RoleEnum.ADMIN')>')>
2025-01-16 11:11:50,573 - api.v1.auth.service - INFO - User found: None
2025-01-16 11:11:50,576 - api.v1.auth.service - ERROR - User not found
2025-01-16 11:11:50,579 - api.v1.auth.service - INFO - 686622b3-648f-42f6-9ea3-abba781f7cea
2025-01-16 11:11:50,933 - api.v1.auth.service - INFO - User found: <User(name='Ojogu Nkang', role='<Role(name='RoleEnum.ADMIN')>')>
2025-01-16 11:11:50,937 - api.v1.auth.service - INFO - Parsed user role: ADMIN
2025-01-16 11:11:50,941 - api.v1.auth.service - INFO - Permission granted for role: ADMIN
2025-01-16 11:11:50,948 - api.v1.auth.service - INFO - 686622b3-648f-42f6-9ea3-abba781f7cea
2025-01-16 11:11:51,149 - api.v1.auth.service - INFO - User found: <User(name='Ojogu Nkang', role='<Role(name='RoleEnum.ADMIN')>')>
2025-01-16 11:12:09,750 - api.v1.auth.service - INFO - Checking role permission for user
2025-01-16 11:12:09,754 - api.v1.auth.service - INFO - Normalized required roles: ['ADMIN']
2025-01-16 11:12:09,758 - api.v1.auth.service - INFO - 686622b3-648f-42f6-9ea3-abba781f7cea
2025-01-16 11:12:10,373 - api.v1.auth.service - INFO - User found: <User(name='Ojogu Nkang', role='<Role(name='RoleEnum.ADMIN')>')>
2025-01-16 11:12:10,377 - api.v1.auth.service - INFO - Parsed user role: ADMIN
2025-01-16 11:12:10,380 - api.v1.auth.service - INFO - Permission granted for role: ADMIN
2025-01-16 11:12:10,392 - api.v1.auth.service - INFO - 686622b3-648f-42f6-9ea3-abba781f7cea
2025-01-16 11:12:10,567 - api.v1.auth.service - INFO - User found: <User(name='Ojogu Nkang', role='<Role(name='RoleEnum.ADMIN')>')>
2025-01-16 11:13:44,796 - api.v1.auth.service - INFO - Checking role permission for user
2025-01-16 11:13:44,800 - api.v1.auth.service - INFO - Normalized required roles: ['SUBADMIN', 'ADMIN']
2025-01-16 11:13:44,803 - api.v1.auth.service - INFO - 686622b3-648f-42f6-9ea3-abba781f7cea
2025-01-16 11:13:45,361 - api.v1.auth.service - INFO - User found: <User(name='Ojogu Nkang', role='<Role(name='RoleEnum.ADMIN')>')>
2025-01-16 11:13:45,364 - api.v1.auth.service - INFO - Parsed user role: ADMIN
2025-01-16 11:13:45,367 - api.v1.auth.service - INFO - Permission granted for role: ADMIN
2025-01-16 11:13:45,370 - api.v1.auth.service - INFO - 686622b3-648f-42f6-9ea3-abba781f7cea
2025-01-16 11:13:45,677 - api.v1.auth.service - INFO - User found: <User(name='Ojogu Nkang', role='<Role(name='RoleEnum.ADMIN')>')>
2025-01-16 11:13:54,771 - api.v1.auth.service - INFO - Checking role permission for user
2025-01-16 11:13:54,781 - api.v1.auth.service - INFO - Normalized required roles: ['SUPERADMIN', 'ADMIN', 'BURSAR', 'SUBADMIN', 'STUDENT']
2025-01-16 11:13:54,790 - api.v1.auth.service - INFO - 686622b3-648f-42f6-9ea3-abba781f7cea
2025-01-16 11:13:55,158 - api.v1.auth.service - INFO - User found: None
2025-01-16 11:13:55,163 - api.v1.auth.service - ERROR - User not found
2025-01-16 11:13:55,167 - api.v1.auth.service - INFO - 686622b3-648f-42f6-9ea3-abba781f7cea
2025-01-16 11:13:55,498 - api.v1.auth.service - INFO - Checking role permission for user
2025-01-16 11:13:55,501 - api.v1.auth.service - INFO - Normalized required roles: ['SUPERADMIN', 'ADMIN']
2025-01-16 11:13:55,504 - api.v1.auth.service - INFO - 686622b3-648f-42f6-9ea3-abba781f7cea
2025-01-16 11:13:55,519 - api.v1.auth.service - INFO - User found: <User(name='Ojogu Nkang', role='<Role(name='RoleEnum.ADMIN')>')>
2025-01-16 11:13:55,524 - api.v1.auth.service - INFO - Parsed user role: ADMIN
2025-01-16 11:13:55,528 - api.v1.auth.service - INFO - Permission granted for role: ADMIN
2025-01-16 11:13:55,537 - api.v1.auth.service - INFO - 686622b3-648f-42f6-9ea3-abba781f7cea
2025-01-16 11:13:55,727 - api.v1.auth.service - INFO - User found: <User(name='Ojogu Nkang', role='<Role(name='RoleEnum.ADMIN')>')>
2025-01-16 11:13:55,861 - api.v1.auth.service - INFO - User found: None
2025-01-16 11:13:55,864 - api.v1.auth.service - ERROR - User not found
2025-01-16 11:13:55,867 - api.v1.auth.service - INFO - 686622b3-648f-42f6-9ea3-abba781f7cea
2025-01-16 11:13:56,218 - api.v1.auth.service - INFO - User found: <User(name='Ojogu Nkang', role='<Role(name='RoleEnum.ADMIN')>')>
2025-01-16 11:13:56,219 - api.v1.auth.service - INFO - Checking role permission for user
2025-01-16 11:13:56,223 - api.v1.auth.service - INFO - Parsed user role: ADMIN
2025-01-16 11:13:56,224 - api.v1.auth.service - INFO - Normalized required roles: ['SUPERADMIN', 'ADMIN']
2025-01-16 11:13:56,230 - api.v1.auth.service - INFO - Permission granted for role: ADMIN
2025-01-16 11:13:56,233 - api.v1.auth.service - INFO - 686622b3-648f-42f6-9ea3-abba781f7cea
2025-01-16 11:13:56,244 - api.v1.auth.service - INFO - 686622b3-648f-42f6-9ea3-abba781f7cea
2025-01-16 11:13:56,446 - api.v1.auth.service - INFO - User found: <User(name='Ojogu Nkang', role='<Role(name='RoleEnum.ADMIN')>')>
2025-01-16 11:13:56,615 - api.v1.auth.service - INFO - User found: None
2025-01-16 11:13:56,626 - api.v1.auth.service - ERROR - User not found
2025-01-16 11:13:56,630 - api.v1.auth.service - INFO - 686622b3-648f-42f6-9ea3-abba781f7cea
2025-01-16 11:13:56,986 - api.v1.auth.service - INFO - User found: <User(name='Ojogu Nkang', role='<Role(name='RoleEnum.ADMIN')>')>
2025-01-16 11:13:56,990 - api.v1.auth.service - INFO - Parsed user role: ADMIN
2025-01-16 11:13:56,995 - api.v1.auth.service - INFO - Permission granted for role: ADMIN
2025-01-16 11:13:57,004 - api.v1.auth.service - INFO - 686622b3-648f-42f6-9ea3-abba781f7cea
2025-01-16 11:13:57,186 - api.v1.auth.service - INFO - User found: <User(name='Ojogu Nkang', role='<Role(name='RoleEnum.ADMIN')>')>
2025-01-16 11:13:57,957 - api.v1.auth.service - INFO - Checking role permission for user
2025-01-16 11:13:57,963 - api.v1.auth.service - INFO - Normalized required roles: ['SUPERADMIN', 'ADMIN']
2025-01-16 11:13:57,966 - api.v1.auth.service - INFO - 686622b3-648f-42f6-9ea3-abba781f7cea
2025-01-16 11:13:58,314 - api.v1.auth.service - INFO - User found: None
2025-01-16 11:13:58,322 - api.v1.auth.service - ERROR - User not found
2025-01-16 11:13:58,331 - api.v1.auth.service - INFO - 686622b3-648f-42f6-9ea3-abba781f7cea
2025-01-16 11:13:58,716 - api.v1.auth.service - INFO - User found: <User(name='Ojogu Nkang', role='<Role(name='RoleEnum.ADMIN')>')>
2025-01-16 11:13:58,725 - api.v1.auth.service - INFO - Parsed user role: ADMIN
2025-01-16 11:13:58,735 - api.v1.auth.service - INFO - Permission granted for role: ADMIN
2025-01-16 11:13:58,750 - api.v1.auth.service - INFO - 686622b3-648f-42f6-9ea3-abba781f7cea
2025-01-16 11:13:58,930 - api.v1.auth.service - INFO - User found: <User(name='Ojogu Nkang', role='<Role(name='RoleEnum.ADMIN')>')>
2025-01-16 11:14:10,929 - api.v1.auth.service - INFO - Checking role permission for user
2025-01-16 11:14:10,935 - api.v1.auth.service - INFO - Normalized required roles: ['ADMIN']
2025-01-16 11:14:10,939 - api.v1.auth.service - INFO - 686622b3-648f-42f6-9ea3-abba781f7cea
2025-01-16 11:14:11,496 - api.v1.auth.service - INFO - User found: <User(name='Ojogu Nkang', role='<Role(name='RoleEnum.ADMIN')>')>
2025-01-16 11:14:11,500 - api.v1.auth.service - INFO - Parsed user role: ADMIN
2025-01-16 11:14:11,503 - api.v1.auth.service - INFO - Permission granted for role: ADMIN
2025-01-16 11:14:11,514 - api.v1.auth.service - INFO - 686622b3-648f-42f6-9ea3-abba781f7cea
2025-01-16 11:14:11,707 - api.v1.auth.service - INFO - User found: <User(name='Ojogu Nkang', role='<Role(name='RoleEnum.ADMIN')>')>
2025-01-16 11:14:24,711 - api.v1.auth.service - INFO - Checking role permission for user
2025-01-16 11:14:24,715 - api.v1.auth.service - INFO - Normalized required roles: ['SUPERADMIN', 'ADMIN']
2025-01-16 11:14:24,719 - api.v1.auth.service - INFO - 686622b3-648f-42f6-9ea3-abba781f7cea
2025-01-16 11:14:24,803 - api.v1.auth.service - INFO - Checking role permission for user
2025-01-16 11:14:24,806 - api.v1.auth.service - INFO - Normalized required roles: ['SUPERADMIN', 'ADMIN']
2025-01-16 11:14:24,812 - api.v1.auth.service - INFO - 686622b3-648f-42f6-9ea3-abba781f7cea
2025-01-16 11:14:24,959 - api.v1.auth.service - INFO - Checking role permission for user
2025-01-16 11:14:24,964 - api.v1.auth.service - INFO - Normalized required roles: ['SUPERADMIN', 'ADMIN', 'BURSAR', 'SUBADMIN', 'STUDENT']
2025-01-16 11:14:24,967 - api.v1.auth.service - INFO - 686622b3-648f-42f6-9ea3-abba781f7cea
2025-01-16 11:14:25,079 - api.v1.auth.service - INFO - User found: None
2025-01-16 11:14:25,082 - api.v1.auth.service - ERROR - User not found
2025-01-16 11:14:25,086 - api.v1.auth.service - INFO - 686622b3-648f-42f6-9ea3-abba781f7cea
2025-01-16 11:14:25,179 - api.v1.auth.service - INFO - User found: None
2025-01-16 11:14:25,182 - api.v1.auth.service - ERROR - User not found
2025-01-16 11:14:25,185 - api.v1.auth.service - INFO - 686622b3-648f-42f6-9ea3-abba781f7cea
2025-01-16 11:14:25,625 - api.v1.auth.service - INFO - User found: None
2025-01-16 11:14:25,628 - api.v1.auth.service - ERROR - User not found
2025-01-16 11:14:25,631 - api.v1.auth.service - INFO - 686622b3-648f-42f6-9ea3-abba781f7cea
2025-01-16 11:14:27,371 - api.v1.auth.service - INFO - User found: <User(name='Ojogu Nkang', role='<Role(name='RoleEnum.ADMIN')>')>
2025-01-16 11:14:27,375 - api.v1.auth.service - INFO - Parsed user role: ADMIN
2025-01-16 11:14:27,379 - api.v1.auth.service - INFO - Permission granted for role: ADMIN
2025-01-16 11:14:27,386 - api.v1.auth.service - INFO - 686622b3-648f-42f6-9ea3-abba781f7cea
2025-01-16 11:14:27,549 - api.v1.auth.service - INFO - User found: <User(name='Ojogu Nkang', role='<Role(name='RoleEnum.ADMIN')>')>
2025-01-16 11:14:27,549 - api.v1.auth.service - INFO - User found: <User(name='Ojogu Nkang', role='<Role(name='RoleEnum.ADMIN')>')>
2025-01-16 11:14:27,553 - api.v1.auth.service - INFO - Parsed user role: ADMIN
2025-01-16 11:14:27,554 - api.v1.auth.service - INFO - Parsed user role: ADMIN
2025-01-16 11:14:27,557 - api.v1.auth.service - INFO - Permission granted for role: ADMIN
2025-01-16 11:14:27,559 - api.v1.auth.service - INFO - Permission granted for role: ADMIN
2025-01-16 11:14:27,569 - api.v1.auth.service - INFO - 686622b3-648f-42f6-9ea3-abba781f7cea
2025-01-16 11:14:27,571 - api.v1.auth.service - INFO - 686622b3-648f-42f6-9ea3-abba781f7cea
2025-01-16 11:14:27,605 - api.v1.auth.service - INFO - User found: <User(name='Ojogu Nkang', role='<Role(name='RoleEnum.ADMIN')>')>
2025-01-16 11:14:27,881 - api.v1.auth.service - INFO - User found: <User(name='Ojogu Nkang', role='<Role(name='RoleEnum.ADMIN')>')>
2025-01-16 11:14:27,883 - api.v1.auth.service - INFO - User found: <User(name='Ojogu Nkang', role='<Role(name='RoleEnum.ADMIN')>')>
2025-01-16 11:14:29,510 - api.v1.auth.service - INFO - Checking role permission for user
2025-01-16 11:14:29,514 - api.v1.auth.service - INFO - Normalized required roles: ['SUPERADMIN', 'ADMIN']
2025-01-16 11:14:29,516 - api.v1.auth.service - INFO - 686622b3-648f-42f6-9ea3-abba781f7cea
2025-01-16 11:14:29,860 - api.v1.auth.service - INFO - User found: None
2025-01-16 11:14:29,863 - api.v1.auth.service - ERROR - User not found
2025-01-16 11:14:29,866 - api.v1.auth.service - INFO - 686622b3-648f-42f6-9ea3-abba781f7cea
2025-01-16 11:14:30,204 - api.v1.auth.service - INFO - User found: <User(name='Ojogu Nkang', role='<Role(name='RoleEnum.ADMIN')>')>
2025-01-16 11:14:30,207 - api.v1.auth.service - INFO - Parsed user role: ADMIN
2025-01-16 11:14:30,211 - api.v1.auth.service - INFO - Permission granted for role: ADMIN
2025-01-16 11:14:30,217 - api.v1.auth.service - INFO - 686622b3-648f-42f6-9ea3-abba781f7cea
2025-01-16 11:14:30,502 - api.v1.auth.service - INFO - User found: <User(name='Ojogu Nkang', role='<Role(name='RoleEnum.ADMIN')>')>
2025-01-16 11:15:10,578 - api.v1.auth.service - INFO - Checking role permission for user
2025-01-16 11:15:10,667 - api.v1.auth.service - INFO - Normalized required roles: ['ADMIN']
2025-01-16 11:15:10,671 - api.v1.auth.service - INFO - 686622b3-648f-42f6-9ea3-abba781f7cea
2025-01-16 11:15:11,425 - api.v1.auth.service - INFO - User found: <User(name='Ojogu Nkang', role='<Role(name='RoleEnum.ADMIN')>')>
2025-01-16 11:15:11,428 - api.v1.auth.service - INFO - Parsed user role: ADMIN
2025-01-16 11:15:11,431 - api.v1.auth.service - INFO - Permission granted for role: ADMIN
2025-01-16 11:17:18,892 - api.v1.auth.service - INFO - Checking role permission for user
2025-01-16 11:17:18,895 - api.v1.auth.service - INFO - Normalized required roles: ['SUPERADMIN', 'ADMIN']
2025-01-16 11:17:18,899 - api.v1.auth.service - INFO - 686622b3-648f-42f6-9ea3-abba781f7cea
2025-01-16 11:17:19,435 - api.v1.auth.service - INFO - User found: None
2025-01-16 11:17:19,437 - api.v1.auth.service - ERROR - User not found
2025-01-16 11:17:19,441 - api.v1.auth.service - INFO - 686622b3-648f-42f6-9ea3-abba781f7cea
2025-01-16 11:17:19,843 - api.v1.auth.service - INFO - User found: <User(name='Ojogu Nkang', role='<Role(name='RoleEnum.ADMIN')>')>
2025-01-16 11:17:19,846 - api.v1.auth.service - INFO - Parsed user role: ADMIN
2025-01-16 11:17:19,850 - api.v1.auth.service - INFO - Permission granted for role: ADMIN
2025-01-16 11:17:19,857 - api.v1.auth.service - INFO - 686622b3-648f-42f6-9ea3-abba781f7cea
2025-01-16 11:17:19,946 - api.v1.auth.service - INFO - Checking role permission for user
2025-01-16 11:17:19,951 - api.v1.auth.service - INFO - Normalized required roles: ['SUPERADMIN', 'ADMIN']
2025-01-16 11:17:19,954 - api.v1.auth.service - INFO - 686622b3-648f-42f6-9ea3-abba781f7cea
2025-01-16 11:17:20,032 - api.v1.auth.service - INFO - User found: <User(name='Ojogu Nkang', role='<Role(name='RoleEnum.ADMIN')>')>
2025-01-16 11:17:20,173 - api.v1.auth.service - INFO - Checking role permission for user
2025-01-16 11:17:20,176 - api.v1.auth.service - INFO - Normalized required roles: ['SUPERADMIN', 'ADMIN', 'BURSAR', 'SUBADMIN', 'STUDENT']
2025-01-16 11:17:20,183 - api.v1.auth.service - INFO - 686622b3-648f-42f6-9ea3-abba781f7cea
2025-01-16 11:17:20,346 - api.v1.auth.service - INFO - User found: None
2025-01-16 11:17:20,350 - api.v1.auth.service - ERROR - User not found
2025-01-16 11:17:20,354 - api.v1.auth.service - INFO - 686622b3-648f-42f6-9ea3-abba781f7cea
2025-01-16 11:17:21,173 - api.v1.auth.service - INFO - User found: None
2025-01-16 11:17:21,175 - api.v1.auth.service - ERROR - User not found
2025-01-16 11:17:21,178 - api.v1.auth.service - INFO - 686622b3-648f-42f6-9ea3-abba781f7cea
2025-01-16 11:17:21,458 - api.v1.auth.service - INFO - User found: <User(name='Ojogu Nkang', role='<Role(name='RoleEnum.ADMIN')>')>
2025-01-16 11:17:21,461 - api.v1.auth.service - INFO - Parsed user role: ADMIN
2025-01-16 11:17:21,464 - api.v1.auth.service - INFO - Permission granted for role: ADMIN
2025-01-16 11:17:21,471 - api.v1.auth.service - INFO - 686622b3-648f-42f6-9ea3-abba781f7cea
2025-01-16 11:17:21,887 - api.v1.auth.service - INFO - User found: <User(name='Ojogu Nkang', role='<Role(name='RoleEnum.ADMIN')>')>
2025-01-16 11:17:21,889 - api.v1.auth.service - INFO - User found: <User(name='Ojogu Nkang', role='<Role(name='RoleEnum.ADMIN')>')>
2025-01-16 11:17:21,896 - api.v1.auth.service - INFO - Parsed user role: ADMIN
2025-01-16 11:17:21,901 - api.v1.auth.service - INFO - Permission granted for role: ADMIN
2025-01-16 11:17:21,907 - api.v1.auth.service - INFO - 686622b3-648f-42f6-9ea3-abba781f7cea
2025-01-16 11:17:22,076 - api.v1.auth.service - INFO - User found: <User(name='Ojogu Nkang', role='<Role(name='RoleEnum.ADMIN')>')>
2025-01-16 11:17:23,486 - api.v1.auth.service - INFO - Checking role permission for user
2025-01-16 11:17:23,489 - api.v1.auth.service - INFO - Normalized required roles: ['SUPERADMIN', 'ADMIN']
2025-01-16 11:17:23,492 - api.v1.auth.service - INFO - 686622b3-648f-42f6-9ea3-abba781f7cea
2025-01-16 11:17:23,837 - api.v1.auth.service - INFO - User found: None
2025-01-16 11:17:23,853 - api.v1.auth.service - ERROR - User not found
2025-01-16 11:17:23,876 - api.v1.auth.service - INFO - 686622b3-648f-42f6-9ea3-abba781f7cea
2025-01-16 11:17:24,330 - api.v1.auth.service - INFO - User found: <User(name='Ojogu Nkang', role='<Role(name='RoleEnum.ADMIN')>')>
2025-01-16 11:17:24,333 - api.v1.auth.service - INFO - Parsed user role: ADMIN
2025-01-16 11:17:24,336 - api.v1.auth.service - INFO - Permission granted for role: ADMIN
2025-01-16 11:17:24,341 - api.v1.auth.service - INFO - 686622b3-648f-42f6-9ea3-abba781f7cea
2025-01-16 11:17:24,521 - api.v1.auth.service - INFO - User found: <User(name='Ojogu Nkang', role='<Role(name='RoleEnum.ADMIN')>')>
2025-01-16 11:17:41,473 - api.v1.auth.service - INFO - Checking role permission for user
2025-01-16 11:17:41,643 - api.v1.auth.service - INFO - Checking role permission for user
2025-01-16 11:17:41,643 - api.v1.auth.service - INFO - Normalized required roles: ['SUPERADMIN', 'ADMIN']
2025-01-16 11:17:41,648 - api.v1.auth.service - INFO - Normalized required roles: ['SUPERADMIN', 'ADMIN']
2025-01-16 11:17:41,653 - api.v1.auth.service - INFO - 686622b3-648f-42f6-9ea3-abba781f7cea
2025-01-16 11:17:41,656 - api.v1.auth.service - INFO - 686622b3-648f-42f6-9ea3-abba781f7cea
2025-01-16 11:17:42,063 - api.v1.auth.service - INFO - User found: None
2025-01-16 11:17:42,064 - api.v1.auth.service - INFO - User found: None
2025-01-16 11:17:42,067 - api.v1.auth.service - ERROR - User not found
2025-01-16 11:17:42,070 - api.v1.auth.service - ERROR - User not found
2025-01-16 11:17:42,073 - api.v1.auth.service - INFO - 686622b3-648f-42f6-9ea3-abba781f7cea
2025-01-16 11:17:42,076 - api.v1.auth.service - INFO - 686622b3-648f-42f6-9ea3-abba781f7cea
2025-01-16 11:17:42,438 - api.v1.auth.service - INFO - User found: <User(name='Ojogu Nkang', role='<Role(name='RoleEnum.ADMIN')>')>
2025-01-16 11:17:42,438 - api.v1.auth.service - INFO - User found: <User(name='Ojogu Nkang', role='<Role(name='RoleEnum.ADMIN')>')>
2025-01-16 11:17:42,442 - api.v1.auth.service - INFO - Parsed user role: ADMIN
2025-01-16 11:17:42,443 - api.v1.auth.service - INFO - Parsed user role: ADMIN
2025-01-16 11:17:42,445 - api.v1.auth.service - INFO - Permission granted for role: ADMIN
2025-01-16 11:17:42,446 - api.v1.auth.service - INFO - Permission granted for role: ADMIN
2025-01-16 11:17:42,455 - api.v1.auth.service - INFO - 686622b3-648f-42f6-9ea3-abba781f7cea
2025-01-16 11:17:42,456 - api.v1.auth.service - INFO - 686622b3-648f-42f6-9ea3-abba781f7cea
2025-01-16 11:17:42,625 - api.v1.auth.service - INFO - Checking role permission for user
2025-01-16 11:17:42,629 - api.v1.auth.service - INFO - User found: <User(name='Ojogu Nkang', role='<Role(name='RoleEnum.ADMIN')>')>
2025-01-16 11:17:42,641 - api.v1.auth.service - INFO - Normalized required roles: ['SUPERADMIN', 'ADMIN', 'BURSAR', 'SUBADMIN', 'STUDENT']
2025-01-16 11:17:42,650 - api.v1.auth.service - INFO - User found: <User(name='Ojogu Nkang', role='<Role(name='RoleEnum.ADMIN')>')>
2025-01-16 11:17:42,655 - api.v1.auth.service - INFO - 686622b3-648f-42f6-9ea3-abba781f7cea
2025-01-16 11:17:43,002 - api.v1.auth.service - INFO - User found: None
2025-01-16 11:17:43,007 - api.v1.auth.service - ERROR - User not found
2025-01-16 11:17:43,011 - api.v1.auth.service - INFO - 686622b3-648f-42f6-9ea3-abba781f7cea
2025-01-16 11:17:43,358 - api.v1.auth.service - INFO - User found: <User(name='Ojogu Nkang', role='<Role(name='RoleEnum.ADMIN')>')>
2025-01-16 11:17:43,361 - api.v1.auth.service - INFO - Parsed user role: ADMIN
2025-01-16 11:17:43,364 - api.v1.auth.service - INFO - Permission granted for role: ADMIN
2025-01-16 11:17:43,374 - api.v1.auth.service - INFO - 686622b3-648f-42f6-9ea3-abba781f7cea
2025-01-16 11:17:43,548 - api.v1.auth.service - INFO - User found: <User(name='Ojogu Nkang', role='<Role(name='RoleEnum.ADMIN')>')>
2025-01-16 11:17:44,209 - api.v1.auth.service - INFO - Checking role permission for user
2025-01-16 11:17:44,212 - api.v1.auth.service - INFO - Normalized required roles: ['SUPERADMIN', 'ADMIN']
2025-01-16 11:17:44,224 - api.v1.auth.service - INFO - 686622b3-648f-42f6-9ea3-abba781f7cea
2025-01-16 11:17:44,584 - api.v1.auth.service - INFO - User found: None
2025-01-16 11:17:44,587 - api.v1.auth.service - ERROR - User not found
2025-01-16 11:17:44,590 - api.v1.auth.service - INFO - 686622b3-648f-42f6-9ea3-abba781f7cea
2025-01-16 11:17:45,204 - api.v1.auth.service - INFO - User found: <User(name='Ojogu Nkang', role='<Role(name='RoleEnum.ADMIN')>')>
2025-01-16 11:17:45,257 - api.v1.auth.service - INFO - Parsed user role: ADMIN
2025-01-16 11:17:45,260 - api.v1.auth.service - INFO - Permission granted for role: ADMIN
2025-01-16 11:17:45,275 - api.v1.auth.service - INFO - 686622b3-648f-42f6-9ea3-abba781f7cea
2025-01-16 11:17:45,447 - api.v1.auth.service - INFO - User found: <User(name='Ojogu Nkang', role='<Role(name='RoleEnum.ADMIN')>')>
2025-01-16 11:21:09,456 - api.v1.auth.service - INFO - Checking role permission for user
2025-01-16 11:21:09,461 - api.v1.auth.service - INFO - Normalized required roles: ['SUPERADMIN', 'ADMIN']
2025-01-16 11:21:09,465 - api.v1.auth.service - INFO - 686622b3-648f-42f6-9ea3-abba781f7cea
2025-01-16 11:21:11,220 - api.v1.auth.service - INFO - Checking role permission for user
2025-01-16 11:21:11,224 - api.v1.auth.service - INFO - Normalized required roles: ['SUPERADMIN', 'ADMIN']
2025-01-16 11:21:11,228 - api.v1.auth.service - INFO - 686622b3-648f-42f6-9ea3-abba781f7cea
2025-01-16 11:21:11,513 - api.v1.auth.service - INFO - Checking role permission for user
2025-01-16 11:21:11,522 - api.v1.auth.service - INFO - Normalized required roles: ['SUPERADMIN', 'ADMIN', 'BURSAR', 'SUBADMIN', 'STUDENT']
2025-01-16 11:21:11,535 - api.v1.auth.service - INFO - 686622b3-648f-42f6-9ea3-abba781f7cea
2025-01-16 11:21:13,259 - api.v1.auth.service - INFO - User found: None
2025-01-16 11:21:13,264 - api.v1.auth.service - ERROR - User not found
2025-01-16 11:21:13,266 - api.v1.auth.service - INFO - User found: None
2025-01-16 11:21:13,269 - api.v1.auth.service - INFO - 686622b3-648f-42f6-9ea3-abba781f7cea
2025-01-16 11:21:13,271 - api.v1.auth.service - ERROR - User not found
2025-01-16 11:21:13,292 - api.v1.auth.service - INFO - User found: None
2025-01-16 11:21:13,293 - api.v1.auth.service - INFO - 686622b3-648f-42f6-9ea3-abba781f7cea
2025-01-16 11:21:13,298 - api.v1.auth.service - ERROR - User not found
2025-01-16 11:21:13,307 - api.v1.auth.service - INFO - 686622b3-648f-42f6-9ea3-abba781f7cea
2025-01-16 11:21:13,706 - api.v1.auth.service - INFO - User found: <User(name='Ojogu Nkang', role='<Role(name='RoleEnum.ADMIN')>')>
2025-01-16 11:21:13,712 - api.v1.auth.service - INFO - User found: <User(name='Ojogu Nkang', role='<Role(name='RoleEnum.ADMIN')>')>
2025-01-16 11:21:13,713 - api.v1.auth.service - INFO - User found: <User(name='Ojogu Nkang', role='<Role(name='RoleEnum.ADMIN')>')>
2025-01-16 11:21:13,716 - api.v1.auth.service - INFO - Parsed user role: ADMIN
2025-01-16 11:21:13,718 - api.v1.auth.service - INFO - Parsed user role: ADMIN
2025-01-16 11:21:13,722 - api.v1.auth.service - INFO - Parsed user role: ADMIN
2025-01-16 11:21:13,725 - api.v1.auth.service - INFO - Permission granted for role: ADMIN
2025-01-16 11:21:13,727 - api.v1.auth.service - INFO - Permission granted for role: ADMIN
2025-01-16 11:21:13,729 - api.v1.auth.service - INFO - Permission granted for role: ADMIN
2025-01-16 11:21:13,743 - api.v1.auth.service - INFO - 686622b3-648f-42f6-9ea3-abba781f7cea
2025-01-16 11:21:13,744 - api.v1.auth.service - INFO - 686622b3-648f-42f6-9ea3-abba781f7cea
2025-01-16 11:21:13,746 - api.v1.auth.service - INFO - 686622b3-648f-42f6-9ea3-abba781f7cea
2025-01-16 11:21:13,913 - api.v1.auth.service - INFO - User found: <User(name='Ojogu Nkang', role='<Role(name='RoleEnum.ADMIN')>')>
2025-01-16 11:21:13,916 - api.v1.auth.service - INFO - User found: <User(name='Ojogu Nkang', role='<Role(name='RoleEnum.ADMIN')>')>
2025-01-16 11:21:13,937 - api.v1.auth.service - INFO - User found: <User(name='Ojogu Nkang', role='<Role(name='RoleEnum.ADMIN')>')>
2025-01-16 11:22:03,944 - api.v1.auth.service - INFO - Checking role permission for user
2025-01-16 11:22:03,952 - api.v1.auth.service - INFO - Normalized required roles: ['SUPERADMIN', 'ADMIN']
2025-01-16 11:22:03,960 - api.v1.auth.service - INFO - 686622b3-648f-42f6-9ea3-abba781f7cea
2025-01-16 11:22:04,301 - api.v1.auth.service - INFO - User found: None
2025-01-16 11:22:04,306 - api.v1.auth.service - ERROR - User not found
2025-01-16 11:22:04,309 - api.v1.auth.service - INFO - 686622b3-648f-42f6-9ea3-abba781f7cea
2025-01-16 11:22:04,646 - api.v1.auth.service - INFO - User found: <User(name='Ojogu Nkang', role='<Role(name='RoleEnum.ADMIN')>')>
2025-01-16 11:22:04,649 - api.v1.auth.service - INFO - Parsed user role: ADMIN
2025-01-16 11:22:04,652 - api.v1.auth.service - INFO - Permission granted for role: ADMIN
2025-01-16 11:22:04,663 - api.v1.auth.service - INFO - 686622b3-648f-42f6-9ea3-abba781f7cea
2025-01-16 11:22:04,870 - api.v1.auth.service - INFO - User found: <User(name='Ojogu Nkang', role='<Role(name='RoleEnum.ADMIN')>')>
2025-01-16 11:22:04,929 - api.v1.auth.service - INFO - Checking role permission for user
2025-01-16 11:22:04,938 - api.v1.auth.service - INFO - Normalized required roles: ['SUPERADMIN', 'ADMIN']
2025-01-16 11:22:04,942 - api.v1.auth.service - INFO - 686622b3-648f-42f6-9ea3-abba781f7cea
2025-01-16 11:22:05,308 - api.v1.auth.service - INFO - User found: None
2025-01-16 11:22:05,312 - api.v1.auth.service - ERROR - User not found
2025-01-16 11:22:05,315 - api.v1.auth.service - INFO - 686622b3-648f-42f6-9ea3-abba781f7cea
2025-01-16 11:22:05,642 - api.v1.auth.service - INFO - User found: <User(name='Ojogu Nkang', role='<Role(name='RoleEnum.ADMIN')>')>
2025-01-16 11:22:05,646 - api.v1.auth.service - INFO - Parsed user role: ADMIN
2025-01-16 11:22:05,649 - api.v1.auth.service - INFO - Permission granted for role: ADMIN
2025-01-16 11:22:05,657 - api.v1.auth.service - INFO - 686622b3-648f-42f6-9ea3-abba781f7cea
2025-01-16 11:22:05,830 - api.v1.auth.service - INFO - User found: <User(name='Ojogu Nkang', role='<Role(name='RoleEnum.ADMIN')>')>
2025-01-16 11:22:05,950 - api.v1.auth.service - INFO - Checking role permission for user
2025-01-16 11:22:05,954 - api.v1.auth.service - INFO - Normalized required roles: ['SUPERADMIN', 'ADMIN', 'BURSAR', 'SUBADMIN', 'STUDENT']
2025-01-16 11:22:05,959 - api.v1.auth.service - INFO - 686622b3-648f-42f6-9ea3-abba781f7cea
2025-01-16 11:22:06,246 - api.v1.auth.service - INFO - Checking role permission for user
2025-01-16 11:22:06,251 - api.v1.auth.service - INFO - Normalized required roles: ['SUPERADMIN', 'ADMIN']
2025-01-16 11:22:06,254 - api.v1.auth.service - INFO - 686622b3-648f-42f6-9ea3-abba781f7cea
2025-01-16 11:22:06,361 - api.v1.auth.service - INFO - User found: None
2025-01-16 11:22:06,367 - api.v1.auth.service - ERROR - User not found
2025-01-16 11:22:06,371 - api.v1.auth.service - INFO - 686622b3-648f-42f6-9ea3-abba781f7cea
2025-01-16 11:22:06,598 - api.v1.auth.service - INFO - User found: None
2025-01-16 11:22:06,604 - api.v1.auth.service - ERROR - User not found
2025-01-16 11:22:06,614 - api.v1.auth.service - INFO - 686622b3-648f-42f6-9ea3-abba781f7cea
2025-01-16 11:22:06,727 - api.v1.auth.service - INFO - User found: <User(name='Ojogu Nkang', role='<Role(name='RoleEnum.ADMIN')>')>
2025-01-16 11:22:06,731 - api.v1.auth.service - INFO - Parsed user role: ADMIN
2025-01-16 11:22:06,734 - api.v1.auth.service - INFO - Permission granted for role: ADMIN
2025-01-16 11:22:06,742 - api.v1.auth.service - INFO - 686622b3-648f-42f6-9ea3-abba781f7cea
2025-01-16 11:22:06,940 - api.v1.auth.service - INFO - User found: <User(name='Ojogu Nkang', role='<Role(name='RoleEnum.ADMIN')>')>
2025-01-16 11:22:07,021 - api.v1.auth.service - INFO - User found: <User(name='Ojogu Nkang', role='<Role(name='RoleEnum.ADMIN')>')>
2025-01-16 11:22:07,025 - api.v1.auth.service - INFO - Parsed user role: ADMIN
2025-01-16 11:22:07,028 - api.v1.auth.service - INFO - Permission granted for role: ADMIN
2025-01-16 11:22:07,035 - api.v1.auth.service - INFO - 686622b3-648f-42f6-9ea3-abba781f7cea
2025-01-16 11:22:07,334 - api.v1.auth.service - INFO - User found: <User(name='Ojogu Nkang', role='<Role(name='RoleEnum.ADMIN')>')>
2025-01-16 11:22:29,526 - api.v1.auth.service - INFO - Checking role permission for user
2025-01-16 11:22:29,553 - api.v1.auth.service - INFO - Normalized required roles: ['ADMIN']
2025-01-16 11:22:29,564 - api.v1.auth.service - INFO - 686622b3-648f-42f6-9ea3-abba781f7cea
2025-01-16 11:22:30,076 - api.v1.auth.service - INFO - User found: <User(name='Ojogu Nkang', role='<Role(name='RoleEnum.ADMIN')>')>
2025-01-16 11:22:30,085 - api.v1.auth.service - INFO - Parsed user role: ADMIN
2025-01-16 11:22:30,097 - api.v1.auth.service - INFO - Permission granted for role: ADMIN
2025-01-16 11:23:00,187 - api.v1.auth.service - INFO - Checking role permission for user
2025-01-16 11:23:00,198 - api.v1.auth.service - INFO - Normalized required roles: ['SUPERADMIN', 'ADMIN']
2025-01-16 11:23:00,203 - api.v1.auth.service - INFO - 686622b3-648f-42f6-9ea3-abba781f7cea
2025-01-16 11:23:00,278 - api.v1.auth.service - INFO - Checking role permission for user
2025-01-16 11:23:00,282 - api.v1.auth.service - INFO - Normalized required roles: ['SUPERADMIN', 'ADMIN', 'BURSAR', 'SUBADMIN', 'STUDENT']
2025-01-16 11:23:00,286 - api.v1.auth.service - INFO - 686622b3-648f-42f6-9ea3-abba781f7cea
2025-01-16 11:23:00,551 - api.v1.auth.service - INFO - User found: None
2025-01-16 11:23:00,554 - api.v1.auth.service - ERROR - User not found
2025-01-16 11:23:00,559 - api.v1.auth.service - INFO - 686622b3-648f-42f6-9ea3-abba781f7cea
2025-01-16 11:23:00,634 - api.v1.auth.service - INFO - User found: None
2025-01-16 11:23:00,640 - api.v1.auth.service - ERROR - User not found
2025-01-16 11:23:00,645 - api.v1.auth.service - INFO - 686622b3-648f-42f6-9ea3-abba781f7cea
2025-01-16 11:23:00,912 - api.v1.auth.service - INFO - User found: <User(name='Ojogu Nkang', role='<Role(name='RoleEnum.ADMIN')>')>
2025-01-16 11:23:00,915 - api.v1.auth.service - INFO - Parsed user role: ADMIN
2025-01-16 11:23:00,918 - api.v1.auth.service - INFO - Permission granted for role: ADMIN
2025-01-16 11:23:00,927 - api.v1.auth.service - INFO - 686622b3-648f-42f6-9ea3-abba781f7cea
2025-01-16 11:23:01,027 - api.v1.auth.service - INFO - User found: <User(name='Ojogu Nkang', role='<Role(name='RoleEnum.ADMIN')>')>
2025-01-16 11:23:01,030 - api.v1.auth.service - INFO - Parsed user role: ADMIN
2025-01-16 11:23:01,033 - api.v1.auth.service - INFO - Permission granted for role: ADMIN
2025-01-16 11:23:01,040 - api.v1.auth.service - INFO - 686622b3-648f-42f6-9ea3-abba781f7cea
2025-01-16 11:23:01,165 - api.v1.auth.service - INFO - User found: <User(name='Ojogu Nkang', role='<Role(name='RoleEnum.ADMIN')>')>
2025-01-16 11:23:01,214 - api.v1.auth.service - INFO - User found: <User(name='Ojogu Nkang', role='<Role(name='RoleEnum.ADMIN')>')>
2025-01-16 11:23:01,255 - api.v1.auth.service - INFO - Checking role permission for user
2025-01-16 11:23:01,260 - api.v1.auth.service - INFO - Normalized required roles: ['SUPERADMIN', 'ADMIN']
2025-01-16 11:23:01,264 - api.v1.auth.service - INFO - 686622b3-648f-42f6-9ea3-abba781f7cea
2025-01-16 11:23:01,596 - api.v1.auth.service - INFO - User found: None
2025-01-16 11:23:01,643 - api.v1.auth.service - ERROR - User not found
2025-01-16 11:23:01,648 - api.v1.auth.service - INFO - 686622b3-648f-42f6-9ea3-abba781f7cea
2025-01-16 11:23:02,004 - api.v1.auth.service - INFO - User found: <User(name='Ojogu Nkang', role='<Role(name='RoleEnum.ADMIN')>')>
2025-01-16 11:23:02,009 - api.v1.auth.service - INFO - Parsed user role: ADMIN
2025-01-16 11:23:02,013 - api.v1.auth.service - INFO - Permission granted for role: ADMIN
2025-01-16 11:23:02,020 - api.v1.auth.service - INFO - 686622b3-648f-42f6-9ea3-abba781f7cea
2025-01-16 11:23:02,247 - api.v1.auth.service - INFO - User found: <User(name='Ojogu Nkang', role='<Role(name='RoleEnum.ADMIN')>')>
2025-01-16 11:23:03,994 - api.v1.auth.service - INFO - Checking role permission for user
2025-01-16 11:23:03,998 - api.v1.auth.service - INFO - Normalized required roles: ['SUPERADMIN', 'ADMIN']
2025-01-16 11:23:04,002 - api.v1.auth.service - INFO - 686622b3-648f-42f6-9ea3-abba781f7cea
2025-01-16 11:23:04,343 - api.v1.auth.service - INFO - User found: None
2025-01-16 11:23:04,348 - api.v1.auth.service - ERROR - User not found
2025-01-16 11:23:04,351 - api.v1.auth.service - INFO - 686622b3-648f-42f6-9ea3-abba781f7cea
2025-01-16 11:23:04,704 - api.v1.auth.service - INFO - User found: <User(name='Ojogu Nkang', role='<Role(name='RoleEnum.ADMIN')>')>
2025-01-16 11:23:04,708 - api.v1.auth.service - INFO - Parsed user role: ADMIN
2025-01-16 11:23:04,711 - api.v1.auth.service - INFO - Permission granted for role: ADMIN
2025-01-16 11:23:04,719 - api.v1.auth.service - INFO - 686622b3-648f-42f6-9ea3-abba781f7cea
2025-01-16 11:23:04,931 - api.v1.auth.service - INFO - User found: <User(name='Ojogu Nkang', role='<Role(name='RoleEnum.ADMIN')>')>
2025-01-16 11:24:04,685 - api.v1.auth.service - INFO - Checking role permission for user
2025-01-16 11:24:04,688 - api.v1.auth.service - INFO - Normalized required roles: ['SUPERADMIN', 'ADMIN']
2025-01-16 11:24:04,694 - api.v1.auth.service - INFO - 686622b3-648f-42f6-9ea3-abba781f7cea
2025-01-16 11:24:06,698 - api.v1.auth.service - INFO - Checking role permission for user
2025-01-16 11:24:06,708 - api.v1.auth.service - INFO - Normalized required roles: ['SUPERADMIN', 'ADMIN']
2025-01-16 11:24:06,714 - api.v1.auth.service - INFO - 686622b3-648f-42f6-9ea3-abba781f7cea
2025-01-16 11:24:07,246 - api.v1.auth.service - INFO - Checking role permission for user
2025-01-16 11:24:07,250 - api.v1.auth.service - INFO - Normalized required roles: ['SUPERADMIN', 'ADMIN', 'BURSAR', 'SUBADMIN', 'STUDENT']
2025-01-16 11:24:07,254 - api.v1.auth.service - INFO - 686622b3-648f-42f6-9ea3-abba781f7cea
2025-01-16 11:24:12,941 - api.v1.auth.service - INFO - User found: None
2025-01-16 11:24:12,946 - api.v1.auth.service - ERROR - User not found
2025-01-16 11:24:12,950 - api.v1.auth.service - INFO - 686622b3-648f-42f6-9ea3-abba781f7cea
2025-01-16 11:24:12,968 - api.v1.auth.service - INFO - User found: None
2025-01-16 11:24:12,972 - api.v1.auth.service - ERROR - User not found
2025-01-16 11:24:12,978 - api.v1.auth.service - INFO - 686622b3-648f-42f6-9ea3-abba781f7cea
2025-01-16 11:24:12,984 - api.v1.auth.service - INFO - User found: None
2025-01-16 11:24:12,988 - api.v1.auth.service - ERROR - User not found
2025-01-16 11:24:12,992 - api.v1.auth.service - INFO - 686622b3-648f-42f6-9ea3-abba781f7cea
2025-01-16 11:24:13,389 - api.v1.auth.service - INFO - User found: <User(name='Ojogu Nkang', role='<Role(name='RoleEnum.ADMIN')>')>
2025-01-16 11:24:13,393 - api.v1.auth.service - INFO - Parsed user role: ADMIN
2025-01-16 11:24:13,398 - api.v1.auth.service - INFO - Permission granted for role: ADMIN
2025-01-16 11:24:13,408 - api.v1.auth.service - INFO - 686622b3-648f-42f6-9ea3-abba781f7cea
2025-01-16 11:24:13,444 - api.v1.auth.service - INFO - User found: <User(name='Ojogu Nkang', role='<Role(name='RoleEnum.ADMIN')>')>
2025-01-16 11:24:13,448 - api.v1.auth.service - INFO - Parsed user role: ADMIN
2025-01-16 11:24:13,452 - api.v1.auth.service - INFO - Permission granted for role: ADMIN
2025-01-16 11:24:13,465 - api.v1.auth.service - INFO - 686622b3-648f-42f6-9ea3-abba781f7cea
2025-01-16 11:24:13,627 - api.v1.auth.service - INFO - User found: <User(name='Ojogu Nkang', role='<Role(name='RoleEnum.ADMIN')>')>
2025-01-16 11:24:13,628 - api.v1.auth.service - INFO - User found: <User(name='Ojogu Nkang', role='<Role(name='RoleEnum.ADMIN')>')>
2025-01-16 11:24:13,636 - api.v1.auth.service - INFO - Parsed user role: ADMIN
2025-01-16 11:24:13,639 - api.v1.auth.service - INFO - Permission granted for role: ADMIN
2025-01-16 11:24:13,647 - api.v1.auth.service - INFO - 686622b3-648f-42f6-9ea3-abba781f7cea
2025-01-16 11:24:13,656 - api.v1.auth.service - INFO - User found: <User(name='Ojogu Nkang', role='<Role(name='RoleEnum.ADMIN')>')>
2025-01-16 11:24:13,828 - api.v1.auth.service - INFO - User found: <User(name='Ojogu Nkang', role='<Role(name='RoleEnum.ADMIN')>')>
2025-01-16 11:24:16,538 - api.v1.auth.service - INFO - Checking role permission for user
2025-01-16 11:24:16,542 - api.v1.auth.service - INFO - Normalized required roles: ['SUPERADMIN', 'ADMIN']
2025-01-16 11:24:16,548 - api.v1.auth.service - INFO - 686622b3-648f-42f6-9ea3-abba781f7cea
2025-01-16 11:24:17,038 - api.v1.auth.service - INFO - User found: None
2025-01-16 11:24:17,042 - api.v1.auth.service - ERROR - User not found
2025-01-16 11:24:17,047 - api.v1.auth.service - INFO - 686622b3-648f-42f6-9ea3-abba781f7cea
2025-01-16 11:24:17,419 - api.v1.auth.service - INFO - User found: <User(name='Ojogu Nkang', role='<Role(name='RoleEnum.ADMIN')>')>
2025-01-16 11:24:17,422 - api.v1.auth.service - INFO - Parsed user role: ADMIN
2025-01-16 11:24:17,428 - api.v1.auth.service - INFO - Permission granted for role: ADMIN
2025-01-16 11:24:17,435 - api.v1.auth.service - INFO - 686622b3-648f-42f6-9ea3-abba781f7cea
2025-01-16 11:24:17,940 - api.v1.auth.service - INFO - User found: <User(name='Ojogu Nkang', role='<Role(name='RoleEnum.ADMIN')>')>
2025-01-16 11:24:35,061 - api.v1.auth.service - INFO - Checking role permission for user
2025-01-16 11:24:35,065 - api.v1.auth.service - INFO - Normalized required roles: ['ADMIN']
2025-01-16 11:24:35,070 - api.v1.auth.service - INFO - 686622b3-648f-42f6-9ea3-abba781f7cea
2025-01-16 11:24:35,587 - api.v1.auth.service - INFO - User found: <User(name='Ojogu Nkang', role='<Role(name='RoleEnum.ADMIN')>')>
2025-01-16 11:24:35,591 - api.v1.auth.service - INFO - Parsed user role: ADMIN
2025-01-16 11:24:35,595 - api.v1.auth.service - INFO - Permission granted for role: ADMIN
2025-01-16 11:24:36,397 - api.v1.auth.service - INFO - 686622b3-648f-42f6-9ea3-abba781f7cea
2025-01-16 11:24:36,574 - api.v1.auth.service - INFO - User found: <User(name='Ojogu Nkang', role='<Role(name='RoleEnum.ADMIN')>')>
2025-01-16 11:24:36,801 - api.v1.auth.service - ERROR - Unexpected error while checking permissions: 'department'
2025-01-16 11:34:50,633 - api.v1.auth.service - INFO - User found: <User(name='Ojogu Nkang', role='<Role(name='RoleEnum.ADMIN')>')>
2025-01-16 11:34:51,334 - api.v1.auth.service - INFO - User authenticated
2025-01-16 11:34:56,124 - api.v1.auth.service - INFO - Checking role permission for user
2025-01-16 11:34:56,128 - api.v1.auth.service - INFO - Normalized required roles: ['SUPERADMIN', 'ADMIN']
2025-01-16 11:34:56,131 - api.v1.auth.service - INFO - 686622b3-648f-42f6-9ea3-abba781f7cea
2025-01-16 11:34:56,185 - api.v1.auth.service - INFO - Checking role permission for user
2025-01-16 11:34:56,189 - api.v1.auth.service - INFO - Normalized required roles: ['SUPERADMIN', 'ADMIN']
2025-01-16 11:34:56,193 - api.v1.auth.service - INFO - 686622b3-648f-42f6-9ea3-abba781f7cea
2025-01-16 11:35:01,116 - api.v1.auth.service - INFO - Checking role permission for user
2025-01-16 11:35:01,121 - api.v1.auth.service - INFO - Normalized required roles: ['SUPERADMIN', 'ADMIN', 'BURSAR', 'SUBADMIN', 'STUDENT']
2025-01-16 11:35:01,125 - api.v1.auth.service - INFO - 686622b3-648f-42f6-9ea3-abba781f7cea
2025-01-16 11:35:09,074 - api.v1.auth.service - INFO - User found: None
2025-01-16 11:35:09,078 - api.v1.auth.service - ERROR - User not found
2025-01-16 11:35:09,082 - api.v1.auth.service - INFO - 686622b3-648f-42f6-9ea3-abba781f7cea
2025-01-16 11:35:21,840 - api.v1.auth.service - INFO - User found: <User(name='Ojogu Nkang', role='<Role(name='RoleEnum.ADMIN')>')>
2025-01-16 11:35:21,844 - api.v1.auth.service - INFO - Parsed user role: ADMIN
2025-01-16 11:35:21,848 - api.v1.auth.service - INFO - Permission granted for role: ADMIN
2025-01-16 11:35:21,855 - api.v1.auth.service - INFO - 686622b3-648f-42f6-9ea3-abba781f7cea
2025-01-16 11:35:22,193 - api.v1.auth.service - INFO - User found: <User(name='Ojogu Nkang', role='<Role(name='RoleEnum.ADMIN')>')>
2025-01-16 11:35:22,714 - api.v1.auth.service - INFO - User found: None
2025-01-16 11:35:22,719 - api.v1.auth.service - ERROR - User not found
2025-01-16 11:35:22,722 - api.v1.auth.service - INFO - 686622b3-648f-42f6-9ea3-abba781f7cea
2025-01-16 11:35:22,917 - api.v1.auth.service - INFO - User found: None
2025-01-16 11:35:22,923 - api.v1.auth.service - ERROR - User not found
2025-01-16 11:35:22,927 - api.v1.auth.service - INFO - 686622b3-648f-42f6-9ea3-abba781f7cea
2025-01-16 11:35:23,121 - api.v1.auth.service - INFO - User found: <User(name='Ojogu Nkang', role='<Role(name='RoleEnum.ADMIN')>')>
2025-01-16 11:35:23,125 - api.v1.auth.service - INFO - Parsed user role: ADMIN
2025-01-16 11:35:23,129 - api.v1.auth.service - INFO - Permission granted for role: ADMIN
2025-01-16 11:35:23,137 - api.v1.auth.service - INFO - 686622b3-648f-42f6-9ea3-abba781f7cea
2025-01-16 11:35:23,275 - api.v1.auth.service - INFO - User found: <User(name='Ojogu Nkang', role='<Role(name='RoleEnum.ADMIN')>')>
2025-01-16 11:35:23,280 - api.v1.auth.service - INFO - Parsed user role: ADMIN
2025-01-16 11:35:23,284 - api.v1.auth.service - INFO - Permission granted for role: ADMIN
2025-01-16 11:35:23,294 - api.v1.auth.service - INFO - 686622b3-648f-42f6-9ea3-abba781f7cea
2025-01-16 11:35:23,305 - api.v1.auth.service - INFO - User found: <User(name='Ojogu Nkang', role='<Role(name='RoleEnum.ADMIN')>')>
2025-01-16 11:35:23,511 - api.v1.auth.service - INFO - User found: <User(name='Ojogu Nkang', role='<Role(name='RoleEnum.ADMIN')>')>
2025-01-16 11:35:25,148 - api.v1.auth.service - INFO - Checking role permission for user
2025-01-16 11:35:25,151 - api.v1.auth.service - INFO - Normalized required roles: ['SUPERADMIN', 'ADMIN']
2025-01-16 11:35:25,155 - api.v1.auth.service - INFO - 686622b3-648f-42f6-9ea3-abba781f7cea
2025-01-16 11:35:27,657 - api.v1.auth.service - INFO - User found: None
2025-01-16 11:35:27,660 - api.v1.auth.service - ERROR - User not found
2025-01-16 11:35:27,664 - api.v1.auth.service - INFO - 686622b3-648f-42f6-9ea3-abba781f7cea
2025-01-16 11:35:34,185 - api.v1.auth.service - INFO - User found: <User(name='Ojogu Nkang', role='<Role(name='RoleEnum.ADMIN')>')>
2025-01-16 11:35:34,190 - api.v1.auth.service - INFO - Parsed user role: ADMIN
2025-01-16 11:35:34,193 - api.v1.auth.service - INFO - Permission granted for role: ADMIN
2025-01-16 11:35:34,203 - api.v1.auth.service - INFO - 686622b3-648f-42f6-9ea3-abba781f7cea
2025-01-16 11:35:38,041 - api.v1.auth.service - INFO - User found: <User(name='Ojogu Nkang', role='<Role(name='RoleEnum.ADMIN')>')>
2025-01-16 11:36:06,459 - api.v1.auth.service - INFO - Checking role permission for user
2025-01-16 11:36:06,463 - api.v1.auth.service - INFO - Normalized required roles: ['ADMIN']
2025-01-16 11:36:06,466 - api.v1.auth.service - INFO - 686622b3-648f-42f6-9ea3-abba781f7cea
2025-01-16 11:36:17,383 - api.v1.auth.service - INFO - User found: <User(name='Ojogu Nkang', role='<Role(name='RoleEnum.ADMIN')>')>
2025-01-16 11:36:17,391 - api.v1.auth.service - INFO - Parsed user role: ADMIN
2025-01-16 11:36:17,396 - api.v1.auth.service - INFO - Permission granted for role: ADMIN
2025-01-16 11:36:18,903 - api.v1.auth.service - INFO - 686622b3-648f-42f6-9ea3-abba781f7cea
2025-01-16 11:36:24,135 - api.v1.auth.service - INFO - User found: <User(name='Ojogu Nkang', role='<Role(name='RoleEnum.ADMIN')>')>
2025-01-16 11:36:58,992 - api.v1.auth.service - INFO - Checking role permission for user
2025-01-16 11:36:58,996 - api.v1.auth.service - INFO - Normalized required roles: ['SUPERADMIN', 'ADMIN', 'BURSAR', 'SUBADMIN', 'STUDENT']
2025-01-16 11:36:58,999 - api.v1.auth.service - INFO - 686622b3-648f-42f6-9ea3-abba781f7cea
2025-01-16 11:36:59,170 - api.v1.auth.service - INFO - Checking role permission for user
2025-01-16 11:36:59,174 - api.v1.auth.service - INFO - Normalized required roles: ['SUPERADMIN', 'ADMIN']
2025-01-16 11:36:59,177 - api.v1.auth.service - INFO - 686622b3-648f-42f6-9ea3-abba781f7cea
2025-01-16 11:36:59,266 - api.v1.auth.service - INFO - Checking role permission for user
2025-01-16 11:36:59,275 - api.v1.auth.service - INFO - Normalized required roles: ['SUPERADMIN', 'ADMIN']
2025-01-16 11:36:59,278 - api.v1.auth.service - INFO - 686622b3-648f-42f6-9ea3-abba781f7cea
2025-01-16 11:36:59,422 - api.v1.auth.service - INFO - User found: None
2025-01-16 11:36:59,425 - api.v1.auth.service - ERROR - User not found
2025-01-16 11:36:59,429 - api.v1.auth.service - INFO - 686622b3-648f-42f6-9ea3-abba781f7cea
2025-01-16 11:36:59,596 - api.v1.auth.service - INFO - User found: None
2025-01-16 11:36:59,601 - api.v1.auth.service - ERROR - User not found
2025-01-16 11:36:59,606 - api.v1.auth.service - INFO - 686622b3-648f-42f6-9ea3-abba781f7cea
2025-01-16 11:36:59,661 - api.v1.auth.service - INFO - User found: None
2025-01-16 11:36:59,666 - api.v1.auth.service - ERROR - User not found
2025-01-16 11:36:59,670 - api.v1.auth.service - INFO - 686622b3-648f-42f6-9ea3-abba781f7cea
2025-01-16 11:36:59,961 - api.v1.auth.service - INFO - User found: <User(name='Ojogu Nkang', role='<Role(name='RoleEnum.ADMIN')>')>
2025-01-16 11:36:59,967 - api.v1.auth.service - INFO - Parsed user role: ADMIN
2025-01-16 11:36:59,971 - api.v1.auth.service - INFO - Permission granted for role: ADMIN
2025-01-16 11:36:59,978 - api.v1.auth.service - INFO - 686622b3-648f-42f6-9ea3-abba781f7cea
2025-01-16 11:37:00,013 - api.v1.auth.service - INFO - User found: <User(name='Ojogu Nkang', role='<Role(name='RoleEnum.ADMIN')>')>
2025-01-16 11:37:00,020 - api.v1.auth.service - INFO - Parsed user role: ADMIN
2025-01-16 11:37:00,024 - api.v1.auth.service - INFO - Permission granted for role: ADMIN
2025-01-16 11:37:00,033 - api.v1.auth.service - INFO - 686622b3-648f-42f6-9ea3-abba781f7cea
2025-01-16 11:37:00,206 - api.v1.auth.service - INFO - User found: <User(name='Ojogu Nkang', role='<Role(name='RoleEnum.ADMIN')>')>
2025-01-16 11:37:00,217 - api.v1.auth.service - INFO - User found: <User(name='Ojogu Nkang', role='<Role(name='RoleEnum.ADMIN')>')>
2025-01-16 11:37:00,221 - api.v1.auth.service - INFO - Parsed user role: ADMIN
2025-01-16 11:37:00,225 - api.v1.auth.service - INFO - Permission granted for role: ADMIN
2025-01-16 11:37:00,233 - api.v1.auth.service - INFO - 686622b3-648f-42f6-9ea3-abba781f7cea
2025-01-16 11:37:01,479 - api.v1.auth.service - INFO - User found: <User(name='Ojogu Nkang', role='<Role(name='RoleEnum.ADMIN')>')>
2025-01-16 11:37:01,775 - api.v1.auth.service - INFO - User found: <User(name='Ojogu Nkang', role='<Role(name='RoleEnum.ADMIN')>')>
2025-01-16 11:37:04,550 - api.v1.auth.service - INFO - Checking role permission for user
2025-01-16 11:37:04,554 - api.v1.auth.service - INFO - Normalized required roles: ['SUPERADMIN', 'ADMIN']
2025-01-16 11:37:04,558 - api.v1.auth.service - INFO - 686622b3-648f-42f6-9ea3-abba781f7cea
2025-01-16 11:37:04,959 - api.v1.auth.service - INFO - User found: None
2025-01-16 11:37:04,963 - api.v1.auth.service - ERROR - User not found
2025-01-16 11:37:04,967 - api.v1.auth.service - INFO - 686622b3-648f-42f6-9ea3-abba781f7cea
2025-01-16 11:37:05,328 - api.v1.auth.service - INFO - User found: <User(name='Ojogu Nkang', role='<Role(name='RoleEnum.ADMIN')>')>
2025-01-16 11:37:05,333 - api.v1.auth.service - INFO - Parsed user role: ADMIN
2025-01-16 11:37:05,337 - api.v1.auth.service - INFO - Permission granted for role: ADMIN
2025-01-16 11:37:05,346 - api.v1.auth.service - INFO - 686622b3-648f-42f6-9ea3-abba781f7cea
2025-01-16 11:37:05,530 - api.v1.auth.service - INFO - User found: <User(name='Ojogu Nkang', role='<Role(name='RoleEnum.ADMIN')>')>
2025-01-16 11:37:43,513 - api.v1.auth.service - INFO - Checking role permission for user
2025-01-16 11:37:43,517 - api.v1.auth.service - INFO - Normalized required roles: ['SUPERADMIN', 'ADMIN']
2025-01-16 11:37:43,521 - api.v1.auth.service - INFO - 686622b3-648f-42f6-9ea3-abba781f7cea
2025-01-16 11:37:43,774 - api.v1.auth.service - INFO - Checking role permission for user
2025-01-16 11:37:43,778 - api.v1.auth.service - INFO - Normalized required roles: ['SUPERADMIN', 'ADMIN', 'BURSAR', 'SUBADMIN', 'STUDENT']
2025-01-16 11:37:43,781 - api.v1.auth.service - INFO - 686622b3-648f-42f6-9ea3-abba781f7cea
2025-01-16 11:37:43,886 - api.v1.auth.service - INFO - User found: None
2025-01-16 11:37:43,888 - api.v1.auth.service - ERROR - User not found
2025-01-16 11:37:43,890 - api.v1.auth.service - INFO - 686622b3-648f-42f6-9ea3-abba781f7cea
2025-01-16 11:37:44,312 - api.v1.auth.service - INFO - User found: None
2025-01-16 11:37:44,318 - api.v1.auth.service - ERROR - User not found
2025-01-16 11:37:44,321 - api.v1.auth.service - INFO - 686622b3-648f-42f6-9ea3-abba781f7cea
2025-01-16 11:37:44,330 - api.v1.auth.service - INFO - User found: <User(name='Ojogu Nkang', role='<Role(name='RoleEnum.ADMIN')>')>
2025-01-16 11:37:44,333 - api.v1.auth.service - INFO - Parsed user role: ADMIN
2025-01-16 11:37:44,339 - api.v1.auth.service - INFO - Permission granted for role: ADMIN
2025-01-16 11:37:44,345 - api.v1.auth.service - INFO - 686622b3-648f-42f6-9ea3-abba781f7cea
2025-01-16 11:37:44,578 - api.v1.auth.service - INFO - User found: <User(name='Ojogu Nkang', role='<Role(name='RoleEnum.ADMIN')>')>
2025-01-16 11:37:44,664 - api.v1.auth.service - INFO - User found: <User(name='Ojogu Nkang', role='<Role(name='RoleEnum.ADMIN')>')>
2025-01-16 11:37:44,667 - api.v1.auth.service - INFO - Parsed user role: ADMIN
2025-01-16 11:37:44,670 - api.v1.auth.service - INFO - Permission granted for role: ADMIN
2025-01-16 11:37:44,676 - api.v1.auth.service - INFO - 686622b3-648f-42f6-9ea3-abba781f7cea
2025-01-16 11:37:44,872 - api.v1.auth.service - INFO - User found: <User(name='Ojogu Nkang', role='<Role(name='RoleEnum.ADMIN')>')>
2025-01-16 11:37:46,669 - api.v1.auth.service - INFO - Checking role permission for user
2025-01-16 11:37:46,673 - api.v1.auth.service - INFO - Normalized required roles: ['SUPERADMIN', 'ADMIN']
2025-01-16 11:37:46,675 - api.v1.auth.service - INFO - 686622b3-648f-42f6-9ea3-abba781f7cea
2025-01-16 11:37:47,123 - api.v1.auth.service - INFO - User found: None
2025-01-16 11:37:47,126 - api.v1.auth.service - ERROR - User not found
2025-01-16 11:37:47,130 - api.v1.auth.service - INFO - 686622b3-648f-42f6-9ea3-abba781f7cea
2025-01-16 11:37:47,485 - api.v1.auth.service - INFO - User found: <User(name='Ojogu Nkang', role='<Role(name='RoleEnum.ADMIN')>')>
2025-01-16 11:37:47,488 - api.v1.auth.service - INFO - Parsed user role: ADMIN
2025-01-16 11:37:47,492 - api.v1.auth.service - INFO - Permission granted for role: ADMIN
2025-01-16 11:37:47,499 - api.v1.auth.service - INFO - 686622b3-648f-42f6-9ea3-abba781f7cea
2025-01-16 11:37:47,686 - api.v1.auth.service - INFO - User found: <User(name='Ojogu Nkang', role='<Role(name='RoleEnum.ADMIN')>')>
2025-01-16 11:37:49,987 - api.v1.auth.service - INFO - Checking role permission for user
2025-01-16 11:37:49,990 - api.v1.auth.service - INFO - Normalized required roles: ['SUPERADMIN', 'ADMIN']
2025-01-16 11:37:49,993 - api.v1.auth.service - INFO - 686622b3-648f-42f6-9ea3-abba781f7cea
2025-01-16 11:37:50,314 - api.v1.auth.service - INFO - User found: None
2025-01-16 11:37:50,319 - api.v1.auth.service - ERROR - User not found
2025-01-16 11:37:50,322 - api.v1.auth.service - INFO - 686622b3-648f-42f6-9ea3-abba781f7cea
2025-01-16 11:37:50,703 - api.v1.auth.service - INFO - User found: <User(name='Ojogu Nkang', role='<Role(name='RoleEnum.ADMIN')>')>
2025-01-16 11:37:50,706 - api.v1.auth.service - INFO - Parsed user role: ADMIN
2025-01-16 11:37:50,709 - api.v1.auth.service - INFO - Permission granted for role: ADMIN
2025-01-16 11:37:50,714 - api.v1.auth.service - INFO - 686622b3-648f-42f6-9ea3-abba781f7cea
2025-01-16 11:37:50,912 - api.v1.auth.service - INFO - User found: <User(name='Ojogu Nkang', role='<Role(name='RoleEnum.ADMIN')>')>
2025-01-16 11:38:03,498 - api.v1.auth.service - INFO - Checking role permission for user
2025-01-16 11:38:03,503 - api.v1.auth.service - INFO - Normalized required roles: ['SUPERADMIN', 'ADMIN']
2025-01-16 11:38:03,507 - api.v1.auth.service - INFO - 686622b3-648f-42f6-9ea3-abba781f7cea
2025-01-16 11:38:04,483 - api.v1.auth.service - INFO - User found: None
2025-01-16 11:38:04,486 - api.v1.auth.service - ERROR - User not found
2025-01-16 11:38:04,489 - api.v1.auth.service - INFO - 686622b3-648f-42f6-9ea3-abba781f7cea
2025-01-16 11:38:04,745 - api.v1.auth.service - INFO - Checking role permission for user
2025-01-16 11:38:04,749 - api.v1.auth.service - INFO - Normalized required roles: ['SUPERADMIN', 'ADMIN']
2025-01-16 11:38:04,754 - api.v1.auth.service - INFO - 686622b3-648f-42f6-9ea3-abba781f7cea
2025-01-16 11:38:04,844 - api.v1.auth.service - INFO - User found: <User(name='Ojogu Nkang', role='<Role(name='RoleEnum.ADMIN')>')>
2025-01-16 11:38:04,848 - api.v1.auth.service - INFO - Parsed user role: ADMIN
2025-01-16 11:38:04,852 - api.v1.auth.service - INFO - Permission granted for role: ADMIN
2025-01-16 11:38:04,860 - api.v1.auth.service - INFO - 686622b3-648f-42f6-9ea3-abba781f7cea
2025-01-16 11:38:05,034 - api.v1.auth.service - INFO - User found: <User(name='Ojogu Nkang', role='<Role(name='RoleEnum.ADMIN')>')>
2025-01-16 11:38:05,111 - api.v1.auth.service - INFO - User found: None
2025-01-16 11:38:05,113 - api.v1.auth.service - ERROR - User not found
2025-01-16 11:38:05,116 - api.v1.auth.service - INFO - 686622b3-648f-42f6-9ea3-abba781f7cea
2025-01-16 11:38:05,698 - api.v1.auth.service - INFO - User found: <User(name='Ojogu Nkang', role='<Role(name='RoleEnum.ADMIN')>')>
2025-01-16 11:38:05,701 - api.v1.auth.service - INFO - Parsed user role: ADMIN
2025-01-16 11:38:05,704 - api.v1.auth.service - INFO - Permission granted for role: ADMIN
2025-01-16 11:38:05,710 - api.v1.auth.service - INFO - 686622b3-648f-42f6-9ea3-abba781f7cea
2025-01-16 11:38:05,925 - api.v1.auth.service - INFO - User found: <User(name='Ojogu Nkang', role='<Role(name='RoleEnum.ADMIN')>')>
2025-01-16 11:38:06,447 - api.v1.auth.service - INFO - Checking role permission for user
2025-01-16 11:38:06,451 - api.v1.auth.service - INFO - Normalized required roles: ['SUPERADMIN', 'ADMIN', 'BURSAR', 'SUBADMIN', 'STUDENT']
2025-01-16 11:38:06,456 - api.v1.auth.service - INFO - 686622b3-648f-42f6-9ea3-abba781f7cea
2025-01-16 11:38:06,844 - api.v1.auth.service - INFO - User found: None
2025-01-16 11:38:06,878 - api.v1.auth.service - ERROR - User not found
2025-01-16 11:38:07,811 - api.v1.auth.service - INFO - Checking role permission for user
2025-01-16 11:38:07,874 - api.v1.auth.service - INFO - 686622b3-648f-42f6-9ea3-abba781f7cea
2025-01-16 11:38:07,976 - api.v1.auth.service - INFO - Normalized required roles: ['SUPERADMIN', 'ADMIN']
2025-01-16 11:38:08,018 - api.v1.auth.service - INFO - 686622b3-648f-42f6-9ea3-abba781f7cea
2025-01-16 11:38:08,392 - api.v1.auth.service - INFO - User found: <User(name='Ojogu Nkang', role='<Role(name='RoleEnum.ADMIN')>')>
2025-01-16 11:38:08,407 - api.v1.auth.service - INFO - Parsed user role: ADMIN
2025-01-16 11:38:08,415 - api.v1.auth.service - INFO - User found: None
2025-01-16 11:38:08,431 - api.v1.auth.service - INFO - Permission granted for role: ADMIN
2025-01-16 11:38:08,466 - api.v1.auth.service - ERROR - User not found
2025-01-16 11:38:08,892 - api.v1.auth.service - INFO - 686622b3-648f-42f6-9ea3-abba781f7cea
2025-01-16 11:38:09,012 - api.v1.auth.service - INFO - 686622b3-648f-42f6-9ea3-abba781f7cea
2025-01-16 11:38:09,423 - api.v1.auth.service - INFO - User found: <User(name='Ojogu Nkang', role='<Role(name='RoleEnum.ADMIN')>')>
2025-01-16 11:38:09,560 - api.v1.auth.service - INFO - User found: <User(name='Ojogu Nkang', role='<Role(name='RoleEnum.ADMIN')>')>
2025-01-16 11:38:10,223 - api.v1.auth.service - INFO - Parsed user role: ADMIN
2025-01-16 11:38:10,263 - api.v1.auth.service - INFO - Permission granted for role: ADMIN
2025-01-16 11:38:10,273 - api.v1.auth.service - INFO - 686622b3-648f-42f6-9ea3-abba781f7cea
2025-01-16 11:38:10,490 - api.v1.auth.service - INFO - User found: <User(name='Ojogu Nkang', role='<Role(name='RoleEnum.ADMIN')>')>
2025-01-16 11:38:25,440 - api.v1.auth.service - INFO - Checking role permission for user
2025-01-16 11:38:25,443 - api.v1.auth.service - INFO - Normalized required roles: ['SUPERADMIN', 'ADMIN']
2025-01-16 11:38:25,446 - api.v1.auth.service - INFO - 686622b3-648f-42f6-9ea3-abba781f7cea
2025-01-16 11:38:25,673 - api.v1.auth.service - INFO - Checking role permission for user
2025-01-16 11:38:25,676 - api.v1.auth.service - INFO - Normalized required roles: ['SUPERADMIN', 'ADMIN']
2025-01-16 11:38:25,678 - api.v1.auth.service - INFO - 686622b3-648f-42f6-9ea3-abba781f7cea
2025-01-16 11:38:25,730 - api.v1.auth.service - INFO - Checking role permission for user
2025-01-16 11:38:25,733 - api.v1.auth.service - INFO - Normalized required roles: ['SUPERADMIN', 'ADMIN', 'BURSAR', 'SUBADMIN', 'STUDENT']
2025-01-16 11:38:25,736 - api.v1.auth.service - INFO - 686622b3-648f-42f6-9ea3-abba781f7cea
2025-01-16 11:38:25,826 - api.v1.auth.service - INFO - User found: None
2025-01-16 11:38:25,829 - api.v1.auth.service - ERROR - User not found
2025-01-16 11:38:25,832 - api.v1.auth.service - INFO - 686622b3-648f-42f6-9ea3-abba781f7cea
2025-01-16 11:38:26,066 - api.v1.auth.service - INFO - User found: None
2025-01-16 11:38:26,088 - api.v1.auth.service - INFO - User found: None
2025-01-16 11:38:26,235 - api.v1.auth.service - INFO - User found: <User(name='Ojogu Nkang', role='<Role(name='RoleEnum.ADMIN')>')>
2025-01-16 11:38:26,365 - api.v1.auth.service - ERROR - User not found
2025-01-16 11:38:26,376 - api.v1.auth.service - ERROR - User not found
2025-01-16 11:38:26,441 - api.v1.auth.service - INFO - Parsed user role: ADMIN
2025-01-16 11:38:26,446 - api.v1.auth.service - INFO - 686622b3-648f-42f6-9ea3-abba781f7cea
2025-01-16 11:38:26,449 - api.v1.auth.service - INFO - 686622b3-648f-42f6-9ea3-abba781f7cea
2025-01-16 11:38:26,451 - api.v1.auth.service - INFO - Permission granted for role: ADMIN
2025-01-16 11:38:26,462 - api.v1.auth.service - INFO - 686622b3-648f-42f6-9ea3-abba781f7cea
2025-01-16 11:38:26,684 - api.v1.auth.service - INFO - User found: <User(name='Ojogu Nkang', role='<Role(name='RoleEnum.ADMIN')>')>
2025-01-16 11:38:26,801 - api.v1.auth.service - INFO - User found: <User(name='Ojogu Nkang', role='<Role(name='RoleEnum.ADMIN')>')>
2025-01-16 11:38:26,802 - api.v1.auth.service - INFO - User found: <User(name='Ojogu Nkang', role='<Role(name='RoleEnum.ADMIN')>')>
2025-01-16 11:38:26,805 - api.v1.auth.service - INFO - Parsed user role: ADMIN
2025-01-16 11:38:26,807 - api.v1.auth.service - INFO - Parsed user role: ADMIN
2025-01-16 11:38:26,810 - api.v1.auth.service - INFO - Permission granted for role: ADMIN
2025-01-16 11:38:26,810 - api.v1.auth.service - INFO - Permission granted for role: ADMIN
2025-01-16 11:38:26,820 - api.v1.auth.service - INFO - 686622b3-648f-42f6-9ea3-abba781f7cea
2025-01-16 11:38:26,823 - api.v1.auth.service - INFO - 686622b3-648f-42f6-9ea3-abba781f7cea
2025-01-16 11:38:26,990 - api.v1.auth.service - INFO - User found: <User(name='Ojogu Nkang', role='<Role(name='RoleEnum.ADMIN')>')>
2025-01-16 11:38:27,010 - api.v1.auth.service - INFO - User found: <User(name='Ojogu Nkang', role='<Role(name='RoleEnum.ADMIN')>')>
2025-01-16 11:38:31,977 - api.v1.auth.service - INFO - Checking role permission for user
2025-01-16 11:38:31,980 - api.v1.auth.service - INFO - Checking role permission for user
2025-01-16 11:38:32,171 - api.v1.auth.service - INFO - Checking role permission for user
2025-01-16 11:38:32,728 - api.v1.auth.service - INFO - Normalized required roles: ['SUPERADMIN', 'ADMIN', 'BURSAR', 'SUBADMIN', 'STUDENT']
2025-01-16 11:38:32,945 - api.v1.auth.service - INFO - Normalized required roles: ['SUPERADMIN', 'ADMIN']
2025-01-16 11:38:32,950 - api.v1.auth.service - INFO - Normalized required roles: ['SUPERADMIN', 'ADMIN']
2025-01-16 11:38:32,956 - api.v1.auth.service - INFO - 686622b3-648f-42f6-9ea3-abba781f7cea
2025-01-16 11:38:32,959 - api.v1.auth.service - INFO - 686622b3-648f-42f6-9ea3-abba781f7cea
2025-01-16 11:38:32,960 - api.v1.auth.service - INFO - 686622b3-648f-42f6-9ea3-abba781f7cea
2025-01-16 11:38:35,042 - api.v1.auth.service - INFO - User found: None
2025-01-16 11:38:35,042 - api.v1.auth.service - INFO - User found: None
2025-01-16 11:38:35,046 - api.v1.auth.service - INFO - User found: None
2025-01-16 11:38:35,046 - api.v1.auth.service - ERROR - User not found
2025-01-16 11:38:35,048 - api.v1.auth.service - ERROR - User not found
2025-01-16 11:38:35,050 - api.v1.auth.service - ERROR - User not found
2025-01-16 11:38:35,052 - api.v1.auth.service - INFO - 686622b3-648f-42f6-9ea3-abba781f7cea
2025-01-16 11:38:35,054 - api.v1.auth.service - INFO - 686622b3-648f-42f6-9ea3-abba781f7cea
2025-01-16 11:38:35,055 - api.v1.auth.service - INFO - 686622b3-648f-42f6-9ea3-abba781f7cea
2025-01-16 11:38:37,286 - api.v1.auth.service - INFO - User found: <User(name='Ojogu Nkang', role='<Role(name='RoleEnum.ADMIN')>')>
2025-01-16 11:38:37,288 - api.v1.auth.service - INFO - User found: <User(name='Ojogu Nkang', role='<Role(name='RoleEnum.ADMIN')>')>
2025-01-16 11:38:37,290 - api.v1.auth.service - INFO - User found: <User(name='Ojogu Nkang', role='<Role(name='RoleEnum.ADMIN')>')>
2025-01-16 11:38:37,302 - api.v1.auth.service - INFO - Parsed user role: ADMIN
2025-01-16 11:38:37,308 - api.v1.auth.service - INFO - Parsed user role: ADMIN
2025-01-16 11:38:37,310 - api.v1.auth.service - INFO - Parsed user role: ADMIN
2025-01-16 11:38:37,312 - api.v1.auth.service - INFO - Permission granted for role: ADMIN
2025-01-16 11:38:37,313 - api.v1.auth.service - INFO - Permission granted for role: ADMIN
2025-01-16 11:38:37,325 - api.v1.auth.service - INFO - Permission granted for role: ADMIN
2025-01-16 11:38:37,345 - api.v1.auth.service - INFO - 686622b3-648f-42f6-9ea3-abba781f7cea
2025-01-16 11:38:37,347 - api.v1.auth.service - INFO - 686622b3-648f-42f6-9ea3-abba781f7cea
2025-01-16 11:38:37,357 - api.v1.auth.service - INFO - 686622b3-648f-42f6-9ea3-abba781f7cea
2025-01-16 11:38:37,724 - api.v1.auth.service - INFO - User found: <User(name='Ojogu Nkang', role='<Role(name='RoleEnum.ADMIN')>')>
2025-01-16 11:38:37,742 - api.v1.auth.service - INFO - User found: <User(name='Ojogu Nkang', role='<Role(name='RoleEnum.ADMIN')>')>
2025-01-16 11:38:37,783 - api.v1.auth.service - INFO - User found: <User(name='Ojogu Nkang', role='<Role(name='RoleEnum.ADMIN')>')>
2025-01-16 11:38:39,952 - api.v1.auth.service - INFO - User found: <SuperAdmin(username='ODEY', email='odey@superadmin.com')>
2025-01-16 11:38:40,122 - api.v1.auth.service - INFO - Checking role permission for user
2025-01-16 11:38:40,128 - api.v1.auth.service - INFO - Normalized required roles: ['SUPERADMIN', 'ADMIN']
2025-01-16 11:38:40,132 - api.v1.auth.service - INFO - 686622b3-648f-42f6-9ea3-abba781f7cea
2025-01-16 11:38:40,552 - api.v1.auth.service - INFO - User found: None
2025-01-16 11:38:40,556 - api.v1.auth.service - ERROR - User not found
2025-01-16 11:38:40,559 - api.v1.auth.service - INFO - 686622b3-648f-42f6-9ea3-abba781f7cea
2025-01-16 11:38:40,794 - api.v1.auth.service - INFO - User authenticated
2025-01-16 11:38:40,797 - api.v1.auth.super_admin_auth - INFO - <SuperAdmin(username='ODEY', email='odey@superadmin.com')>
2025-01-16 11:38:40,804 - api.v1.auth.super_admin_auth - INFO - Login successful
2025-01-16 11:38:40,996 - api.v1.auth.service - INFO - User found: <User(name='Ojogu Nkang', role='<Role(name='RoleEnum.ADMIN')>')>
2025-01-16 11:38:41,031 - api.v1.auth.service - INFO - Parsed user role: ADMIN
2025-01-16 11:38:41,043 - api.v1.auth.service - INFO - Permission granted for role: ADMIN
2025-01-16 11:38:41,161 - api.v1.auth.service - INFO - 686622b3-648f-42f6-9ea3-abba781f7cea
2025-01-16 11:38:41,347 - api.v1.auth.service - INFO - User found: <User(name='Ojogu Nkang', role='<Role(name='RoleEnum.ADMIN')>')>
2025-01-16 11:39:01,133 - api.v1.auth.service - INFO - Checking role permission for user
2025-01-16 11:39:01,138 - api.v1.auth.service - INFO - Normalized required roles: ['SUPERADMIN', 'ADMIN']
2025-01-16 11:39:01,142 - api.v1.auth.service - INFO - 686622b3-648f-42f6-9ea3-abba781f7cea
2025-01-16 11:39:01,273 - api.v1.auth.service - INFO - Checking role permission for user
2025-01-16 11:39:01,276 - api.v1.auth.service - INFO - Normalized required roles: ['SUPERADMIN', 'ADMIN', 'BURSAR', 'SUBADMIN', 'STUDENT']
2025-01-16 11:39:01,278 - api.v1.auth.service - INFO - 686622b3-648f-42f6-9ea3-abba781f7cea
2025-01-16 11:39:01,355 - api.v1.auth.service - INFO - Checking role permission for user
2025-01-16 11:39:01,358 - api.v1.auth.service - INFO - Normalized required roles: ['SUPERADMIN', 'ADMIN']
2025-01-16 11:39:01,361 - api.v1.auth.service - INFO - 686622b3-648f-42f6-9ea3-abba781f7cea
2025-01-16 11:39:01,481 - api.v1.auth.service - INFO - User found: None
2025-01-16 11:39:01,485 - api.v1.auth.service - ERROR - User not found
2025-01-16 11:39:01,488 - api.v1.auth.service - INFO - 686622b3-648f-42f6-9ea3-abba781f7cea
2025-01-16 11:39:01,625 - api.v1.auth.service - INFO - User found: None
2025-01-16 11:39:01,628 - api.v1.auth.service - ERROR - User not found
2025-01-16 11:39:01,630 - api.v1.auth.service - INFO - 686622b3-648f-42f6-9ea3-abba781f7cea
2025-01-16 11:39:01,727 - api.v1.auth.service - INFO - User found: None
2025-01-16 11:39:01,729 - api.v1.auth.service - ERROR - User not found
2025-01-16 11:39:01,732 - api.v1.auth.service - INFO - 686622b3-648f-42f6-9ea3-abba781f7cea
2025-01-16 11:39:01,869 - api.v1.auth.service - INFO - User found: <User(name='Ojogu Nkang', role='<Role(name='RoleEnum.ADMIN')>')>
2025-01-16 11:39:01,875 - api.v1.auth.service - INFO - Parsed user role: ADMIN
2025-01-16 11:39:01,877 - api.v1.auth.service - INFO - Permission granted for role: ADMIN
2025-01-16 11:39:01,885 - api.v1.auth.service - INFO - 686622b3-648f-42f6-9ea3-abba781f7cea
2025-01-16 11:39:02,002 - api.v1.auth.service - INFO - User found: <User(name='Ojogu Nkang', role='<Role(name='RoleEnum.ADMIN')>')>
2025-01-16 11:39:02,006 - api.v1.auth.service - INFO - Parsed user role: ADMIN
2025-01-16 11:39:02,009 - api.v1.auth.service - INFO - Permission granted for role: ADMIN
2025-01-16 11:39:02,014 - api.v1.auth.service - INFO - 686622b3-648f-42f6-9ea3-abba781f7cea
2025-01-16 11:39:02,078 - api.v1.auth.service - INFO - User found: <User(name='Ojogu Nkang', role='<Role(name='RoleEnum.ADMIN')>')>
2025-01-16 11:39:02,147 - api.v1.auth.service - INFO - User found: <User(name='Ojogu Nkang', role='<Role(name='RoleEnum.ADMIN')>')>
2025-01-16 11:39:02,153 - api.v1.auth.service - INFO - Parsed user role: ADMIN
2025-01-16 11:39:02,156 - api.v1.auth.service - INFO - Permission granted for role: ADMIN
2025-01-16 11:39:02,164 - api.v1.auth.service - INFO - 686622b3-648f-42f6-9ea3-abba781f7cea
2025-01-16 11:39:02,536 - api.v1.auth.service - INFO - User not found
2025-01-16 11:39:02,538 - api.v1.auth.service - INFO - User found: <User(name='Ojogu Nkang', role='<Role(name='RoleEnum.ADMIN')>')>
2025-01-16 11:39:02,542 - api.v1.auth.users_auth - ERROR - User not found: User not found
2025-01-16 11:39:02,570 - api.v1.auth.service - INFO - User found: <User(name='Ojogu Nkang', role='<Role(name='RoleEnum.ADMIN')>')>
2025-01-16 11:39:04,898 - api.v1.auth.service - INFO - Checking role permission for user
2025-01-16 11:39:04,947 - api.v1.auth.service - INFO - Normalized required roles: ['SUPERADMIN', 'ADMIN', 'BURSAR', 'SUBADMIN', 'STUDENT']
2025-01-16 11:39:04,958 - api.v1.auth.service - INFO - 686622b3-648f-42f6-9ea3-abba781f7cea
2025-01-16 11:39:07,052 - api.v1.auth.service - INFO - Checking role permission for user
2025-01-16 11:39:07,056 - api.v1.auth.service - INFO - Normalized required roles: ['SUPERADMIN', 'ADMIN']
2025-01-16 11:39:07,059 - api.v1.auth.service - INFO - 686622b3-648f-42f6-9ea3-abba781f7cea
2025-01-16 11:39:07,142 - api.v1.auth.service - INFO - User found: None
2025-01-16 11:39:07,145 - api.v1.auth.service - ERROR - User not found
2025-01-16 11:39:07,148 - api.v1.auth.service - INFO - 686622b3-648f-42f6-9ea3-abba781f7cea
2025-01-16 11:39:07,520 - api.v1.auth.service - INFO - User found: None
2025-01-16 11:39:07,522 - api.v1.auth.service - ERROR - User not found
2025-01-16 11:39:07,525 - api.v1.auth.service - INFO - 686622b3-648f-42f6-9ea3-abba781f7cea
2025-01-16 11:39:07,734 - api.v1.auth.service - INFO - User found: <User(name='Ojogu Nkang', role='<Role(name='RoleEnum.ADMIN')>')>
2025-01-16 11:39:07,738 - api.v1.auth.service - INFO - Parsed user role: ADMIN
2025-01-16 11:39:07,740 - api.v1.auth.service - INFO - Permission granted for role: ADMIN
2025-01-16 11:39:07,747 - api.v1.auth.service - INFO - 686622b3-648f-42f6-9ea3-abba781f7cea
2025-01-16 11:39:07,956 - api.v1.auth.service - INFO - User found: <User(name='Ojogu Nkang', role='<Role(name='RoleEnum.ADMIN')>')>
2025-01-16 11:39:07,971 - api.v1.auth.service - INFO - User found: <User(name='Ojogu Nkang', role='<Role(name='RoleEnum.ADMIN')>')>
2025-01-16 11:39:07,978 - api.v1.auth.service - INFO - Parsed user role: ADMIN
2025-01-16 11:39:07,981 - api.v1.auth.service - INFO - Permission granted for role: ADMIN
2025-01-16 11:39:07,994 - api.v1.auth.service - INFO - 686622b3-648f-42f6-9ea3-abba781f7cea
2025-01-16 11:39:08,179 - api.v1.auth.service - INFO - User found: <User(name='Ojogu Nkang', role='<Role(name='RoleEnum.ADMIN')>')>
2025-01-16 11:39:09,167 - api.v1.auth.service - INFO - Checking role permission for user
2025-01-16 11:39:09,261 - api.v1.auth.service - INFO - Normalized required roles: ['SUPERADMIN', 'ADMIN']
2025-01-16 11:39:09,288 - api.v1.auth.service - INFO - 686622b3-648f-42f6-9ea3-abba781f7cea
2025-01-16 11:39:10,320 - api.v1.auth.service - INFO - User found: None
2025-01-16 11:39:10,476 - api.v1.auth.service - ERROR - User not found
2025-01-16 11:39:10,481 - api.v1.auth.service - INFO - 686622b3-648f-42f6-9ea3-abba781f7cea
2025-01-16 11:39:10,839 - api.v1.auth.service - INFO - User found: <User(name='Ojogu Nkang', role='<Role(name='RoleEnum.ADMIN')>')>
2025-01-16 11:39:10,876 - api.v1.auth.service - INFO - Parsed user role: ADMIN
2025-01-16 11:39:10,880 - api.v1.auth.service - INFO - Permission granted for role: ADMIN
2025-01-16 11:39:10,888 - api.v1.auth.service - INFO - 686622b3-648f-42f6-9ea3-abba781f7cea
2025-01-16 11:39:11,114 - api.v1.auth.service - INFO - User found: <User(name='Ojogu Nkang', role='<Role(name='RoleEnum.ADMIN')>')>
2025-01-16 11:39:13,878 - api.v1.auth.service - INFO - Checking role permission for user
2025-01-16 11:39:13,880 - api.v1.auth.service - INFO - Checking role permission for user
2025-01-16 11:39:13,883 - api.v1.auth.service - INFO - Normalized required roles: ['SUPERADMIN', 'ADMIN']
2025-01-16 11:39:13,886 - api.v1.auth.service - INFO - Normalized required roles: ['SUPERADMIN', 'ADMIN', 'BURSAR', 'SUBADMIN', 'STUDENT']
2025-01-16 11:39:13,892 - api.v1.auth.service - INFO - 686622b3-648f-42f6-9ea3-abba781f7cea
2025-01-16 11:39:13,894 - api.v1.auth.service - INFO - 686622b3-648f-42f6-9ea3-abba781f7cea
2025-01-16 11:39:14,156 - api.v1.auth.service - INFO - Checking role permission for user
2025-01-16 11:39:14,159 - api.v1.auth.service - INFO - Normalized required roles: ['SUPERADMIN', 'ADMIN']
2025-01-16 11:39:14,162 - api.v1.auth.service - INFO - 686622b3-648f-42f6-9ea3-abba781f7cea
2025-01-16 11:39:14,411 - api.v1.auth.service - INFO - User found: None
2025-01-16 11:39:14,414 - api.v1.auth.service - ERROR - User not found
2025-01-16 11:39:14,416 - api.v1.auth.service - INFO - 686622b3-648f-42f6-9ea3-abba781f7cea
2025-01-16 11:39:14,418 - api.v1.auth.service - INFO - User found: None
2025-01-16 11:39:14,425 - api.v1.auth.service - ERROR - User not found
2025-01-16 11:39:14,427 - api.v1.auth.service - INFO - 686622b3-648f-42f6-9ea3-abba781f7cea
2025-01-16 11:39:14,642 - api.v1.auth.service - INFO - User found: None
2025-01-16 11:39:14,646 - api.v1.auth.service - ERROR - User not found
2025-01-16 11:39:14,649 - api.v1.auth.service - INFO - 686622b3-648f-42f6-9ea3-abba781f7cea
2025-01-16 11:39:14,848 - api.v1.auth.service - INFO - User found: <User(name='Ojogu Nkang', role='<Role(name='RoleEnum.ADMIN')>')>
2025-01-16 11:39:14,852 - api.v1.auth.service - INFO - Parsed user role: ADMIN
2025-01-16 11:39:14,856 - api.v1.auth.service - INFO - Permission granted for role: ADMIN
2025-01-16 11:39:14,862 - api.v1.auth.service - INFO - 686622b3-648f-42f6-9ea3-abba781f7cea
2025-01-16 11:39:14,910 - api.v1.auth.service - INFO - User found: <User(name='Ojogu Nkang', role='<Role(name='RoleEnum.ADMIN')>')>
2025-01-16 11:39:14,913 - api.v1.auth.service - INFO - Parsed user role: ADMIN
2025-01-16 11:39:14,915 - api.v1.auth.service - INFO - Permission granted for role: ADMIN
2025-01-16 11:39:14,924 - api.v1.auth.service - INFO - 686622b3-648f-42f6-9ea3-abba781f7cea
2025-01-16 11:39:15,222 - api.v1.auth.service - INFO - User found: <User(name='Ojogu Nkang', role='<Role(name='RoleEnum.ADMIN')>')>
2025-01-16 11:39:15,244 - api.v1.auth.service - INFO - User found: <User(name='Ojogu Nkang', role='<Role(name='RoleEnum.ADMIN')>')>
2025-01-16 11:39:15,247 - api.v1.auth.service - INFO - Parsed user role: ADMIN
2025-01-16 11:39:15,249 - api.v1.auth.service - INFO - Permission granted for role: ADMIN
2025-01-16 11:39:15,259 - api.v1.auth.service - INFO - 686622b3-648f-42f6-9ea3-abba781f7cea
2025-01-16 11:39:15,326 - api.v1.auth.service - INFO - User found: <User(name='Ojogu Nkang', role='<Role(name='RoleEnum.ADMIN')>')>
2025-01-16 11:39:17,188 - api.v1.auth.service - INFO - User found: <User(name='Ojogu Nkang', role='<Role(name='RoleEnum.ADMIN')>')>
2025-01-16 11:39:22,917 - api.v1.auth.service - INFO - Checking role permission for user
2025-01-16 11:39:22,922 - api.v1.auth.service - INFO - Normalized required roles: ['SUPERADMIN', 'ADMIN']
2025-01-16 11:39:22,924 - api.v1.auth.service - INFO - 686622b3-648f-42f6-9ea3-abba781f7cea
2025-01-16 11:39:23,143 - api.v1.auth.service - INFO - Checking role permission for user
2025-01-16 11:39:23,147 - api.v1.auth.service - INFO - Normalized required roles: ['SUPERADMIN', 'ADMIN']
2025-01-16 11:39:23,150 - api.v1.auth.service - INFO - 686622b3-648f-42f6-9ea3-abba781f7cea
2025-01-16 11:39:23,318 - api.v1.auth.service - INFO - User found: None
2025-01-16 11:39:23,323 - api.v1.auth.service - ERROR - User not found
2025-01-16 11:39:23,327 - api.v1.auth.service - INFO - 686622b3-648f-42f6-9ea3-abba781f7cea
2025-01-16 11:39:23,545 - api.v1.auth.service - INFO - User found: None
2025-01-16 11:39:23,548 - api.v1.auth.service - ERROR - User not found
2025-01-16 11:39:23,551 - api.v1.auth.service - INFO - 686622b3-648f-42f6-9ea3-abba781f7cea
2025-01-16 11:39:23,729 - api.v1.auth.service - INFO - User found: <User(name='Ojogu Nkang', role='<Role(name='RoleEnum.ADMIN')>')>
2025-01-16 11:39:23,731 - api.v1.auth.service - INFO - Parsed user role: ADMIN
2025-01-16 11:39:23,734 - api.v1.auth.service - INFO - Permission granted for role: ADMIN
2025-01-16 11:39:23,740 - api.v1.auth.service - INFO - 686622b3-648f-42f6-9ea3-abba781f7cea
2025-01-16 11:39:23,932 - api.v1.auth.service - INFO - User found: <User(name='Ojogu Nkang', role='<Role(name='RoleEnum.ADMIN')>')>
2025-01-16 11:39:23,936 - api.v1.auth.service - INFO - User found: <User(name='Ojogu Nkang', role='<Role(name='RoleEnum.ADMIN')>')>
2025-01-16 11:39:23,940 - api.v1.auth.service - INFO - Parsed user role: ADMIN
2025-01-16 11:39:23,943 - api.v1.auth.service - INFO - Permission granted for role: ADMIN
2025-01-16 11:39:23,948 - api.v1.auth.service - INFO - 686622b3-648f-42f6-9ea3-abba781f7cea
2025-01-16 11:39:24,387 - api.v1.auth.service - INFO - User found: <User(name='Ojogu Nkang', role='<Role(name='RoleEnum.ADMIN')>')>
2025-01-16 11:39:26,054 - api.v1.auth.service - INFO - Checking role permission for user
2025-01-16 11:39:26,060 - api.v1.auth.service - INFO - Normalized required roles: ['SUPERADMIN', 'ADMIN', 'BURSAR', 'SUBADMIN', 'STUDENT']
2025-01-16 11:39:26,062 - api.v1.auth.service - INFO - 686622b3-648f-42f6-9ea3-abba781f7cea
2025-01-16 11:39:26,461 - api.v1.auth.service - INFO - User found: None
2025-01-16 11:39:26,464 - api.v1.auth.service - ERROR - User not found
2025-01-16 11:39:26,466 - api.v1.auth.service - INFO - 686622b3-648f-42f6-9ea3-abba781f7cea
2025-01-16 11:39:26,912 - api.v1.auth.service - INFO - User found: <User(name='Ojogu Nkang', role='<Role(name='RoleEnum.ADMIN')>')>
2025-01-16 11:39:26,914 - api.v1.auth.service - INFO - Parsed user role: ADMIN
2025-01-16 11:39:26,917 - api.v1.auth.service - INFO - Permission granted for role: ADMIN
2025-01-16 11:39:26,927 - api.v1.auth.service - INFO - 686622b3-648f-42f6-9ea3-abba781f7cea
2025-01-16 11:39:27,115 - api.v1.auth.service - INFO - User found: <User(name='Ojogu Nkang', role='<Role(name='RoleEnum.ADMIN')>')>
2025-01-16 11:39:27,450 - api.v1.auth.service - INFO - Checking role permission for user
2025-01-16 11:39:27,459 - api.v1.auth.service - INFO - Normalized required roles: ['SUPERADMIN', 'ADMIN']
2025-01-16 11:39:27,462 - api.v1.auth.service - INFO - 686622b3-648f-42f6-9ea3-abba781f7cea
2025-01-16 11:39:27,693 - api.v1.auth.service - INFO - Checking role permission for user
2025-01-16 11:39:27,696 - api.v1.auth.service - INFO - Normalized required roles: ['SUPERADMIN', 'ADMIN']
2025-01-16 11:39:27,698 - api.v1.auth.service - INFO - 686622b3-648f-42f6-9ea3-abba781f7cea
2025-01-16 11:39:27,853 - api.v1.auth.service - INFO - User found: None
2025-01-16 11:39:27,856 - api.v1.auth.service - ERROR - User not found
2025-01-16 11:39:27,859 - api.v1.auth.service - INFO - 686622b3-648f-42f6-9ea3-abba781f7cea
2025-01-16 11:39:28,052 - api.v1.auth.service - INFO - User found: None
2025-01-16 11:39:28,057 - api.v1.auth.service - ERROR - User not found
2025-01-16 11:39:28,060 - api.v1.auth.service - INFO - 686622b3-648f-42f6-9ea3-abba781f7cea
2025-01-16 11:39:28,204 - api.v1.auth.service - INFO - User found: <User(name='Ojogu Nkang', role='<Role(name='RoleEnum.ADMIN')>')>
2025-01-16 11:39:28,211 - api.v1.auth.service - INFO - Parsed user role: ADMIN
2025-01-16 11:39:28,215 - api.v1.auth.service - INFO - Permission granted for role: ADMIN
2025-01-16 11:39:28,229 - api.v1.auth.service - INFO - 686622b3-648f-42f6-9ea3-abba781f7cea
2025-01-16 11:39:28,403 - api.v1.auth.service - INFO - User found: <User(name='Ojogu Nkang', role='<Role(name='RoleEnum.ADMIN')>')>
2025-01-16 11:39:28,406 - api.v1.auth.service - INFO - Parsed user role: ADMIN
2025-01-16 11:39:28,410 - api.v1.auth.service - INFO - Permission granted for role: ADMIN
2025-01-16 11:39:28,415 - api.v1.auth.service - INFO - User found: <User(name='Ojogu Nkang', role='<Role(name='RoleEnum.ADMIN')>')>
2025-01-16 11:39:28,419 - api.v1.auth.service - INFO - 686622b3-648f-42f6-9ea3-abba781f7cea
2025-01-16 11:39:28,610 - api.v1.auth.service - INFO - User found: <User(name='Ojogu Nkang', role='<Role(name='RoleEnum.ADMIN')>')>
2025-01-16 11:39:30,040 - api.v1.auth.service - INFO - Checking role permission for user
2025-01-16 11:39:30,046 - api.v1.auth.service - INFO - Normalized required roles: ['SUPERADMIN', 'ADMIN']
2025-01-16 11:39:30,084 - api.v1.auth.service - INFO - 686622b3-648f-42f6-9ea3-abba781f7cea
2025-01-16 11:39:30,530 - api.v1.auth.service - INFO - User found: None
2025-01-16 11:39:30,533 - api.v1.auth.service - ERROR - User not found
2025-01-16 11:39:30,535 - api.v1.auth.service - INFO - 686622b3-648f-42f6-9ea3-abba781f7cea
2025-01-16 11:39:30,936 - api.v1.auth.service - INFO - User found: <User(name='Ojogu Nkang', role='<Role(name='RoleEnum.ADMIN')>')>
2025-01-16 11:39:30,939 - api.v1.auth.service - INFO - Parsed user role: ADMIN
2025-01-16 11:39:30,942 - api.v1.auth.service - INFO - Permission granted for role: ADMIN
2025-01-16 11:39:30,948 - api.v1.auth.service - INFO - 686622b3-648f-42f6-9ea3-abba781f7cea
2025-01-16 11:39:31,192 - api.v1.auth.service - INFO - User found: <User(name='Ojogu Nkang', role='<Role(name='RoleEnum.ADMIN')>')>
2025-01-16 11:39:32,795 - api.v1.auth.service - INFO - User found: <SuperAdmin(username='ODEY', email='odey@superadmin.com')>
2025-01-16 11:39:33,644 - api.v1.auth.service - INFO - User authenticated
2025-01-16 11:39:33,647 - api.v1.auth.super_admin_auth - INFO - <SuperAdmin(username='ODEY', email='odey@superadmin.com')>
2025-01-16 11:39:33,655 - api.v1.auth.super_admin_auth - INFO - Login successful
2025-01-16 11:39:34,396 - api.v1.auth.service - INFO - Checking role permission for user
2025-01-16 11:39:35,380 - api.v1.auth.service - INFO - Checking role permission for user
2025-01-16 11:39:35,899 - api.v1.auth.service - INFO - Normalized required roles: ['SUPERADMIN', 'ADMIN']
2025-01-16 11:39:36,159 - api.v1.auth.service - INFO - Normalized required roles: ['SUPERADMIN', 'ADMIN', 'BURSAR', 'SUBADMIN', 'STUDENT']
2025-01-16 11:39:36,167 - api.v1.auth.service - INFO - 686622b3-648f-42f6-9ea3-abba781f7cea
2025-01-16 11:39:36,173 - api.v1.auth.service - INFO - 686622b3-648f-42f6-9ea3-abba781f7cea
2025-01-16 11:39:36,438 - api.v1.auth.service - INFO - Checking role permission for user
2025-01-16 11:39:36,484 - api.v1.auth.service - INFO - Normalized required roles: ['SUPERADMIN', 'ADMIN']
2025-01-16 11:39:36,490 - api.v1.auth.service - INFO - 686622b3-648f-42f6-9ea3-abba781f7cea
2025-01-16 11:39:36,662 - api.v1.auth.service - INFO - User found: None
2025-01-16 11:39:36,677 - api.v1.auth.service - ERROR - User not found
2025-01-16 11:39:36,711 - api.v1.auth.service - INFO - 686622b3-648f-42f6-9ea3-abba781f7cea
2025-01-16 11:39:36,902 - api.v1.auth.service - INFO - User found: None
2025-01-16 11:39:36,914 - api.v1.auth.service - ERROR - User not found
2025-01-16 11:39:36,930 - api.v1.auth.service - INFO - 686622b3-648f-42f6-9ea3-abba781f7cea
2025-01-16 11:39:37,137 - api.v1.auth.service - INFO - User found: <User(name='Ojogu Nkang', role='<Role(name='RoleEnum.ADMIN')>')>
2025-01-16 11:39:37,138 - api.v1.auth.service - INFO - User found: None
2025-01-16 11:39:37,144 - api.v1.auth.service - INFO - Parsed user role: ADMIN
2025-01-16 11:39:37,147 - api.v1.auth.service - ERROR - User not found
2025-01-16 11:39:37,149 - api.v1.auth.service - INFO - Permission granted for role: ADMIN
2025-01-16 11:39:37,163 - api.v1.auth.service - INFO - 686622b3-648f-42f6-9ea3-abba781f7cea
2025-01-16 11:39:37,180 - api.v1.auth.service - INFO - 686622b3-648f-42f6-9ea3-abba781f7cea
2025-01-16 11:39:37,336 - api.v1.auth.service - INFO - User found: <User(name='Ojogu Nkang', role='<Role(name='RoleEnum.ADMIN')>')>
2025-01-16 11:39:37,347 - api.v1.auth.service - INFO - Parsed user role: ADMIN
2025-01-16 11:39:37,350 - api.v1.auth.service - INFO - Permission granted for role: ADMIN
2025-01-16 11:39:37,359 - api.v1.auth.service - INFO - 686622b3-648f-42f6-9ea3-abba781f7cea
2025-01-16 11:39:37,398 - api.v1.auth.service - INFO - User found: <User(name='Ojogu Nkang', role='<Role(name='RoleEnum.ADMIN')>')>
2025-01-16 11:39:37,553 - api.v1.auth.service - INFO - User found: <User(name='Ojogu Nkang', role='<Role(name='RoleEnum.ADMIN')>')>
2025-01-16 11:39:37,568 - api.v1.auth.service - INFO - User found: <User(name='Ojogu Nkang', role='<Role(name='RoleEnum.ADMIN')>')>
2025-01-16 11:39:37,572 - api.v1.auth.service - INFO - Parsed user role: ADMIN
2025-01-16 11:39:37,575 - api.v1.auth.service - INFO - Permission granted for role: ADMIN
2025-01-16 11:39:37,581 - api.v1.auth.service - INFO - 686622b3-648f-42f6-9ea3-abba781f7cea
2025-01-16 11:39:37,786 - api.v1.auth.service - INFO - User found: <User(name='Ojogu Nkang', role='<Role(name='RoleEnum.ADMIN')>')>
2025-01-16 11:39:40,307 - api.v1.auth.service - INFO - Checking role permission for user
2025-01-16 11:39:40,309 - api.v1.auth.service - INFO - Normalized required roles: ['SUPERADMIN', 'ADMIN']
2025-01-16 11:39:40,313 - api.v1.auth.service - INFO - 686622b3-648f-42f6-9ea3-abba781f7cea
2025-01-16 11:39:40,680 - api.v1.auth.service - INFO - User found: None
2025-01-16 11:39:40,684 - api.v1.auth.service - ERROR - User not found
2025-01-16 11:39:40,692 - api.v1.auth.service - INFO - 686622b3-648f-42f6-9ea3-abba781f7cea
2025-01-16 11:39:41,082 - api.v1.auth.service - INFO - User found: <User(name='Ojogu Nkang', role='<Role(name='RoleEnum.ADMIN')>')>
2025-01-16 11:39:41,085 - api.v1.auth.service - INFO - Parsed user role: ADMIN
2025-01-16 11:39:41,093 - api.v1.auth.service - INFO - Permission granted for role: ADMIN
2025-01-16 11:39:41,098 - api.v1.auth.service - INFO - 686622b3-648f-42f6-9ea3-abba781f7cea
2025-01-16 11:39:41,333 - api.v1.auth.service - INFO - User found: <User(name='Ojogu Nkang', role='<Role(name='RoleEnum.ADMIN')>')>
2025-01-16 11:39:41,479 - api.v1.auth.service - INFO - Checking role permission for user
2025-01-16 11:39:41,482 - api.v1.auth.service - INFO - Normalized required roles: ['SUPERADMIN', 'ADMIN']
2025-01-16 11:39:41,492 - api.v1.auth.service - INFO - 686622b3-648f-42f6-9ea3-abba781f7cea
2025-01-16 11:39:43,799 - api.v1.auth.service - INFO - User found: None
2025-01-16 11:39:43,802 - api.v1.auth.service - INFO - Checking role permission for user
2025-01-16 11:39:43,811 - api.v1.auth.service - ERROR - User not found
2025-01-16 11:39:43,812 - api.v1.auth.service - INFO - Normalized required roles: ['SUPERADMIN', 'ADMIN', 'BURSAR', 'SUBADMIN', 'STUDENT']
2025-01-16 11:39:43,815 - api.v1.auth.service - INFO - 686622b3-648f-42f6-9ea3-abba781f7cea
2025-01-16 11:39:43,816 - api.v1.auth.service - INFO - 686622b3-648f-42f6-9ea3-abba781f7cea
2025-01-16 11:39:44,202 - api.v1.auth.service - INFO - User found: None
2025-01-16 11:39:44,206 - api.v1.auth.service - ERROR - User not found
2025-01-16 11:39:44,211 - api.v1.auth.service - INFO - 686622b3-648f-42f6-9ea3-abba781f7cea
2025-01-16 11:39:44,216 - api.v1.auth.service - INFO - User found: <User(name='Ojogu Nkang', role='<Role(name='RoleEnum.ADMIN')>')>
2025-01-16 11:39:44,223 - api.v1.auth.service - INFO - Parsed user role: ADMIN
2025-01-16 11:39:44,225 - api.v1.auth.service - INFO - Permission granted for role: ADMIN
2025-01-16 11:39:44,231 - api.v1.auth.service - INFO - 686622b3-648f-42f6-9ea3-abba781f7cea
2025-01-16 11:39:44,416 - api.v1.auth.service - INFO - User found: <User(name='Ojogu Nkang', role='<Role(name='RoleEnum.ADMIN')>')>
2025-01-16 11:39:44,652 - api.v1.auth.service - INFO - User found: <User(name='Ojogu Nkang', role='<Role(name='RoleEnum.ADMIN')>')>
2025-01-16 11:39:44,655 - api.v1.auth.service - INFO - Parsed user role: ADMIN
2025-01-16 11:39:44,659 - api.v1.auth.service - INFO - Permission granted for role: ADMIN
2025-01-16 11:39:44,665 - api.v1.auth.service - INFO - 686622b3-648f-42f6-9ea3-abba781f7cea
2025-01-16 11:39:44,859 - api.v1.auth.service - INFO - User found: <User(name='Ojogu Nkang', role='<Role(name='RoleEnum.ADMIN')>')>
2025-01-16 11:39:47,712 - api.v1.auth.service - INFO - Checking role permission for user
2025-01-16 11:39:47,715 - api.v1.auth.service - INFO - Normalized required roles: ['SUPERADMIN', 'ADMIN']
2025-01-16 11:39:47,717 - api.v1.auth.service - INFO - 686622b3-648f-42f6-9ea3-abba781f7cea
2025-01-16 11:39:47,945 - api.v1.auth.service - INFO - Checking role permission for user
2025-01-16 11:39:47,948 - api.v1.auth.service - INFO - Normalized required roles: ['SUPERADMIN', 'ADMIN']
2025-01-16 11:39:47,952 - api.v1.auth.service - INFO - 686622b3-648f-42f6-9ea3-abba781f7cea
2025-01-16 11:39:48,101 - api.v1.auth.service - INFO - User found: None
2025-01-16 11:39:48,105 - api.v1.auth.service - ERROR - User not found
2025-01-16 11:39:48,108 - api.v1.auth.service - INFO - 686622b3-648f-42f6-9ea3-abba781f7cea
2025-01-16 11:39:48,342 - api.v1.auth.service - INFO - User found: None
2025-01-16 11:39:48,346 - api.v1.auth.service - ERROR - User not found
2025-01-16 11:39:48,348 - api.v1.auth.service - INFO - 686622b3-648f-42f6-9ea3-abba781f7cea
2025-01-16 11:39:48,521 - api.v1.auth.service - INFO - User found: <User(name='Ojogu Nkang', role='<Role(name='RoleEnum.ADMIN')>')>
2025-01-16 11:39:48,524 - api.v1.auth.service - INFO - Parsed user role: ADMIN
2025-01-16 11:39:48,527 - api.v1.auth.service - INFO - Permission granted for role: ADMIN
2025-01-16 11:39:48,532 - api.v1.auth.service - INFO - 686622b3-648f-42f6-9ea3-abba781f7cea
2025-01-16 11:39:48,720 - api.v1.auth.service - INFO - User found: <User(name='Ojogu Nkang', role='<Role(name='RoleEnum.ADMIN')>')>
2025-01-16 11:39:48,723 - api.v1.auth.service - INFO - Parsed user role: ADMIN
2025-01-16 11:39:48,726 - api.v1.auth.service - INFO - User found: <User(name='Ojogu Nkang', role='<Role(name='RoleEnum.ADMIN')>')>
2025-01-16 11:39:48,727 - api.v1.auth.service - INFO - Permission granted for role: ADMIN
2025-01-16 11:39:48,735 - api.v1.auth.service - INFO - 686622b3-648f-42f6-9ea3-abba781f7cea
2025-01-16 11:39:48,930 - api.v1.auth.service - INFO - User found: <User(name='Ojogu Nkang', role='<Role(name='RoleEnum.ADMIN')>')>
2025-01-16 11:39:51,192 - api.v1.auth.service - INFO - Checking role permission for user
2025-01-16 11:39:51,194 - api.v1.auth.service - INFO - Normalized required roles: ['SUPERADMIN', 'ADMIN', 'BURSAR', 'SUBADMIN', 'STUDENT']
2025-01-16 11:39:51,197 - api.v1.auth.service - INFO - 686622b3-648f-42f6-9ea3-abba781f7cea
2025-01-16 11:39:51,559 - api.v1.auth.service - INFO - User found: None
2025-01-16 11:39:51,562 - api.v1.auth.service - ERROR - User not found
2025-01-16 11:39:51,565 - api.v1.auth.service - INFO - 686622b3-648f-42f6-9ea3-abba781f7cea
2025-01-16 11:39:51,921 - api.v1.auth.service - INFO - User found: <User(name='Ojogu Nkang', role='<Role(name='RoleEnum.ADMIN')>')>
2025-01-16 11:39:51,924 - api.v1.auth.service - INFO - Parsed user role: ADMIN
2025-01-16 11:39:51,926 - api.v1.auth.service - INFO - Permission granted for role: ADMIN
2025-01-16 11:39:51,932 - api.v1.auth.service - INFO - 686622b3-648f-42f6-9ea3-abba781f7cea
2025-01-16 11:39:52,182 - api.v1.auth.service - INFO - User found: <User(name='Ojogu Nkang', role='<Role(name='RoleEnum.ADMIN')>')>
2025-01-16 11:39:52,559 - api.v1.auth.service - INFO - Checking role permission for user
2025-01-16 11:39:52,563 - api.v1.auth.service - INFO - Normalized required roles: ['SUPERADMIN', 'ADMIN']
2025-01-16 11:39:52,566 - api.v1.auth.service - INFO - 686622b3-648f-42f6-9ea3-abba781f7cea
2025-01-16 11:39:52,793 - api.v1.auth.service - INFO - Checking role permission for user
2025-01-16 11:39:52,796 - api.v1.auth.service - INFO - Normalized required roles: ['SUPERADMIN', 'ADMIN']
2025-01-16 11:39:52,799 - api.v1.auth.service - INFO - 686622b3-648f-42f6-9ea3-abba781f7cea
2025-01-16 11:39:52,913 - api.v1.auth.service - INFO - User found: None
2025-01-16 11:39:52,916 - api.v1.auth.service - ERROR - User not found
2025-01-16 11:39:52,919 - api.v1.auth.service - INFO - 686622b3-648f-42f6-9ea3-abba781f7cea
2025-01-16 11:39:53,203 - api.v1.auth.service - INFO - User found: None
2025-01-16 11:39:53,206 - api.v1.auth.service - ERROR - User not found
2025-01-16 11:39:53,208 - api.v1.auth.service - INFO - 686622b3-648f-42f6-9ea3-abba781f7cea
2025-01-16 11:39:53,304 - api.v1.auth.service - INFO - User found: <User(name='Ojogu Nkang', role='<Role(name='RoleEnum.ADMIN')>')>
2025-01-16 11:39:53,308 - api.v1.auth.service - INFO - Parsed user role: ADMIN
2025-01-16 11:39:53,310 - api.v1.auth.service - INFO - Permission granted for role: ADMIN
2025-01-16 11:39:53,315 - api.v1.auth.service - INFO - 686622b3-648f-42f6-9ea3-abba781f7cea
2025-01-16 11:39:53,578 - api.v1.auth.service - INFO - User found: <User(name='Ojogu Nkang', role='<Role(name='RoleEnum.ADMIN')>')>
2025-01-16 11:39:53,764 - api.v1.auth.service - INFO - User found: <User(name='Ojogu Nkang', role='<Role(name='RoleEnum.ADMIN')>')>
2025-01-16 11:39:53,767 - api.v1.auth.service - INFO - Parsed user role: ADMIN
2025-01-16 11:39:53,770 - api.v1.auth.service - INFO - Permission granted for role: ADMIN
2025-01-16 11:39:53,775 - api.v1.auth.service - INFO - 686622b3-648f-42f6-9ea3-abba781f7cea
2025-01-16 11:39:53,969 - api.v1.auth.service - INFO - User found: <User(name='Ojogu Nkang', role='<Role(name='RoleEnum.ADMIN')>')>
2025-01-16 11:39:56,533 - api.v1.auth.service - INFO - Checking role permission for user
2025-01-16 11:39:56,537 - api.v1.auth.service - INFO - Normalized required roles: ['SUPERADMIN', 'ADMIN']
2025-01-16 11:39:56,542 - api.v1.auth.service - INFO - 686622b3-648f-42f6-9ea3-abba781f7cea
2025-01-16 11:39:56,935 - api.v1.auth.service - INFO - User found: None
2025-01-16 11:39:56,947 - api.v1.auth.service - ERROR - User not found
2025-01-16 11:39:56,962 - api.v1.auth.service - INFO - 686622b3-648f-42f6-9ea3-abba781f7cea
2025-01-16 11:39:57,326 - api.v1.auth.service - INFO - User found: <User(name='Ojogu Nkang', role='<Role(name='RoleEnum.ADMIN')>')>
2025-01-16 11:39:57,328 - api.v1.auth.service - INFO - Parsed user role: ADMIN
2025-01-16 11:39:57,331 - api.v1.auth.service - INFO - Permission granted for role: ADMIN
2025-01-16 11:39:57,338 - api.v1.auth.service - INFO - 686622b3-648f-42f6-9ea3-abba781f7cea
2025-01-16 11:39:57,536 - api.v1.auth.service - INFO - User found: <User(name='Ojogu Nkang', role='<Role(name='RoleEnum.ADMIN')>')>
2025-01-16 11:40:00,257 - api.v1.auth.service - INFO - Checking role permission for user
2025-01-16 11:40:00,259 - api.v1.auth.service - INFO - Normalized required roles: ['ADMIN', 'SUBADMIN']
2025-01-16 11:40:00,262 - api.v1.auth.service - INFO - 686622b3-648f-42f6-9ea3-abba781f7cea
2025-01-16 11:40:00,795 - api.v1.auth.service - INFO - User found: <User(name='Ojogu Nkang', role='<Role(name='RoleEnum.ADMIN')>')>
2025-01-16 11:40:00,860 - api.v1.auth.service - INFO - Parsed user role: ADMIN
2025-01-16 11:40:01,099 - api.v1.auth.service - INFO - Permission granted for role: ADMIN
2025-01-16 11:40:01,290 - api.v1.auth.service - INFO - 686622b3-648f-42f6-9ea3-abba781f7cea
2025-01-16 11:40:01,487 - api.v1.auth.service - INFO - User found: <User(name='Ojogu Nkang', role='<Role(name='RoleEnum.ADMIN')>')>
2025-01-16 11:40:03,832 - api.v1.auth.service - INFO - Checking role permission for user
2025-01-16 11:40:03,836 - api.v1.auth.service - INFO - Normalized required roles: ['SUPERADMIN', 'ADMIN']
2025-01-16 11:40:03,847 - api.v1.auth.service - INFO - 686622b3-648f-42f6-9ea3-abba781f7cea
2025-01-16 11:40:04,055 - api.v1.auth.service - INFO - Checking role permission for user
2025-01-16 11:40:04,063 - api.v1.auth.service - INFO - Normalized required roles: ['SUPERADMIN', 'ADMIN']
2025-01-16 11:40:04,071 - api.v1.auth.service - INFO - 686622b3-648f-42f6-9ea3-abba781f7cea
2025-01-16 11:40:04,218 - api.v1.auth.service - INFO - User found: None
2025-01-16 11:40:04,231 - api.v1.auth.service - ERROR - User not found
2025-01-16 11:40:04,243 - api.v1.auth.service - INFO - 686622b3-648f-42f6-9ea3-abba781f7cea
2025-01-16 11:40:04,428 - api.v1.auth.service - INFO - User found: None
2025-01-16 11:40:04,643 - api.v1.auth.service - INFO - User found: <User(name='Ojogu Nkang', role='<Role(name='RoleEnum.ADMIN')>')>
2025-01-16 11:40:04,892 - api.v1.auth.service - ERROR - User not found
2025-01-16 11:40:04,915 - api.v1.auth.service - INFO - Parsed user role: ADMIN
2025-01-16 11:40:04,918 - api.v1.auth.service - INFO - 686622b3-648f-42f6-9ea3-abba781f7cea
2025-01-16 11:40:04,926 - api.v1.auth.service - INFO - Permission granted for role: ADMIN
2025-01-16 11:40:04,936 - api.v1.auth.service - INFO - 686622b3-648f-42f6-9ea3-abba781f7cea
2025-01-16 11:40:05,254 - api.v1.auth.service - INFO - User found: <User(name='Ojogu Nkang', role='<Role(name='RoleEnum.ADMIN')>')>
2025-01-16 11:40:05,389 - api.v1.auth.service - INFO - Checking role permission for user
2025-01-16 11:40:05,391 - api.v1.auth.service - INFO - Normalized required roles: ['SUPERADMIN']
2025-01-16 11:40:05,396 - api.v1.auth.service - INFO - d290522a-2904-496d-9d26-66047cb1f2a1
2025-01-16 11:40:05,440 - api.v1.auth.service - INFO - User found: <User(name='Ojogu Nkang', role='<Role(name='RoleEnum.ADMIN')>')>
2025-01-16 11:40:05,451 - api.v1.auth.service - INFO - Parsed user role: ADMIN
2025-01-16 11:40:05,464 - api.v1.auth.service - INFO - Permission granted for role: ADMIN
2025-01-16 11:40:05,477 - api.v1.auth.service - INFO - 686622b3-648f-42f6-9ea3-abba781f7cea
2025-01-16 11:40:05,632 - api.v1.auth.service - INFO - Checking role permission for user
2025-01-16 11:40:05,635 - api.v1.auth.service - INFO - Normalized required roles: ['SUPERADMIN', 'ADMIN', 'BURSAR', 'SUBADMIN', 'STUDENT']
2025-01-16 11:40:05,641 - api.v1.auth.service - INFO - 686622b3-648f-42f6-9ea3-abba781f7cea
2025-01-16 11:40:05,710 - api.v1.auth.service - INFO - User found: <User(name='Ojogu Nkang', role='<Role(name='RoleEnum.ADMIN')>')>
2025-01-16 11:40:05,796 - api.v1.auth.service - INFO - User found: <SuperAdmin(username='ODEY', email='odey@superadmin.com')>
2025-01-16 11:40:05,798 - api.v1.auth.service - INFO - Permission granted for superadmin
2025-01-16 11:40:06,005 - api.v1.auth.service - INFO - User found: None
2025-01-16 11:40:06,009 - api.v1.auth.service - ERROR - User not found
2025-01-16 11:40:06,012 - api.v1.auth.service - INFO - 686622b3-648f-42f6-9ea3-abba781f7cea
2025-01-16 11:40:06,580 - api.v1.auth.service - INFO - User found: <User(name='Ojogu Nkang', role='<Role(name='RoleEnum.ADMIN')>')>
2025-01-16 11:40:06,584 - api.v1.auth.service - INFO - Parsed user role: ADMIN
2025-01-16 11:40:06,593 - api.v1.auth.service - INFO - Permission granted for role: ADMIN
2025-01-16 11:40:06,606 - api.v1.auth.service - INFO - 686622b3-648f-42f6-9ea3-abba781f7cea
2025-01-16 11:40:06,635 - api.v1.auth.service - INFO - Checking role permission for user
2025-01-16 11:40:06,650 - api.v1.auth.service - INFO - Normalized required roles: ['SUPERADMIN', 'ADMIN']
2025-01-16 11:40:06,680 - api.v1.auth.service - INFO - 686622b3-648f-42f6-9ea3-abba781f7cea
2025-01-16 11:40:06,806 - api.v1.auth.service - INFO - User found: <User(name='Ojogu Nkang', role='<Role(name='RoleEnum.ADMIN')>')>
2025-01-16 11:40:07,074 - api.v1.auth.service - INFO - User found: None
2025-01-16 11:40:07,077 - api.v1.auth.service - ERROR - User not found
2025-01-16 11:40:07,081 - api.v1.auth.service - INFO - 686622b3-648f-42f6-9ea3-abba781f7cea
2025-01-16 11:40:07,542 - api.v1.auth.service - INFO - User found: <User(name='Ojogu Nkang', role='<Role(name='RoleEnum.ADMIN')>')>
2025-01-16 11:40:07,544 - api.v1.auth.service - INFO - Parsed user role: ADMIN
2025-01-16 11:40:07,546 - api.v1.auth.service - INFO - Permission granted for role: ADMIN
2025-01-16 11:40:07,551 - api.v1.auth.service - INFO - 686622b3-648f-42f6-9ea3-abba781f7cea
2025-01-16 11:40:07,854 - api.v1.auth.service - INFO - User found: <User(name='Ojogu Nkang', role='<Role(name='RoleEnum.ADMIN')>')>
2025-01-16 11:40:10,971 - api.v1.auth.service - INFO - Checking role permission for user
2025-01-16 11:40:10,974 - api.v1.auth.service - INFO - Normalized required roles: ['SUPERADMIN', 'ADMIN', 'BURSAR', 'SUBADMIN', 'STUDENT']
2025-01-16 11:40:10,976 - api.v1.auth.service - INFO - 686622b3-648f-42f6-9ea3-abba781f7cea
2025-01-16 11:40:11,883 - api.v1.auth.service - INFO - Checking role permission for user
2025-01-16 11:40:11,886 - api.v1.auth.service - INFO - Normalized required roles: ['SUPERADMIN', 'ADMIN']
2025-01-16 11:40:11,897 - api.v1.auth.service - INFO - User found: None
2025-01-16 11:40:11,941 - api.v1.auth.service - INFO - 686622b3-648f-42f6-9ea3-abba781f7cea
2025-01-16 11:40:11,944 - api.v1.auth.service - ERROR - User not found
2025-01-16 11:40:11,950 - api.v1.auth.service - INFO - 686622b3-648f-42f6-9ea3-abba781f7cea
2025-01-16 11:40:12,652 - api.v1.auth.service - INFO - User found: None
2025-01-16 11:40:12,741 - api.v1.auth.service - INFO - User found: <User(name='Ojogu Nkang', role='<Role(name='RoleEnum.ADMIN')>')>
2025-01-16 11:40:12,861 - api.v1.auth.service - ERROR - User not found
2025-01-16 11:40:12,885 - api.v1.auth.service - INFO - Parsed user role: ADMIN
2025-01-16 11:40:13,277 - api.v1.auth.service - INFO - 686622b3-648f-42f6-9ea3-abba781f7cea
2025-01-16 11:40:13,679 - api.v1.auth.service - INFO - Permission granted for role: ADMIN
2025-01-16 11:40:13,700 - api.v1.auth.service - INFO - 686622b3-648f-42f6-9ea3-abba781f7cea
2025-01-16 11:40:14,173 - api.v1.auth.service - INFO - User found: <User(name='Ojogu Nkang', role='<Role(name='RoleEnum.ADMIN')>')>
2025-01-16 11:40:14,521 - api.v1.auth.service - INFO - User found: <User(name='Ojogu Nkang', role='<Role(name='RoleEnum.ADMIN')>')>
2025-01-16 11:40:14,525 - api.v1.auth.service - INFO - Parsed user role: ADMIN
2025-01-16 11:40:14,528 - api.v1.auth.service - INFO - Permission granted for role: ADMIN
2025-01-16 11:40:14,533 - api.v1.auth.service - INFO - 686622b3-648f-42f6-9ea3-abba781f7cea
2025-01-16 11:40:14,893 - api.v1.auth.service - INFO - User found: <User(name='Ojogu Nkang', role='<Role(name='RoleEnum.ADMIN')>')>
2025-01-16 11:40:17,814 - api.v1.auth.service - INFO - Checking role permission for user
2025-01-16 11:40:17,817 - api.v1.auth.service - INFO - Normalized required roles: ['SUPERADMIN', 'ADMIN']
2025-01-16 11:40:17,822 - api.v1.auth.service - INFO - 686622b3-648f-42f6-9ea3-abba781f7cea
2025-01-16 11:40:18,075 - api.v1.auth.service - INFO - Checking role permission for user
2025-01-16 11:40:18,079 - api.v1.auth.service - INFO - Normalized required roles: ['SUPERADMIN', 'ADMIN']
2025-01-16 11:40:18,081 - api.v1.auth.service - INFO - 686622b3-648f-42f6-9ea3-abba781f7cea
2025-01-16 11:40:18,211 - api.v1.auth.service - INFO - User found: None
2025-01-16 11:40:18,214 - api.v1.auth.service - ERROR - User not found
2025-01-16 11:40:18,217 - api.v1.auth.service - INFO - 686622b3-648f-42f6-9ea3-abba781f7cea
2025-01-16 11:40:18,320 - api.v1.auth.service - INFO - Checking role permission for user
2025-01-16 11:40:18,322 - api.v1.auth.service - INFO - Normalized required roles: ['SUPERADMIN', 'ADMIN', 'BURSAR', 'SUBADMIN', 'STUDENT']
2025-01-16 11:40:18,325 - api.v1.auth.service - INFO - 686622b3-648f-42f6-9ea3-abba781f7cea
2025-01-16 11:40:18,754 - api.v1.auth.service - INFO - User found: None
2025-01-16 11:40:18,757 - api.v1.auth.service - ERROR - User not found
2025-01-16 11:40:18,759 - api.v1.auth.service - INFO - 686622b3-648f-42f6-9ea3-abba781f7cea
2025-01-16 11:40:18,913 - api.v1.auth.service - INFO - User found: <User(name='Ojogu Nkang', role='<Role(name='RoleEnum.ADMIN')>')>
2025-01-16 11:40:18,916 - api.v1.auth.service - INFO - Parsed user role: ADMIN
2025-01-16 11:40:18,918 - api.v1.auth.service - INFO - Permission granted for role: ADMIN
2025-01-16 11:40:18,926 - api.v1.auth.service - INFO - 686622b3-648f-42f6-9ea3-abba781f7cea
2025-01-16 11:40:18,940 - api.v1.auth.service - INFO - User found: None
2025-01-16 11:40:18,944 - api.v1.auth.service - ERROR - User not found
2025-01-16 11:40:18,947 - api.v1.auth.service - INFO - 686622b3-648f-42f6-9ea3-abba781f7cea
2025-01-16 11:40:19,135 - api.v1.auth.service - INFO - User found: <User(name='Ojogu Nkang', role='<Role(name='RoleEnum.ADMIN')>')>
2025-01-16 11:40:19,136 - api.v1.auth.service - INFO - User found: <User(name='Ojogu Nkang', role='<Role(name='RoleEnum.ADMIN')>')>
2025-01-16 11:40:19,145 - api.v1.auth.service - INFO - Parsed user role: ADMIN
2025-01-16 11:40:19,148 - api.v1.auth.service - INFO - Permission granted for role: ADMIN
2025-01-16 11:40:19,163 - api.v1.auth.service - INFO - 686622b3-648f-42f6-9ea3-abba781f7cea
2025-01-16 11:40:19,489 - api.v1.auth.service - INFO - User found: <User(name='Ojogu Nkang', role='<Role(name='RoleEnum.ADMIN')>')>
2025-01-16 11:40:19,727 - api.v1.auth.service - INFO - User found: <User(name='Ojogu Nkang', role='<Role(name='RoleEnum.ADMIN')>')>
2025-01-16 11:40:19,729 - api.v1.auth.service - INFO - Parsed user role: ADMIN
2025-01-16 11:40:19,732 - api.v1.auth.service - INFO - Permission granted for role: ADMIN
2025-01-16 11:40:19,739 - api.v1.auth.service - INFO - 686622b3-648f-42f6-9ea3-abba781f7cea
2025-01-16 11:40:19,996 - api.v1.auth.service - INFO - User found: <User(name='Ojogu Nkang', role='<Role(name='RoleEnum.ADMIN')>')>
2025-01-16 11:40:22,698 - api.v1.auth.service - INFO - Checking role permission for user
2025-01-16 11:40:22,701 - api.v1.auth.service - INFO - Normalized required roles: ['SUPERADMIN', 'ADMIN']
2025-01-16 11:40:22,704 - api.v1.auth.service - INFO - 686622b3-648f-42f6-9ea3-abba781f7cea
2025-01-16 11:40:23,109 - api.v1.auth.service - INFO - Checking role permission for user
2025-01-16 11:40:23,113 - api.v1.auth.service - INFO - Normalized required roles: ['SUPERADMIN', 'ADMIN']
2025-01-16 11:40:23,209 - api.v1.auth.service - INFO - 686622b3-648f-42f6-9ea3-abba781f7cea
2025-01-16 11:40:23,311 - api.v1.auth.service - INFO - User found: None
2025-01-16 11:40:23,326 - api.v1.auth.service - ERROR - User not found
2025-01-16 11:40:23,359 - api.v1.auth.service - INFO - 686622b3-648f-42f6-9ea3-abba781f7cea
2025-01-16 11:40:23,377 - api.v1.auth.service - INFO - Checking role permission for user
2025-01-16 11:40:23,402 - api.v1.auth.service - INFO - Normalized required roles: ['SUPERADMIN', 'ADMIN', 'BURSAR', 'SUBADMIN', 'STUDENT']
2025-01-16 11:40:23,413 - api.v1.auth.service - INFO - 686622b3-648f-42f6-9ea3-abba781f7cea
2025-01-16 11:40:23,681 - api.v1.auth.service - INFO - User found: None
2025-01-16 11:40:23,821 - api.v1.auth.service - INFO - User found: None
2025-01-16 11:40:23,843 - api.v1.auth.service - INFO - User found: <User(name='Ojogu Nkang', role='<Role(name='RoleEnum.ADMIN')>')>
2025-01-16 11:40:24,211 - api.v1.auth.service - ERROR - User not found
2025-01-16 11:40:24,561 - api.v1.auth.service - ERROR - User not found
2025-01-16 11:40:24,565 - api.v1.auth.service - INFO - Parsed user role: ADMIN
2025-01-16 11:40:24,566 - api.v1.auth.service - INFO - 686622b3-648f-42f6-9ea3-abba781f7cea
2025-01-16 11:40:24,569 - api.v1.auth.service - INFO - 686622b3-648f-42f6-9ea3-abba781f7cea
2025-01-16 11:40:24,574 - api.v1.auth.service - INFO - Permission granted for role: ADMIN
2025-01-16 11:40:24,585 - api.v1.auth.service - INFO - 686622b3-648f-42f6-9ea3-abba781f7cea
2025-01-16 11:40:24,938 - api.v1.auth.service - INFO - User found: <User(name='Ojogu Nkang', role='<Role(name='RoleEnum.ADMIN')>')>
2025-01-16 11:40:25,027 - api.v1.auth.service - INFO - User found: <User(name='Ojogu Nkang', role='<Role(name='RoleEnum.ADMIN')>')>
2025-01-16 11:40:25,030 - api.v1.auth.service - INFO - Parsed user role: ADMIN
2025-01-16 11:40:25,033 - api.v1.auth.service - INFO - Permission granted for role: ADMIN
2025-01-16 11:40:25,039 - api.v1.auth.service - INFO - 686622b3-648f-42f6-9ea3-abba781f7cea
2025-01-16 11:40:25,115 - api.v1.auth.service - INFO - User found: <User(name='Ojogu Nkang', role='<Role(name='RoleEnum.ADMIN')>')>
2025-01-16 11:40:25,118 - api.v1.auth.service - INFO - Parsed user role: ADMIN
2025-01-16 11:40:25,121 - api.v1.auth.service - INFO - Permission granted for role: ADMIN
2025-01-16 11:40:25,127 - api.v1.auth.service - INFO - 686622b3-648f-42f6-9ea3-abba781f7cea
2025-01-16 11:40:25,245 - api.v1.auth.service - INFO - User found: <User(name='Ojogu Nkang', role='<Role(name='RoleEnum.ADMIN')>')>
2025-01-16 11:40:25,336 - api.v1.auth.service - INFO - User found: <User(name='Ojogu Nkang', role='<Role(name='RoleEnum.ADMIN')>')>
2025-01-16 11:40:27,039 - api.v1.auth.service - INFO - Checking role permission for user
2025-01-16 11:40:27,042 - api.v1.auth.service - INFO - Normalized required roles: ['SUPERADMIN', 'ADMIN']
2025-01-16 11:40:27,046 - api.v1.auth.service - INFO - 686622b3-648f-42f6-9ea3-abba781f7cea
2025-01-16 11:40:27,441 - api.v1.auth.service - INFO - User found: None
2025-01-16 11:40:27,444 - api.v1.auth.service - ERROR - User not found
2025-01-16 11:40:27,447 - api.v1.auth.service - INFO - 686622b3-648f-42f6-9ea3-abba781f7cea
2025-01-16 11:40:27,849 - api.v1.auth.service - INFO - User found: <User(name='Ojogu Nkang', role='<Role(name='RoleEnum.ADMIN')>')>
2025-01-16 11:40:27,861 - api.v1.auth.service - INFO - Parsed user role: ADMIN
2025-01-16 11:40:27,866 - api.v1.auth.service - INFO - Permission granted for role: ADMIN
2025-01-16 11:40:27,875 - api.v1.auth.service - INFO - 686622b3-648f-42f6-9ea3-abba781f7cea
2025-01-16 11:40:28,154 - api.v1.auth.service - INFO - User found: <User(name='Ojogu Nkang', role='<Role(name='RoleEnum.ADMIN')>')>
2025-01-16 11:40:31,726 - api.v1.auth.service - INFO - Checking role permission for user
2025-01-16 11:40:31,728 - api.v1.auth.service - INFO - Normalized required roles: ['ADMIN', 'SUBADMIN']
2025-01-16 11:40:31,730 - api.v1.auth.service - INFO - 686622b3-648f-42f6-9ea3-abba781f7cea
2025-01-16 11:40:32,354 - api.v1.auth.service - INFO - User found: <User(name='Ojogu Nkang', role='<Role(name='RoleEnum.ADMIN')>')>
2025-01-16 11:40:32,357 - api.v1.auth.service - INFO - Parsed user role: ADMIN
2025-01-16 11:40:32,359 - api.v1.auth.service - INFO - Permission granted for role: ADMIN
2025-01-16 11:40:32,364 - api.v1.auth.service - INFO - 686622b3-648f-42f6-9ea3-abba781f7cea
2025-01-16 11:40:32,550 - api.v1.auth.service - INFO - User found: <User(name='Ojogu Nkang', role='<Role(name='RoleEnum.ADMIN')>')>
2025-01-16 11:41:05,490 - api.v1.auth.service - INFO - Checking role permission for user
2025-01-16 11:41:05,493 - api.v1.auth.service - INFO - Normalized required roles: ['SUPERADMIN', 'ADMIN']
2025-01-16 11:41:05,497 - api.v1.auth.service - INFO - 686622b3-648f-42f6-9ea3-abba781f7cea
2025-01-16 11:41:05,764 - api.v1.auth.service - INFO - Checking role permission for user
2025-01-16 11:41:05,766 - api.v1.auth.service - INFO - Normalized required roles: ['SUPERADMIN', 'ADMIN']
2025-01-16 11:41:05,769 - api.v1.auth.service - INFO - 686622b3-648f-42f6-9ea3-abba781f7cea
2025-01-16 11:41:05,802 - api.v1.auth.service - INFO - Checking role permission for user
2025-01-16 11:41:05,806 - api.v1.auth.service - INFO - Normalized required roles: ['SUPERADMIN', 'ADMIN', 'BURSAR', 'SUBADMIN', 'STUDENT']
2025-01-16 11:41:05,809 - api.v1.auth.service - INFO - 686622b3-648f-42f6-9ea3-abba781f7cea
2025-01-16 11:41:05,888 - api.v1.auth.service - INFO - User found: None
2025-01-16 11:41:05,892 - api.v1.auth.service - ERROR - User not found
2025-01-16 11:41:05,895 - api.v1.auth.service - INFO - 686622b3-648f-42f6-9ea3-abba781f7cea
2025-01-16 11:41:06,229 - api.v1.auth.service - INFO - User found: None
2025-01-16 11:41:06,232 - api.v1.auth.service - ERROR - User not found
2025-01-16 11:41:06,236 - api.v1.auth.service - INFO - 686622b3-648f-42f6-9ea3-abba781f7cea
2025-01-16 11:41:06,257 - api.v1.auth.service - INFO - User found: None
2025-01-16 11:41:06,260 - api.v1.auth.service - ERROR - User not found
2025-01-16 11:41:06,263 - api.v1.auth.service - INFO - 686622b3-648f-42f6-9ea3-abba781f7cea
2025-01-16 11:41:06,276 - api.v1.auth.service - INFO - User found: <User(name='Ojogu Nkang', role='<Role(name='RoleEnum.ADMIN')>')>
2025-01-16 11:41:06,278 - api.v1.auth.service - INFO - Parsed user role: ADMIN
2025-01-16 11:41:06,281 - api.v1.auth.service - INFO - Permission granted for role: ADMIN
2025-01-16 11:41:06,287 - api.v1.auth.service - INFO - 686622b3-648f-42f6-9ea3-abba781f7cea
2025-01-16 11:41:06,684 - api.v1.auth.service - INFO - User found: <User(name='Ojogu Nkang', role='<Role(name='RoleEnum.ADMIN')>')>
2025-01-16 11:41:06,716 - api.v1.auth.service - INFO - User found: <User(name='Ojogu Nkang', role='<Role(name='RoleEnum.ADMIN')>')>
2025-01-16 11:41:06,719 - api.v1.auth.service - INFO - Parsed user role: ADMIN
2025-01-16 11:41:06,724 - api.v1.auth.service - INFO - Permission granted for role: ADMIN
2025-01-16 11:41:06,730 - api.v1.auth.service - INFO - 686622b3-648f-42f6-9ea3-abba781f7cea
2025-01-16 11:41:06,823 - api.v1.auth.service - INFO - User found: <User(name='Ojogu Nkang', role='<Role(name='RoleEnum.ADMIN')>')>
2025-01-16 11:41:06,826 - api.v1.auth.service - INFO - Parsed user role: ADMIN
2025-01-16 11:41:06,829 - api.v1.auth.service - INFO - Permission granted for role: ADMIN
2025-01-16 11:41:06,835 - api.v1.auth.service - INFO - 686622b3-648f-42f6-9ea3-abba781f7cea
2025-01-16 11:41:06,998 - api.v1.auth.service - INFO - User found: <User(name='Ojogu Nkang', role='<Role(name='RoleEnum.ADMIN')>')>
2025-01-16 11:41:07,061 - api.v1.auth.service - INFO - User found: <User(name='Ojogu Nkang', role='<Role(name='RoleEnum.ADMIN')>')>
2025-01-16 11:41:10,561 - api.v1.auth.service - INFO - Checking role permission for user
2025-01-16 11:41:10,564 - api.v1.auth.service - INFO - Normalized required roles: ['SUPERADMIN', 'ADMIN']
2025-01-16 11:41:10,566 - api.v1.auth.service - INFO - 686622b3-648f-42f6-9ea3-abba781f7cea
2025-01-16 11:41:10,969 - api.v1.auth.service - INFO - User found: None
2025-01-16 11:41:10,972 - api.v1.auth.service - ERROR - User not found
2025-01-16 11:41:10,975 - api.v1.auth.service - INFO - 686622b3-648f-42f6-9ea3-abba781f7cea
2025-01-16 11:41:11,324 - api.v1.auth.service - INFO - User found: <User(name='Ojogu Nkang', role='<Role(name='RoleEnum.ADMIN')>')>
2025-01-16 11:41:11,327 - api.v1.auth.service - INFO - Parsed user role: ADMIN
2025-01-16 11:41:11,329 - api.v1.auth.service - INFO - Permission granted for role: ADMIN
2025-01-16 11:41:11,334 - api.v1.auth.service - INFO - 686622b3-648f-42f6-9ea3-abba781f7cea
2025-01-16 11:41:11,601 - api.v1.auth.service - INFO - User found: <User(name='Ojogu Nkang', role='<Role(name='RoleEnum.ADMIN')>')>
2025-01-16 11:41:14,356 - api.v1.auth.service - INFO - Checking role permission for user
2025-01-16 11:41:14,360 - api.v1.auth.service - INFO - Normalized required roles: ['ADMIN', 'SUBADMIN']
2025-01-16 11:41:14,363 - api.v1.auth.service - INFO - 686622b3-648f-42f6-9ea3-abba781f7cea
2025-01-16 11:41:14,990 - api.v1.auth.service - INFO - User found: <User(name='Ojogu Nkang', role='<Role(name='RoleEnum.ADMIN')>')>
2025-01-16 11:41:14,993 - api.v1.auth.service - INFO - Parsed user role: ADMIN
2025-01-16 11:41:14,997 - api.v1.auth.service - INFO - Permission granted for role: ADMIN
2025-01-16 11:41:15,001 - api.v1.auth.service - INFO - 686622b3-648f-42f6-9ea3-abba781f7cea
2025-01-16 11:41:15,268 - api.v1.auth.service - INFO - User found: <User(name='Ojogu Nkang', role='<Role(name='RoleEnum.ADMIN')>')>
2025-01-16 11:47:50,978 - api.v1.auth.service - INFO - User found: <User(name='Ojogu Nkang', role='<Role(name='RoleEnum.ADMIN')>')>
2025-01-16 11:47:51,784 - api.v1.auth.service - INFO - User authenticated
2025-01-16 11:48:25,399 - api.v1.auth.service - INFO - Checking role permission for user
2025-01-16 11:48:25,413 - api.v1.auth.service - INFO - Normalized required roles: ['ADMIN', 'SUBADMIN']
2025-01-16 11:48:25,418 - api.v1.auth.service - INFO - 686622b3-648f-42f6-9ea3-abba781f7cea
2025-01-16 11:48:26,022 - api.v1.auth.service - INFO - User found: <User(name='Ojogu Nkang', role='<Role(name='RoleEnum.ADMIN')>')>
2025-01-16 11:48:26,493 - api.v1.auth.service - INFO - Parsed user role: ADMIN
2025-01-16 11:48:26,769 - api.v1.auth.service - INFO - Permission granted for role: ADMIN
2025-01-16 11:48:26,778 - api.v1.auth.service - INFO - 686622b3-648f-42f6-9ea3-abba781f7cea
2025-01-16 11:48:26,976 - api.v1.auth.service - INFO - User found: <User(name='Ojogu Nkang', role='<Role(name='RoleEnum.ADMIN')>')>
2025-01-16 11:49:56,903 - api.v1.auth.service - INFO - Checking role permission for user
2025-01-16 11:49:56,910 - api.v1.auth.service - INFO - Normalized required roles: ['SUPERADMIN', 'ADMIN']
2025-01-16 11:49:56,914 - api.v1.auth.service - INFO - 686622b3-648f-42f6-9ea3-abba781f7cea
2025-01-16 11:49:57,165 - api.v1.auth.service - INFO - Checking role permission for user
2025-01-16 11:49:57,186 - api.v1.auth.service - INFO - Normalized required roles: ['SUPERADMIN', 'ADMIN', 'BURSAR', 'SUBADMIN', 'STUDENT']
2025-01-16 11:49:57,189 - api.v1.auth.service - INFO - 686622b3-648f-42f6-9ea3-abba781f7cea
2025-01-16 11:49:57,606 - api.v1.auth.service - INFO - User found: None
2025-01-16 11:49:57,609 - api.v1.auth.service - ERROR - User not found
2025-01-16 11:49:57,611 - api.v1.auth.service - INFO - 686622b3-648f-42f6-9ea3-abba781f7cea
2025-01-16 11:49:58,052 - api.v1.auth.service - INFO - User found: <User(name='Ojogu Nkang', role='<Role(name='RoleEnum.ADMIN')>')>
2025-01-16 11:49:58,055 - api.v1.auth.service - INFO - Checking role permission for user
2025-01-16 11:49:58,058 - api.v1.auth.service - INFO - Parsed user role: ADMIN
2025-01-16 11:49:58,059 - api.v1.auth.service - INFO - Normalized required roles: ['SUPERADMIN', 'ADMIN']
2025-01-16 11:49:58,062 - api.v1.auth.service - INFO - Permission granted for role: ADMIN
2025-01-16 11:49:58,062 - api.v1.auth.service - INFO - 686622b3-648f-42f6-9ea3-abba781f7cea
2025-01-16 11:49:58,069 - api.v1.auth.service - INFO - 686622b3-648f-42f6-9ea3-abba781f7cea
2025-01-16 11:49:58,310 - api.v1.auth.service - INFO - User found: <User(name='Ojogu Nkang', role='<Role(name='RoleEnum.ADMIN')>')>
2025-01-16 11:50:01,464 - api.v1.auth.service - INFO - User found: None
2025-01-16 11:50:01,467 - api.v1.auth.service - ERROR - User not found
2025-01-16 11:50:01,470 - api.v1.auth.service - INFO - 686622b3-648f-42f6-9ea3-abba781f7cea
2025-01-16 11:50:01,481 - api.v1.auth.service - INFO - User found: None
2025-01-16 11:50:01,484 - api.v1.auth.service - ERROR - User not found
2025-01-16 11:50:01,487 - api.v1.auth.service - INFO - 686622b3-648f-42f6-9ea3-abba781f7cea
2025-01-16 11:50:02,149 - api.v1.auth.service - INFO - User found: <User(name='Ojogu Nkang', role='<Role(name='RoleEnum.ADMIN')>')>
2025-01-16 11:50:02,150 - api.v1.auth.service - INFO - User found: <User(name='Ojogu Nkang', role='<Role(name='RoleEnum.ADMIN')>')>
2025-01-16 11:50:02,152 - api.v1.auth.service - INFO - Parsed user role: ADMIN
2025-01-16 11:50:02,154 - api.v1.auth.service - INFO - Parsed user role: ADMIN
2025-01-16 11:50:02,157 - api.v1.auth.service - INFO - Permission granted for role: ADMIN
2025-01-16 11:50:02,159 - api.v1.auth.service - INFO - Permission granted for role: ADMIN
2025-01-16 11:50:02,163 - api.v1.auth.service - INFO - 686622b3-648f-42f6-9ea3-abba781f7cea
2025-01-16 11:50:02,167 - api.v1.auth.service - INFO - 686622b3-648f-42f6-9ea3-abba781f7cea
2025-01-16 11:50:02,422 - api.v1.auth.service - INFO - User found: <User(name='Ojogu Nkang', role='<Role(name='RoleEnum.ADMIN')>')>
2025-01-16 11:50:02,490 - api.v1.auth.service - INFO - User found: <User(name='Ojogu Nkang', role='<Role(name='RoleEnum.ADMIN')>')>
2025-01-16 11:50:02,733 - api.v1.auth.service - INFO - Checking role permission for user
2025-01-16 11:50:02,736 - api.v1.auth.service - INFO - Normalized required roles: ['SUPERADMIN', 'ADMIN']
2025-01-16 11:50:02,742 - api.v1.auth.service - INFO - 686622b3-648f-42f6-9ea3-abba781f7cea
2025-01-16 11:50:03,286 - api.v1.auth.service - INFO - User found: None
2025-01-16 11:50:03,290 - api.v1.auth.service - ERROR - User not found
2025-01-16 11:50:03,292 - api.v1.auth.service - INFO - 686622b3-648f-42f6-9ea3-abba781f7cea
2025-01-16 11:50:04,011 - api.v1.auth.service - INFO - User found: <User(name='Ojogu Nkang', role='<Role(name='RoleEnum.ADMIN')>')>
2025-01-16 11:50:04,014 - api.v1.auth.service - INFO - Parsed user role: ADMIN
2025-01-16 11:50:04,016 - api.v1.auth.service - INFO - Permission granted for role: ADMIN
2025-01-16 11:50:04,023 - api.v1.auth.service - INFO - 686622b3-648f-42f6-9ea3-abba781f7cea
2025-01-16 11:50:04,255 - api.v1.auth.service - INFO - User found: <User(name='Ojogu Nkang', role='<Role(name='RoleEnum.ADMIN')>')>
2025-01-16 11:50:08,358 - api.v1.auth.service - INFO - Checking role permission for user
2025-01-16 11:50:08,362 - api.v1.auth.service - INFO - Normalized required roles: ['ADMIN', 'SUBADMIN']
2025-01-16 11:50:08,365 - api.v1.auth.service - INFO - 686622b3-648f-42f6-9ea3-abba781f7cea
2025-01-16 11:50:09,480 - api.v1.auth.service - INFO - User found: <User(name='Ojogu Nkang', role='<Role(name='RoleEnum.ADMIN')>')>
2025-01-16 11:50:09,483 - api.v1.auth.service - INFO - Parsed user role: ADMIN
2025-01-16 11:50:09,486 - api.v1.auth.service - INFO - Permission granted for role: ADMIN
2025-01-16 11:50:09,492 - api.v1.auth.service - INFO - 686622b3-648f-42f6-9ea3-abba781f7cea
2025-01-16 11:50:09,827 - api.v1.auth.service - INFO - User found: <User(name='Ojogu Nkang', role='<Role(name='RoleEnum.ADMIN')>')>
2025-01-16 11:50:42,661 - api.v1.auth.service - INFO - Checking role permission for user
2025-01-16 11:50:42,664 - api.v1.auth.service - INFO - Normalized required roles: ['ADMIN']
2025-01-16 11:50:42,667 - api.v1.auth.service - INFO - 686622b3-648f-42f6-9ea3-abba781f7cea
2025-01-16 11:50:43,351 - api.v1.auth.service - INFO - User found: <User(name='Ojogu Nkang', role='<Role(name='RoleEnum.ADMIN')>')>
2025-01-16 11:50:43,354 - api.v1.auth.service - INFO - Parsed user role: ADMIN
2025-01-16 11:50:43,357 - api.v1.auth.service - INFO - Permission granted for role: ADMIN
2025-01-16 11:50:43,368 - api.v1.auth.service - INFO - 686622b3-648f-42f6-9ea3-abba781f7cea
2025-01-16 11:50:43,584 - api.v1.auth.service - INFO - User found: <User(name='Ojogu Nkang', role='<Role(name='RoleEnum.ADMIN')>')>
2025-01-16 11:50:50,329 - api.v1.auth.service - INFO - Checking role permission for user
2025-01-16 11:50:50,333 - api.v1.auth.service - INFO - Normalized required roles: ['SUPERADMIN', 'ADMIN']
2025-01-16 11:50:50,335 - api.v1.auth.service - INFO - 686622b3-648f-42f6-9ea3-abba781f7cea
2025-01-16 11:50:50,612 - api.v1.auth.service - INFO - Checking role permission for user
2025-01-16 11:50:50,614 - api.v1.auth.service - INFO - Normalized required roles: ['SUPERADMIN', 'ADMIN']
2025-01-16 11:50:50,617 - api.v1.auth.service - INFO - 686622b3-648f-42f6-9ea3-abba781f7cea
2025-01-16 11:50:50,718 - api.v1.auth.service - INFO - Checking role permission for user
2025-01-16 11:50:50,720 - api.v1.auth.service - INFO - Normalized required roles: ['SUPERADMIN', 'ADMIN', 'BURSAR', 'SUBADMIN', 'STUDENT']
2025-01-16 11:50:50,724 - api.v1.auth.service - INFO - 686622b3-648f-42f6-9ea3-abba781f7cea
2025-01-16 11:50:50,842 - api.v1.auth.service - INFO - User found: None
2025-01-16 11:50:50,844 - api.v1.auth.service - ERROR - User not found
2025-01-16 11:50:50,853 - api.v1.auth.service - INFO - 686622b3-648f-42f6-9ea3-abba781f7cea
2025-01-16 11:50:51,010 - api.v1.auth.service - INFO - User found: None
2025-01-16 11:50:51,012 - api.v1.auth.service - ERROR - User not found
2025-01-16 11:50:51,014 - api.v1.auth.service - INFO - 686622b3-648f-42f6-9ea3-abba781f7cea
2025-01-16 11:50:51,157 - api.v1.auth.service - INFO - User found: None
2025-01-16 11:50:51,160 - api.v1.auth.service - ERROR - User not found
2025-01-16 11:50:51,162 - api.v1.auth.service - INFO - 686622b3-648f-42f6-9ea3-abba781f7cea
2025-01-16 11:50:51,362 - api.v1.auth.service - INFO - User found: <User(name='Ojogu Nkang', role='<Role(name='RoleEnum.ADMIN')>')>
2025-01-16 11:50:51,365 - api.v1.auth.service - INFO - Parsed user role: ADMIN
2025-01-16 11:50:51,368 - api.v1.auth.service - INFO - Permission granted for role: ADMIN
2025-01-16 11:50:51,375 - api.v1.auth.service - INFO - 686622b3-648f-42f6-9ea3-abba781f7cea
2025-01-16 11:50:51,714 - api.v1.auth.service - INFO - User found: <User(name='Ojogu Nkang', role='<Role(name='RoleEnum.ADMIN')>')>
2025-01-16 11:50:51,717 - api.v1.auth.service - INFO - Parsed user role: ADMIN
2025-01-16 11:50:51,720 - api.v1.auth.service - INFO - Permission granted for role: ADMIN
2025-01-16 11:50:51,726 - api.v1.auth.service - INFO - 686622b3-648f-42f6-9ea3-abba781f7cea
2025-01-16 11:50:51,930 - api.v1.auth.service - INFO - User found: <User(name='Ojogu Nkang', role='<Role(name='RoleEnum.ADMIN')>')>
2025-01-16 11:50:51,931 - api.v1.auth.service - INFO - User found: <User(name='Ojogu Nkang', role='<Role(name='RoleEnum.ADMIN')>')>
2025-01-16 11:50:51,935 - api.v1.auth.service - INFO - Parsed user role: ADMIN
2025-01-16 11:50:51,940 - api.v1.auth.service - INFO - Permission granted for role: ADMIN
2025-01-16 11:50:51,946 - api.v1.auth.service - INFO - 686622b3-648f-42f6-9ea3-abba781f7cea
2025-01-16 11:50:52,883 - api.v1.auth.service - INFO - User found: <User(name='Ojogu Nkang', role='<Role(name='RoleEnum.ADMIN')>')>
2025-01-16 11:50:53,092 - api.v1.auth.service - INFO - User found: <User(name='Ojogu Nkang', role='<Role(name='RoleEnum.ADMIN')>')>
2025-01-16 11:50:58,764 - api.v1.auth.service - INFO - Checking role permission for user
2025-01-16 11:50:58,766 - api.v1.auth.service - INFO - Normalized required roles: ['SUPERADMIN', 'ADMIN']
2025-01-16 11:50:58,769 - api.v1.auth.service - INFO - 686622b3-648f-42f6-9ea3-abba781f7cea
2025-01-16 11:50:59,122 - api.v1.auth.service - INFO - User found: None
2025-01-16 11:50:59,125 - api.v1.auth.service - ERROR - User not found
2025-01-16 11:50:59,128 - api.v1.auth.service - INFO - 686622b3-648f-42f6-9ea3-abba781f7cea
2025-01-16 11:50:59,561 - api.v1.auth.service - INFO - User found: <User(name='Ojogu Nkang', role='<Role(name='RoleEnum.ADMIN')>')>
2025-01-16 11:50:59,564 - api.v1.auth.service - INFO - Parsed user role: ADMIN
2025-01-16 11:50:59,567 - api.v1.auth.service - INFO - Permission granted for role: ADMIN
2025-01-16 11:50:59,572 - api.v1.auth.service - INFO - 686622b3-648f-42f6-9ea3-abba781f7cea
2025-01-16 11:50:59,780 - api.v1.auth.service - INFO - User found: <User(name='Ojogu Nkang', role='<Role(name='RoleEnum.ADMIN')>')>
2025-01-16 11:51:01,983 - api.v1.auth.service - INFO - Checking role permission for user
2025-01-16 11:51:01,986 - api.v1.auth.service - INFO - Normalized required roles: ['ADMIN', 'SUBADMIN']
2025-01-16 11:51:01,990 - api.v1.auth.service - INFO - 686622b3-648f-42f6-9ea3-abba781f7cea
2025-01-16 11:51:02,512 - api.v1.auth.service - INFO - User found: <User(name='Ojogu Nkang', role='<Role(name='RoleEnum.ADMIN')>')>
2025-01-16 11:51:02,515 - api.v1.auth.service - INFO - Parsed user role: ADMIN
2025-01-16 11:51:02,518 - api.v1.auth.service - INFO - Permission granted for role: ADMIN
2025-01-16 11:51:02,524 - api.v1.auth.service - INFO - 686622b3-648f-42f6-9ea3-abba781f7cea
2025-01-16 11:51:02,724 - api.v1.auth.service - INFO - User found: <User(name='Ojogu Nkang', role='<Role(name='RoleEnum.ADMIN')>')>
2025-01-16 11:51:14,230 - api.v1.auth.service - INFO - Checking role permission for user
2025-01-16 11:51:14,233 - api.v1.auth.service - INFO - Normalized required roles: ['ADMIN']
2025-01-16 11:51:14,236 - api.v1.auth.service - INFO - 686622b3-648f-42f6-9ea3-abba781f7cea
2025-01-16 11:51:14,833 - api.v1.auth.service - INFO - User found: <User(name='Ojogu Nkang', role='<Role(name='RoleEnum.ADMIN')>')>
2025-01-16 11:51:14,835 - api.v1.auth.service - INFO - Parsed user role: ADMIN
2025-01-16 11:51:14,839 - api.v1.auth.service - INFO - Permission granted for role: ADMIN
2025-01-16 11:51:14,848 - api.v1.auth.service - INFO - 686622b3-648f-42f6-9ea3-abba781f7cea
2025-01-16 11:51:15,158 - api.v1.auth.service - INFO - User found: <User(name='Ojogu Nkang', role='<Role(name='RoleEnum.ADMIN')>')>
2025-01-16 11:52:05,311 - api.v1.auth.service - INFO - Checking role permission for user
2025-01-16 11:52:05,313 - api.v1.auth.service - INFO - Normalized required roles: ['SUPERADMIN', 'ADMIN']
2025-01-16 11:52:05,316 - api.v1.auth.service - INFO - 686622b3-648f-42f6-9ea3-abba781f7cea
2025-01-16 11:52:05,714 - api.v1.auth.service - INFO - Checking role permission for user
2025-01-16 11:52:05,716 - api.v1.auth.service - INFO - Normalized required roles: ['SUPERADMIN', 'ADMIN']
2025-01-16 11:52:05,719 - api.v1.auth.service - INFO - 686622b3-648f-42f6-9ea3-abba781f7cea
2025-01-16 11:52:06,082 - api.v1.auth.service - INFO - User found: None
2025-01-16 11:52:06,084 - api.v1.auth.service - ERROR - User not found
2025-01-16 11:52:06,087 - api.v1.auth.service - INFO - 686622b3-648f-42f6-9ea3-abba781f7cea
2025-01-16 11:52:06,260 - api.v1.auth.service - INFO - Checking role permission for user
2025-01-16 11:52:06,264 - api.v1.auth.service - INFO - Normalized required roles: ['SUPERADMIN', 'ADMIN', 'BURSAR', 'SUBADMIN', 'STUDENT']
2025-01-16 11:52:06,269 - api.v1.auth.service - INFO - 686622b3-648f-42f6-9ea3-abba781f7cea
2025-01-16 11:52:06,398 - api.v1.auth.service - INFO - User found: None
2025-01-16 11:52:06,401 - api.v1.auth.service - ERROR - User not found
2025-01-16 11:52:06,404 - api.v1.auth.service - INFO - 686622b3-648f-42f6-9ea3-abba781f7cea
2025-01-16 11:52:06,517 - api.v1.auth.service - INFO - User found: <User(name='Ojogu Nkang', role='<Role(name='RoleEnum.ADMIN')>')>
2025-01-16 11:52:06,520 - api.v1.auth.service - INFO - Parsed user role: ADMIN
2025-01-16 11:52:06,523 - api.v1.auth.service - INFO - Permission granted for role: ADMIN
2025-01-16 11:52:06,533 - api.v1.auth.service - INFO - 686622b3-648f-42f6-9ea3-abba781f7cea
2025-01-16 11:52:06,637 - api.v1.auth.service - INFO - User found: None
2025-01-16 11:52:06,640 - api.v1.auth.service - ERROR - User not found
2025-01-16 11:52:06,643 - api.v1.auth.service - INFO - 686622b3-648f-42f6-9ea3-abba781f7cea
2025-01-16 11:52:06,711 - api.v1.auth.service - INFO - User found: <User(name='Ojogu Nkang', role='<Role(name='RoleEnum.ADMIN')>')>
2025-01-16 11:52:06,757 - api.v1.auth.service - INFO - User found: <User(name='Ojogu Nkang', role='<Role(name='RoleEnum.ADMIN')>')>
2025-01-16 11:52:06,760 - api.v1.auth.service - INFO - Parsed user role: ADMIN
2025-01-16 11:52:06,763 - api.v1.auth.service - INFO - Permission granted for role: ADMIN
2025-01-16 11:52:06,768 - api.v1.auth.service - INFO - 686622b3-648f-42f6-9ea3-abba781f7cea
2025-01-16 11:52:06,989 - api.v1.auth.service - INFO - User found: <User(name='Ojogu Nkang', role='<Role(name='RoleEnum.ADMIN')>')>
2025-01-16 11:52:07,250 - api.v1.auth.service - INFO - User found: <User(name='Ojogu Nkang', role='<Role(name='RoleEnum.ADMIN')>')>
2025-01-16 11:52:07,254 - api.v1.auth.service - INFO - Parsed user role: ADMIN
2025-01-16 11:52:07,257 - api.v1.auth.service - INFO - Permission granted for role: ADMIN
2025-01-16 11:52:07,265 - api.v1.auth.service - INFO - 686622b3-648f-42f6-9ea3-abba781f7cea
2025-01-16 11:52:07,480 - api.v1.auth.service - INFO - User found: <User(name='Ojogu Nkang', role='<Role(name='RoleEnum.ADMIN')>')>
2025-01-16 11:52:08,460 - api.v1.auth.service - INFO - Checking role permission for user
2025-01-16 11:52:08,463 - api.v1.auth.service - INFO - Normalized required roles: ['SUPERADMIN', 'ADMIN']
2025-01-16 11:52:08,465 - api.v1.auth.service - INFO - 686622b3-648f-42f6-9ea3-abba781f7cea
2025-01-16 11:52:08,859 - api.v1.auth.service - INFO - User found: None
2025-01-16 11:52:08,862 - api.v1.auth.service - ERROR - User not found
2025-01-16 11:52:08,864 - api.v1.auth.service - INFO - 686622b3-648f-42f6-9ea3-abba781f7cea
2025-01-16 11:52:09,227 - api.v1.auth.service - INFO - User found: <User(name='Ojogu Nkang', role='<Role(name='RoleEnum.ADMIN')>')>
2025-01-16 11:52:09,230 - api.v1.auth.service - INFO - Parsed user role: ADMIN
2025-01-16 11:52:09,232 - api.v1.auth.service - INFO - Permission granted for role: ADMIN
2025-01-16 11:52:09,238 - api.v1.auth.service - INFO - 686622b3-648f-42f6-9ea3-abba781f7cea
2025-01-16 11:52:09,442 - api.v1.auth.service - INFO - User found: <User(name='Ojogu Nkang', role='<Role(name='RoleEnum.ADMIN')>')>
2025-01-16 11:52:11,709 - api.v1.auth.service - INFO - Checking role permission for user
2025-01-16 11:52:11,713 - api.v1.auth.service - INFO - Normalized required roles: ['ADMIN', 'SUBADMIN']
2025-01-16 11:52:11,715 - api.v1.auth.service - INFO - 686622b3-648f-42f6-9ea3-abba781f7cea
2025-01-16 11:52:12,212 - api.v1.auth.service - INFO - User found: <User(name='Ojogu Nkang', role='<Role(name='RoleEnum.ADMIN')>')>
2025-01-16 11:52:12,215 - api.v1.auth.service - INFO - Parsed user role: ADMIN
2025-01-16 11:52:12,222 - api.v1.auth.service - INFO - Permission granted for role: ADMIN
2025-01-16 11:52:12,230 - api.v1.auth.service - INFO - 686622b3-648f-42f6-9ea3-abba781f7cea
2025-01-16 11:52:12,411 - api.v1.auth.service - INFO - User found: <User(name='Ojogu Nkang', role='<Role(name='RoleEnum.ADMIN')>')>
2025-01-16 11:52:36,242 - api.v1.auth.service - INFO - Checking role permission for user
2025-01-16 11:52:36,245 - api.v1.auth.service - INFO - Normalized required roles: ['ADMIN']
2025-01-16 11:52:36,249 - api.v1.auth.service - INFO - 686622b3-648f-42f6-9ea3-abba781f7cea
2025-01-16 11:52:38,023 - api.v1.auth.service - INFO - User found: <User(name='Ojogu Nkang', role='<Role(name='RoleEnum.ADMIN')>')>
2025-01-16 11:52:38,026 - api.v1.auth.service - INFO - Parsed user role: ADMIN
2025-01-16 11:52:38,029 - api.v1.auth.service - INFO - Permission granted for role: ADMIN
2025-01-16 11:52:41,326 - api.v1.auth.service - INFO - 686622b3-648f-42f6-9ea3-abba781f7cea
2025-01-16 11:52:41,798 - api.v1.auth.service - INFO - User found: <User(name='Ojogu Nkang', role='<Role(name='RoleEnum.ADMIN')>')>
2025-01-16 11:52:50,254 - api.v1.auth.service - INFO - 686622b3-648f-42f6-9ea3-abba781f7cea
2025-01-16 11:52:51,173 - api.v1.auth.service - INFO - User found: <User(name='Ojogu Nkang', role='<Role(name='RoleEnum.ADMIN')>')>
2025-01-16 11:53:11,458 - api.v1.auth.service - INFO - 686622b3-648f-42f6-9ea3-abba781f7cea
2025-01-16 11:53:12,039 - api.v1.auth.service - INFO - User found: <User(name='Ojogu Nkang', role='<Role(name='RoleEnum.ADMIN')>')>
2025-01-16 11:53:20,064 - api.v1.auth.service - INFO - 686622b3-648f-42f6-9ea3-abba781f7cea
2025-01-16 11:53:20,570 - api.v1.auth.service - INFO - User found: <User(name='Ojogu Nkang', role='<Role(name='RoleEnum.ADMIN')>')>
2025-01-16 11:53:41,957 - api.v1.auth.service - INFO - Checking role permission for user
2025-01-16 11:53:41,960 - api.v1.auth.service - INFO - Normalized required roles: ['SUPERADMIN', 'ADMIN']
2025-01-16 11:53:41,962 - api.v1.auth.service - INFO - 686622b3-648f-42f6-9ea3-abba781f7cea
2025-01-16 11:53:42,295 - api.v1.auth.service - INFO - User found: None
2025-01-16 11:53:42,298 - api.v1.auth.service - ERROR - User not found
2025-01-16 11:53:42,301 - api.v1.auth.service - INFO - 686622b3-648f-42f6-9ea3-abba781f7cea
2025-01-16 11:53:42,639 - api.v1.auth.service - INFO - User found: <User(name='Ojogu Nkang', role='<Role(name='RoleEnum.ADMIN')>')>
2025-01-16 11:53:42,641 - api.v1.auth.service - INFO - Parsed user role: ADMIN
2025-01-16 11:53:42,645 - api.v1.auth.service - INFO - Permission granted for role: ADMIN
2025-01-16 11:53:42,650 - api.v1.auth.service - INFO - 686622b3-648f-42f6-9ea3-abba781f7cea
2025-01-16 11:53:44,851 - api.v1.auth.service - INFO - User found: <User(name='Ojogu Nkang', role='<Role(name='RoleEnum.ADMIN')>')>
2025-01-16 11:53:45,549 - api.v1.auth.service - INFO - Checking role permission for user
2025-01-16 11:53:45,552 - api.v1.auth.service - INFO - Normalized required roles: ['SUPERADMIN', 'ADMIN']
2025-01-16 11:53:45,554 - api.v1.auth.service - INFO - 686622b3-648f-42f6-9ea3-abba781f7cea
2025-01-16 11:53:47,866 - api.v1.auth.service - INFO - User found: None
2025-01-16 11:53:47,868 - api.v1.auth.service - ERROR - User not found
2025-01-16 11:53:47,871 - api.v1.auth.service - INFO - 686622b3-648f-42f6-9ea3-abba781f7cea
2025-01-16 11:53:50,397 - api.v1.auth.service - INFO - User found: <User(name='Ojogu Nkang', role='<Role(name='RoleEnum.ADMIN')>')>
2025-01-16 11:53:50,401 - api.v1.auth.service - INFO - Parsed user role: ADMIN
2025-01-16 11:53:50,404 - api.v1.auth.service - INFO - Permission granted for role: ADMIN
2025-01-16 11:53:50,409 - api.v1.auth.service - INFO - 686622b3-648f-42f6-9ea3-abba781f7cea
2025-01-16 11:53:50,462 - api.v1.auth.service - INFO - Checking role permission for user
2025-01-16 11:53:50,466 - api.v1.auth.service - INFO - Normalized required roles: ['SUPERADMIN', 'ADMIN']
2025-01-16 11:53:50,468 - api.v1.auth.service - INFO - 686622b3-648f-42f6-9ea3-abba781f7cea
2025-01-16 11:53:52,498 - api.v1.auth.service - INFO - User found: <User(name='Ojogu Nkang', role='<Role(name='RoleEnum.ADMIN')>')>
2025-01-16 11:53:52,705 - api.v1.auth.service - INFO - User found: None
2025-01-16 11:53:52,707 - api.v1.auth.service - ERROR - User not found
2025-01-16 11:53:52,710 - api.v1.auth.service - INFO - 686622b3-648f-42f6-9ea3-abba781f7cea
2025-01-16 11:53:52,775 - api.v1.auth.service - INFO - Checking role permission for user
2025-01-16 11:53:52,781 - api.v1.auth.service - INFO - Normalized required roles: ['SUPERADMIN', 'ADMIN', 'BURSAR', 'SUBADMIN', 'STUDENT']
2025-01-16 11:53:52,785 - api.v1.auth.service - INFO - 686622b3-648f-42f6-9ea3-abba781f7cea
2025-01-16 11:53:53,047 - api.v1.auth.service - INFO - User found: <User(name='Ojogu Nkang', role='<Role(name='RoleEnum.ADMIN')>')>
2025-01-16 11:53:53,050 - api.v1.auth.service - INFO - Parsed user role: ADMIN
2025-01-16 11:53:53,053 - api.v1.auth.service - INFO - Permission granted for role: ADMIN
2025-01-16 11:53:53,059 - api.v1.auth.service - INFO - 686622b3-648f-42f6-9ea3-abba781f7cea
2025-01-16 11:53:53,298 - api.v1.auth.service - INFO - User found: None
2025-01-16 11:53:53,302 - api.v1.auth.service - ERROR - User not found
2025-01-16 11:53:53,304 - api.v1.auth.service - INFO - 686622b3-648f-42f6-9ea3-abba781f7cea
2025-01-16 11:53:53,409 - api.v1.auth.service - INFO - User found: <User(name='Ojogu Nkang', role='<Role(name='RoleEnum.ADMIN')>')>
2025-01-16 11:53:53,696 - api.v1.auth.service - INFO - User found: <User(name='Ojogu Nkang', role='<Role(name='RoleEnum.ADMIN')>')>
2025-01-16 11:53:53,699 - api.v1.auth.service - INFO - Parsed user role: ADMIN
2025-01-16 11:53:53,702 - api.v1.auth.service - INFO - Permission granted for role: ADMIN
2025-01-16 11:53:53,708 - api.v1.auth.service - INFO - 686622b3-648f-42f6-9ea3-abba781f7cea
2025-01-16 11:53:53,946 - api.v1.auth.service - INFO - User found: <User(name='Ojogu Nkang', role='<Role(name='RoleEnum.ADMIN')>')>
2025-01-16 11:53:56,143 - api.v1.auth.service - INFO - Checking role permission for user
2025-01-16 11:53:56,149 - api.v1.auth.service - INFO - Normalized required roles: ['ADMIN', 'SUBADMIN']
2025-01-16 11:53:56,152 - api.v1.auth.service - INFO - 686622b3-648f-42f6-9ea3-abba781f7cea
2025-01-16 11:53:56,683 - api.v1.auth.service - INFO - User found: <User(name='Ojogu Nkang', role='<Role(name='RoleEnum.ADMIN')>')>
2025-01-16 11:53:56,686 - api.v1.auth.service - INFO - Parsed user role: ADMIN
2025-01-16 11:53:56,689 - api.v1.auth.service - INFO - Permission granted for role: ADMIN
2025-01-16 11:53:56,696 - api.v1.auth.service - INFO - 686622b3-648f-42f6-9ea3-abba781f7cea
2025-01-16 11:53:56,878 - api.v1.auth.service - INFO - User found: <User(name='Ojogu Nkang', role='<Role(name='RoleEnum.ADMIN')>')>
2025-01-16 11:54:17,325 - api.v1.auth.service - INFO - Checking role permission for user
2025-01-16 11:54:18,055 - api.v1.auth.service - INFO - Normalized required roles: ['ADMIN', 'SUBADMIN']
2025-01-16 11:54:19,687 - api.v1.auth.service - INFO - 686622b3-648f-42f6-9ea3-abba781f7cea
2025-01-16 11:54:20,332 - api.v1.auth.service - INFO - User found: <User(name='Ojogu Nkang', role='<Role(name='RoleEnum.ADMIN')>')>
2025-01-16 11:54:20,335 - api.v1.auth.service - INFO - Parsed user role: ADMIN
2025-01-16 11:54:20,337 - api.v1.auth.service - INFO - Permission granted for role: ADMIN
2025-01-16 11:54:20,343 - api.v1.auth.service - INFO - 686622b3-648f-42f6-9ea3-abba781f7cea
2025-01-16 11:54:20,556 - api.v1.auth.service - INFO - User found: <User(name='Ojogu Nkang', role='<Role(name='RoleEnum.ADMIN')>')>
2025-01-16 13:22:48,811 - api.v1.auth.super_admin_auth - ERROR - Email and password are required
2025-01-16 13:22:52,385 - api.v1.auth.service - INFO - Created user: <SuperAdmin(username='ODEY', email='odey@superadmin.com')>
2025-01-16 13:22:55,749 - api.v1.auth.service - INFO - User found: <SuperAdmin(username='ODEY', email='odey@superadmin.com')>
2025-01-16 13:22:56,379 - api.v1.auth.service - INFO - User authenticated
2025-01-16 13:22:56,383 - api.v1.auth.super_admin_auth - INFO - <SuperAdmin(username='ODEY', email='odey@superadmin.com')>
2025-01-16 13:22:56,388 - api.v1.auth.super_admin_auth - INFO - Login successful
2025-01-16 13:23:03,313 - api.v1.auth.service - INFO - Checking role permission for user
2025-01-16 13:23:03,593 - api.v1.auth.service - INFO - Checking role permission for user
2025-01-16 13:23:03,670 - api.v1.auth.service - INFO - Checking role permission for user
2025-01-16 13:23:03,963 - api.v1.auth.service - INFO - Checking role permission for user
2025-01-16 13:23:04,376 - api.v1.auth.service - INFO - Normalized required roles: ['SUPERADMIN']
2025-01-16 13:23:04,379 - api.v1.auth.service - INFO - Normalized required roles: ['SUPERADMIN']
2025-01-16 13:23:04,382 - api.v1.auth.service - INFO - Normalized required roles: ['SUPERADMIN']
2025-01-16 13:23:04,384 - api.v1.auth.service - INFO - Normalized required roles: ['SUPERADMIN']
2025-01-16 13:23:04,388 - api.v1.auth.service - INFO - 3913950e-811b-41df-a2a0-ce6b55e4fc56
2025-01-16 13:23:04,393 - api.v1.auth.service - INFO - 3913950e-811b-41df-a2a0-ce6b55e4fc56
2025-01-16 13:23:04,394 - api.v1.auth.service - INFO - 3913950e-811b-41df-a2a0-ce6b55e4fc56
2025-01-16 13:23:04,397 - api.v1.auth.service - INFO - 3913950e-811b-41df-a2a0-ce6b55e4fc56
2025-01-16 13:23:06,587 - api.v1.auth.service - INFO - User found: <SuperAdmin(username='ODEY', email='odey@superadmin.com')>
2025-01-16 13:23:06,620 - api.v1.auth.service - INFO - Permission granted for superadmin
2025-01-16 13:23:08,251 - api.v1.auth.service - INFO - User found: <SuperAdmin(username='ODEY', email='odey@superadmin.com')>
2025-01-16 13:23:08,254 - api.v1.auth.service - INFO - Permission granted for superadmin
2025-01-16 13:23:08,342 - api.v1.auth.service - INFO - User found: <SuperAdmin(username='ODEY', email='odey@superadmin.com')>
2025-01-16 13:23:08,343 - api.v1.auth.service - INFO - User found: <SuperAdmin(username='ODEY', email='odey@superadmin.com')>
2025-01-16 13:23:08,350 - api.v1.auth.service - INFO - Permission granted for superadmin
2025-01-16 13:23:08,355 - api.v1.auth.service - INFO - Permission granted for superadmin
2025-01-16 13:23:42,840 - api.v1.auth.service - INFO - Checking role permission for user
2025-01-16 13:23:42,844 - api.v1.auth.service - INFO - Normalized required roles: ['SUPERADMIN']
2025-01-16 13:23:42,848 - api.v1.auth.service - INFO - 3913950e-811b-41df-a2a0-ce6b55e4fc56
2025-01-16 13:23:43,231 - api.v1.auth.service - INFO - User found: <SuperAdmin(username='ODEY', email='odey@superadmin.com')>
2025-01-16 13:23:43,236 - api.v1.auth.service - INFO - Permission granted for superadmin
2025-01-16 13:23:51,010 - api.v1.auth.service - INFO - Checking role permission for user
2025-01-16 13:23:51,013 - api.v1.auth.service - INFO - Normalized required roles: ['SUPERADMIN']
2025-01-16 13:23:51,016 - api.v1.auth.service - INFO - 3913950e-811b-41df-a2a0-ce6b55e4fc56
2025-01-16 13:23:51,253 - api.v1.auth.service - INFO - Checking role permission for user
2025-01-16 13:23:51,257 - api.v1.auth.service - INFO - Normalized required roles: ['SUPERADMIN']
2025-01-16 13:23:51,262 - api.v1.auth.service - INFO - Checking role permission for user
2025-01-16 13:23:51,263 - api.v1.auth.service - INFO - 3913950e-811b-41df-a2a0-ce6b55e4fc56
2025-01-16 13:23:51,269 - api.v1.auth.service - INFO - Normalized required roles: ['SUPERADMIN']
2025-01-16 13:23:51,272 - api.v1.auth.service - INFO - Checking role permission for user
2025-01-16 13:23:51,279 - api.v1.auth.service - INFO - 3913950e-811b-41df-a2a0-ce6b55e4fc56
2025-01-16 13:23:51,282 - api.v1.auth.service - INFO - Normalized required roles: ['SUPERADMIN']
2025-01-16 13:23:51,289 - api.v1.auth.service - INFO - 3913950e-811b-41df-a2a0-ce6b55e4fc56
2025-01-16 13:23:51,400 - api.v1.auth.service - INFO - User found: <SuperAdmin(username='ODEY', email='odey@superadmin.com')>
2025-01-16 13:23:51,404 - api.v1.auth.service - INFO - Permission granted for superadmin
2025-01-16 13:23:51,626 - api.v1.auth.service - INFO - User found: <SuperAdmin(username='ODEY', email='odey@superadmin.com')>
2025-01-16 13:23:51,629 - api.v1.auth.service - INFO - Permission granted for superadmin
2025-01-16 13:23:51,646 - api.v1.auth.service - INFO - User found: <SuperAdmin(username='ODEY', email='odey@superadmin.com')>
2025-01-16 13:23:51,647 - api.v1.auth.service - INFO - User found: <SuperAdmin(username='ODEY', email='odey@superadmin.com')>
2025-01-16 13:23:51,654 - api.v1.auth.service - INFO - Permission granted for superadmin
2025-01-16 13:23:51,655 - api.v1.auth.service - INFO - Permission granted for superadmin
2025-01-16 13:24:35,964 - api.v1.auth.service - INFO - Checking role permission for user
2025-01-16 13:24:35,968 - api.v1.auth.service - INFO - Normalized required roles: ['SUPERADMIN']
2025-01-16 13:24:35,973 - api.v1.auth.service - INFO - 3913950e-811b-41df-a2a0-ce6b55e4fc56
2025-01-16 13:24:36,362 - api.v1.auth.service - INFO - User found: <SuperAdmin(username='ODEY', email='odey@superadmin.com')>
2025-01-16 13:24:36,366 - api.v1.auth.service - INFO - Permission granted for superadmin
2025-01-16 13:24:52,351 - api.v1.auth.service - INFO - Checking role permission for user
2025-01-16 13:24:52,356 - api.v1.auth.service - INFO - Normalized required roles: ['SUPERADMIN']
2025-01-16 13:24:52,359 - api.v1.auth.service - INFO - 3913950e-811b-41df-a2a0-ce6b55e4fc56
2025-01-16 13:24:52,379 - api.v1.auth.service - INFO - Checking role permission for user
2025-01-16 13:24:52,382 - api.v1.auth.service - INFO - Normalized required roles: ['SUPERADMIN']
2025-01-16 13:24:52,386 - api.v1.auth.service - INFO - 3913950e-811b-41df-a2a0-ce6b55e4fc56
2025-01-16 13:24:52,431 - api.v1.auth.service - INFO - Checking role permission for user
2025-01-16 13:24:52,434 - api.v1.auth.service - INFO - Normalized required roles: ['SUPERADMIN']
2025-01-16 13:24:52,438 - api.v1.auth.service - INFO - 3913950e-811b-41df-a2a0-ce6b55e4fc56
2025-01-16 13:24:52,697 - api.v1.auth.service - INFO - Checking role permission for user
2025-01-16 13:24:52,701 - api.v1.auth.service - INFO - User found: <SuperAdmin(username='ODEY', email='odey@superadmin.com')>
2025-01-16 13:24:52,701 - api.v1.auth.service - INFO - Normalized required roles: ['SUPERADMIN']
2025-01-16 13:24:52,706 - api.v1.auth.service - INFO - Permission granted for superadmin
2025-01-16 13:24:52,709 - api.v1.auth.service - INFO - 3913950e-811b-41df-a2a0-ce6b55e4fc56
2025-01-16 13:24:52,724 - api.v1.auth.service - INFO - User found: <SuperAdmin(username='ODEY', email='odey@superadmin.com')>
2025-01-16 13:24:52,727 - api.v1.auth.service - INFO - Permission granted for superadmin
2025-01-16 13:24:52,866 - api.v1.auth.service - INFO - User found: <SuperAdmin(username='ODEY', email='odey@superadmin.com')>
2025-01-16 13:24:52,872 - api.v1.auth.service - INFO - Permission granted for superadmin
2025-01-16 13:24:53,059 - api.v1.auth.service - INFO - User found: <SuperAdmin(username='ODEY', email='odey@superadmin.com')>
2025-01-16 13:24:53,066 - api.v1.auth.service - INFO - Permission granted for superadmin
2025-01-16 13:25:25,283 - api.v1.auth.service - INFO - User not found
2025-01-16 13:25:25,287 - api.v1.auth.users_auth - ERROR - User not found: User not found
2025-01-16 13:25:49,081 - api.v1.auth.service - INFO - User found: <SuperAdmin(username='ODEY', email='odey@superadmin.com')>
2025-01-16 13:25:49,394 - api.v1.auth.service - INFO - User found: <SuperAdmin(username='ODEY', email='odey@superadmin.com')>
2025-01-16 13:25:49,739 - api.v1.auth.service - INFO - User authenticated
2025-01-16 13:25:49,747 - api.v1.auth.super_admin_auth - INFO - <SuperAdmin(username='ODEY', email='odey@superadmin.com')>
2025-01-16 13:25:49,753 - api.v1.auth.super_admin_auth - INFO - Login successful
2025-01-16 13:25:50,059 - api.v1.auth.service - INFO - User authenticated
2025-01-16 13:25:50,062 - api.v1.auth.super_admin_auth - INFO - <SuperAdmin(username='ODEY', email='odey@superadmin.com')>
2025-01-16 13:25:50,068 - api.v1.auth.super_admin_auth - INFO - Login successful
2025-01-16 13:25:57,141 - api.v1.auth.service - INFO - Checking role permission for user
2025-01-16 13:25:57,145 - api.v1.auth.service - INFO - Normalized required roles: ['SUPERADMIN']
2025-01-16 13:25:57,148 - api.v1.auth.service - INFO - 3913950e-811b-41df-a2a0-ce6b55e4fc56
2025-01-16 13:25:57,379 - api.v1.auth.service - INFO - Checking role permission for user
2025-01-16 13:25:57,382 - api.v1.auth.service - INFO - Normalized required roles: ['SUPERADMIN']
2025-01-16 13:25:57,385 - api.v1.auth.service - INFO - 3913950e-811b-41df-a2a0-ce6b55e4fc56
2025-01-16 13:25:57,460 - api.v1.auth.service - INFO - Checking role permission for user
2025-01-16 13:25:57,463 - api.v1.auth.service - INFO - Normalized required roles: ['SUPERADMIN']
2025-01-16 13:25:57,466 - api.v1.auth.service - INFO - 3913950e-811b-41df-a2a0-ce6b55e4fc56
2025-01-16 13:25:57,504 - api.v1.auth.service - INFO - User found: <SuperAdmin(username='ODEY', email='odey@superadmin.com')>
2025-01-16 13:25:57,508 - api.v1.auth.service - INFO - Permission granted for superadmin
2025-01-16 13:25:57,651 - api.v1.auth.service - INFO - Checking role permission for user
2025-01-16 13:25:57,659 - api.v1.auth.service - INFO - Normalized required roles: ['SUPERADMIN']
2025-01-16 13:25:57,662 - api.v1.auth.service - INFO - 3913950e-811b-41df-a2a0-ce6b55e4fc56
2025-01-16 13:25:57,822 - api.v1.auth.service - INFO - User found: <SuperAdmin(username='ODEY', email='odey@superadmin.com')>
2025-01-16 13:25:57,826 - api.v1.auth.service - INFO - Permission granted for superadmin
2025-01-16 13:25:57,903 - api.v1.auth.service - INFO - User found: <SuperAdmin(username='ODEY', email='odey@superadmin.com')>
2025-01-16 13:25:57,908 - api.v1.auth.service - INFO - Permission granted for superadmin
2025-01-16 13:25:58,083 - api.v1.auth.service - INFO - User found: <SuperAdmin(username='ODEY', email='odey@superadmin.com')>
2025-01-16 13:25:58,087 - api.v1.auth.service - INFO - Permission granted for superadmin
2025-01-16 13:26:31,913 - api.v1.auth.service - INFO - User found: <User(name='Ojogu Nkang', role='<Role(name='RoleEnum.ADMIN')>')>
2025-01-16 13:26:32,646 - api.v1.auth.service - INFO - User authenticated
2025-01-16 13:26:37,818 - api.v1.auth.service - INFO - Checking role permission for user
2025-01-16 13:26:37,822 - api.v1.auth.service - INFO - Normalized required roles: ['SUPERADMIN', 'ADMIN']
2025-01-16 13:26:37,826 - api.v1.auth.service - INFO - a5f8a315-4058-4650-9687-b10871bf667d
2025-01-16 13:26:37,887 - api.v1.auth.service - INFO - Checking role permission for user
2025-01-16 13:26:37,891 - api.v1.auth.service - INFO - Normalized required roles: ['SUPERADMIN', 'ADMIN']
2025-01-16 13:26:37,895 - api.v1.auth.service - INFO - a5f8a315-4058-4650-9687-b10871bf667d
2025-01-16 13:26:38,129 - api.v1.auth.service - INFO - Checking role permission for user
2025-01-16 13:26:38,133 - api.v1.auth.service - INFO - Normalized required roles: ['SUPERADMIN', 'ADMIN', 'BURSAR', 'SUBADMIN', 'STUDENT']
2025-01-16 13:26:38,136 - api.v1.auth.service - INFO - a5f8a315-4058-4650-9687-b10871bf667d
2025-01-16 13:26:38,176 - api.v1.auth.service - INFO - User found: None
2025-01-16 13:26:38,180 - api.v1.auth.service - ERROR - User not found
2025-01-16 13:26:38,183 - api.v1.auth.service - INFO - a5f8a315-4058-4650-9687-b10871bf667d
2025-01-16 13:26:38,281 - api.v1.auth.service - INFO - User found: None
2025-01-16 13:26:38,284 - api.v1.auth.service - ERROR - User not found
2025-01-16 13:26:38,287 - api.v1.auth.service - INFO - a5f8a315-4058-4650-9687-b10871bf667d
2025-01-16 13:26:38,556 - api.v1.auth.service - INFO - User found: None
2025-01-16 13:26:38,560 - api.v1.auth.service - ERROR - User not found
2025-01-16 13:26:38,563 - api.v1.auth.service - INFO - a5f8a315-4058-4650-9687-b10871bf667d
2025-01-16 13:26:38,612 - api.v1.auth.service - INFO - User found: <User(name='Ojogu Nkang', role='<Role(name='RoleEnum.ADMIN')>')>
2025-01-16 13:26:38,616 - api.v1.auth.service - INFO - Parsed user role: ADMIN
2025-01-16 13:26:38,619 - api.v1.auth.service - INFO - Permission granted for role: ADMIN
2025-01-16 13:26:38,628 - api.v1.auth.service - INFO - a5f8a315-4058-4650-9687-b10871bf667d
2025-01-16 13:26:38,741 - api.v1.auth.service - INFO - User found: <User(name='Ojogu Nkang', role='<Role(name='RoleEnum.ADMIN')>')>
2025-01-16 13:26:38,745 - api.v1.auth.service - INFO - Parsed user role: ADMIN
2025-01-16 13:26:38,748 - api.v1.auth.service - INFO - Permission granted for role: ADMIN
2025-01-16 13:26:38,761 - api.v1.auth.service - INFO - a5f8a315-4058-4650-9687-b10871bf667d
2025-01-16 13:26:38,879 - api.v1.auth.service - INFO - User found: <User(name='Ojogu Nkang', role='<Role(name='RoleEnum.ADMIN')>')>
2025-01-16 13:26:38,997 - api.v1.auth.service - INFO - User found: <User(name='Ojogu Nkang', role='<Role(name='RoleEnum.ADMIN')>')>
2025-01-16 13:26:39,021 - api.v1.auth.service - INFO - User found: <User(name='Ojogu Nkang', role='<Role(name='RoleEnum.ADMIN')>')>
2025-01-16 13:26:39,025 - api.v1.auth.service - INFO - Parsed user role: ADMIN
2025-01-16 13:26:39,031 - api.v1.auth.service - INFO - Permission granted for role: ADMIN
2025-01-16 13:26:39,039 - api.v1.auth.service - INFO - a5f8a315-4058-4650-9687-b10871bf667d
2025-01-16 13:26:39,261 - api.v1.auth.service - INFO - User found: <User(name='Ojogu Nkang', role='<Role(name='RoleEnum.ADMIN')>')>
2025-01-16 13:26:40,366 - api.v1.auth.service - INFO - Checking role permission for user
2025-01-16 13:26:40,369 - api.v1.auth.service - INFO - Normalized required roles: ['SUPERADMIN', 'ADMIN']
2025-01-16 13:26:40,375 - api.v1.auth.service - INFO - a5f8a315-4058-4650-9687-b10871bf667d
2025-01-16 13:26:40,742 - api.v1.auth.service - INFO - User found: None
2025-01-16 13:26:40,746 - api.v1.auth.service - ERROR - User not found
2025-01-16 13:26:40,749 - api.v1.auth.service - INFO - a5f8a315-4058-4650-9687-b10871bf667d
2025-01-16 13:26:41,099 - api.v1.auth.service - INFO - User found: <User(name='Ojogu Nkang', role='<Role(name='RoleEnum.ADMIN')>')>
2025-01-16 13:26:41,102 - api.v1.auth.service - INFO - Parsed user role: ADMIN
2025-01-16 13:26:41,106 - api.v1.auth.service - INFO - Permission granted for role: ADMIN
2025-01-16 13:26:41,114 - api.v1.auth.service - INFO - a5f8a315-4058-4650-9687-b10871bf667d
2025-01-16 13:26:41,288 - api.v1.auth.service - INFO - User found: <User(name='Ojogu Nkang', role='<Role(name='RoleEnum.ADMIN')>')>
2025-01-16 13:26:43,520 - api.v1.auth.service - INFO - Checking role permission for user
2025-01-16 13:26:43,524 - api.v1.auth.service - INFO - Normalized required roles: ['ADMIN', 'SUBADMIN']
2025-01-16 13:26:43,528 - api.v1.auth.service - INFO - a5f8a315-4058-4650-9687-b10871bf667d
2025-01-16 13:26:44,092 - api.v1.auth.service - INFO - User found: <User(name='Ojogu Nkang', role='<Role(name='RoleEnum.ADMIN')>')>
2025-01-16 13:26:44,123 - api.v1.auth.service - INFO - Parsed user role: ADMIN
2025-01-16 13:26:44,131 - api.v1.auth.service - INFO - Permission granted for role: ADMIN
2025-01-16 13:26:44,145 - api.v1.auth.service - INFO - a5f8a315-4058-4650-9687-b10871bf667d
2025-01-16 13:26:44,332 - api.v1.auth.service - INFO - User found: <User(name='Ojogu Nkang', role='<Role(name='RoleEnum.ADMIN')>')>
2025-01-16 13:27:12,728 - api.v1.auth.service - INFO - Checking role permission for user
2025-01-16 13:27:12,731 - api.v1.auth.service - INFO - Normalized required roles: ['ADMIN']
2025-01-16 13:27:12,735 - api.v1.auth.service - INFO - a5f8a315-4058-4650-9687-b10871bf667d
2025-01-16 13:27:14,199 - api.v1.auth.service - INFO - User found: <User(name='Ojogu Nkang', role='<Role(name='RoleEnum.ADMIN')>')>
2025-01-16 13:27:14,202 - api.v1.auth.service - INFO - Parsed user role: ADMIN
2025-01-16 13:27:14,205 - api.v1.auth.service - INFO - Permission granted for role: ADMIN
2025-01-16 13:28:59,374 - api.v1.auth.service - INFO - Checking role permission for user
2025-01-16 13:28:59,383 - api.v1.auth.service - INFO - Normalized required roles: ['SUPERADMIN', 'ADMIN']
2025-01-16 13:28:59,388 - api.v1.auth.service - INFO - a5f8a315-4058-4650-9687-b10871bf667d
2025-01-16 13:29:02,675 - api.v1.auth.service - INFO - Checking role permission for user
2025-01-16 13:29:02,679 - api.v1.auth.service - INFO - Normalized required roles: ['SUPERADMIN', 'ADMIN', 'BURSAR', 'SUBADMIN', 'STUDENT']
2025-01-16 13:29:02,682 - api.v1.auth.service - INFO - a5f8a315-4058-4650-9687-b10871bf667d
2025-01-16 13:29:02,813 - api.v1.auth.service - INFO - Checking role permission for user
2025-01-16 13:29:02,816 - api.v1.auth.service - INFO - Normalized required roles: ['SUPERADMIN', 'ADMIN']
2025-01-16 13:29:02,819 - api.v1.auth.service - INFO - a5f8a315-4058-4650-9687-b10871bf667d
2025-01-16 13:29:07,065 - api.v1.auth.service - INFO - User found: None
2025-01-16 13:29:07,069 - api.v1.auth.service - ERROR - User not found
2025-01-16 13:29:07,072 - api.v1.auth.service - INFO - a5f8a315-4058-4650-9687-b10871bf667d
2025-01-16 13:29:07,094 - api.v1.auth.service - INFO - User found: None
2025-01-16 13:29:07,094 - api.v1.auth.service - INFO - User found: None
2025-01-16 13:29:07,097 - api.v1.auth.service - ERROR - User not found
2025-01-16 13:29:07,099 - api.v1.auth.service - ERROR - User not found
2025-01-16 13:29:07,103 - api.v1.auth.service - INFO - a5f8a315-4058-4650-9687-b10871bf667d
2025-01-16 13:29:07,104 - api.v1.auth.service - INFO - a5f8a315-4058-4650-9687-b10871bf667d
2025-01-16 13:29:07,650 - api.v1.auth.service - INFO - User found: <User(name='Ojogu Nkang', role='<Role(name='RoleEnum.ADMIN')>')>
2025-01-16 13:29:07,654 - api.v1.auth.service - INFO - Parsed user role: ADMIN
2025-01-16 13:29:07,657 - api.v1.auth.service - INFO - Permission granted for role: ADMIN
2025-01-16 13:29:07,664 - api.v1.auth.service - INFO - a5f8a315-4058-4650-9687-b10871bf667d
2025-01-16 13:29:07,690 - api.v1.auth.service - INFO - User found: <User(name='Ojogu Nkang', role='<Role(name='RoleEnum.ADMIN')>')>
2025-01-16 13:29:07,693 - api.v1.auth.service - INFO - Parsed user role: ADMIN
2025-01-16 13:29:07,696 - api.v1.auth.service - INFO - Permission granted for role: ADMIN
2025-01-16 13:29:07,703 - api.v1.auth.service - INFO - a5f8a315-4058-4650-9687-b10871bf667d
2025-01-16 13:29:07,773 - api.v1.auth.service - INFO - User found: <User(name='Ojogu Nkang', role='<Role(name='RoleEnum.ADMIN')>')>
2025-01-16 13:29:07,777 - api.v1.auth.service - INFO - Parsed user role: ADMIN
2025-01-16 13:29:07,780 - api.v1.auth.service - INFO - Permission granted for role: ADMIN
2025-01-16 13:29:07,786 - api.v1.auth.service - INFO - a5f8a315-4058-4650-9687-b10871bf667d
2025-01-16 13:29:07,894 - api.v1.auth.service - INFO - User found: <User(name='Ojogu Nkang', role='<Role(name='RoleEnum.ADMIN')>')>
2025-01-16 13:29:08,017 - api.v1.auth.service - INFO - User found: <User(name='Ojogu Nkang', role='<Role(name='RoleEnum.ADMIN')>')>
2025-01-16 13:29:08,139 - api.v1.auth.service - INFO - User found: <User(name='Ojogu Nkang', role='<Role(name='RoleEnum.ADMIN')>')>
2025-01-16 13:29:12,049 - api.v1.auth.service - INFO - Checking role permission for user
2025-01-16 13:29:12,053 - api.v1.auth.service - INFO - Normalized required roles: ['SUPERADMIN', 'ADMIN']
2025-01-16 13:29:12,057 - api.v1.auth.service - INFO - a5f8a315-4058-4650-9687-b10871bf667d
2025-01-16 13:29:12,442 - api.v1.auth.service - INFO - User found: None
2025-01-16 13:29:12,448 - api.v1.auth.service - ERROR - User not found
2025-01-16 13:29:12,452 - api.v1.auth.service - INFO - a5f8a315-4058-4650-9687-b10871bf667d
2025-01-16 13:29:12,937 - api.v1.auth.service - INFO - User found: <User(name='Ojogu Nkang', role='<Role(name='RoleEnum.ADMIN')>')>
2025-01-16 13:29:12,941 - api.v1.auth.service - INFO - Parsed user role: ADMIN
2025-01-16 13:29:12,945 - api.v1.auth.service - INFO - Permission granted for role: ADMIN
2025-01-16 13:29:12,954 - api.v1.auth.service - INFO - a5f8a315-4058-4650-9687-b10871bf667d
2025-01-16 13:29:13,137 - api.v1.auth.service - INFO - User found: <User(name='Ojogu Nkang', role='<Role(name='RoleEnum.ADMIN')>')>
2025-01-16 13:29:15,730 - api.v1.auth.service - INFO - Checking role permission for user
2025-01-16 13:29:15,736 - api.v1.auth.service - INFO - Normalized required roles: ['ADMIN', 'SUBADMIN']
2025-01-16 13:29:15,739 - api.v1.auth.service - INFO - a5f8a315-4058-4650-9687-b10871bf667d
2025-01-16 13:29:16,401 - api.v1.auth.service - INFO - User found: <User(name='Ojogu Nkang', role='<Role(name='RoleEnum.ADMIN')>')>
2025-01-16 13:29:16,406 - api.v1.auth.service - INFO - Parsed user role: ADMIN
2025-01-16 13:29:16,409 - api.v1.auth.service - INFO - Permission granted for role: ADMIN
2025-01-16 13:29:16,416 - api.v1.auth.service - INFO - a5f8a315-4058-4650-9687-b10871bf667d
2025-01-16 13:29:16,601 - api.v1.auth.service - INFO - User found: <User(name='Ojogu Nkang', role='<Role(name='RoleEnum.ADMIN')>')>
2025-01-16 13:29:45,295 - api.v1.auth.service - INFO - Checking role permission for user
2025-01-16 13:29:45,299 - api.v1.auth.service - INFO - Normalized required roles: ['ADMIN']
2025-01-16 13:29:45,301 - api.v1.auth.service - INFO - a5f8a315-4058-4650-9687-b10871bf667d
2025-01-16 13:29:46,173 - api.v1.auth.service - INFO - User found: <User(name='Ojogu Nkang', role='<Role(name='RoleEnum.ADMIN')>')>
2025-01-16 13:29:46,222 - api.v1.auth.service - INFO - Parsed user role: ADMIN
2025-01-16 13:29:46,226 - api.v1.auth.service - INFO - Permission granted for role: ADMIN
2025-01-16 13:34:04,447 - api.v1.auth.service - INFO - Checking role permission for user
2025-01-16 13:34:04,451 - api.v1.auth.service - INFO - Normalized required roles: ['ADMIN']
2025-01-16 13:34:04,455 - api.v1.auth.service - INFO - a5f8a315-4058-4650-9687-b10871bf667d
2025-01-16 13:34:11,237 - api.v1.auth.service - INFO - User found: <User(name='Ojogu Nkang', role='<Role(name='RoleEnum.ADMIN')>')>
2025-01-16 13:34:11,241 - api.v1.auth.service - INFO - Parsed user role: ADMIN
2025-01-16 13:34:11,245 - api.v1.auth.service - INFO - Permission granted for role: ADMIN
2025-01-16 13:34:11,259 - api.v1.auth.service - INFO - a5f8a315-4058-4650-9687-b10871bf667d
2025-01-16 13:34:11,608 - api.v1.auth.service - INFO - User found: <User(name='Ojogu Nkang', role='<Role(name='RoleEnum.ADMIN')>')>
2025-01-16 13:35:12,673 - api.v1.auth.service - INFO - Checking role permission for user
2025-01-16 13:35:12,681 - api.v1.auth.service - INFO - Normalized required roles: ['SUBADMIN', 'ADMIN']
2025-01-16 13:35:12,684 - api.v1.auth.service - INFO - a5f8a315-4058-4650-9687-b10871bf667d
2025-01-16 13:35:13,179 - api.v1.auth.service - INFO - User found: <User(name='Ojogu Nkang', role='<Role(name='RoleEnum.ADMIN')>')>
2025-01-16 13:35:13,183 - api.v1.auth.service - INFO - Parsed user role: ADMIN
2025-01-16 13:35:13,187 - api.v1.auth.service - INFO - Permission granted for role: ADMIN
2025-01-16 13:35:13,193 - api.v1.auth.service - INFO - a5f8a315-4058-4650-9687-b10871bf667d
2025-01-16 13:35:13,369 - api.v1.auth.service - INFO - User found: <User(name='Ojogu Nkang', role='<Role(name='RoleEnum.ADMIN')>')>
2025-01-16 13:35:21,833 - api.v1.auth.service - INFO - Checking role permission for user
2025-01-16 13:35:21,837 - api.v1.auth.service - INFO - Normalized required roles: ['SUPERADMIN', 'ADMIN']
2025-01-16 13:35:21,841 - api.v1.auth.service - INFO - a5f8a315-4058-4650-9687-b10871bf667d
2025-01-16 13:35:22,265 - api.v1.auth.service - INFO - User found: None
2025-01-16 13:35:22,268 - api.v1.auth.service - ERROR - User not found
2025-01-16 13:35:22,273 - api.v1.auth.service - INFO - a5f8a315-4058-4650-9687-b10871bf667d
2025-01-16 13:35:22,673 - api.v1.auth.service - INFO - User found: <User(name='Ojogu Nkang', role='<Role(name='RoleEnum.ADMIN')>')>
2025-01-16 13:35:22,678 - api.v1.auth.service - INFO - Parsed user role: ADMIN
2025-01-16 13:35:22,682 - api.v1.auth.service - INFO - Permission granted for role: ADMIN
2025-01-16 13:35:22,692 - api.v1.auth.service - INFO - a5f8a315-4058-4650-9687-b10871bf667d
2025-01-16 13:35:22,873 - api.v1.auth.service - INFO - User found: <User(name='Ojogu Nkang', role='<Role(name='RoleEnum.ADMIN')>')>
2025-01-16 13:35:23,376 - api.v1.auth.service - INFO - Checking role permission for user
2025-01-16 13:35:23,379 - api.v1.auth.service - INFO - Normalized required roles: ['SUPERADMIN', 'ADMIN', 'BURSAR', 'SUBADMIN', 'STUDENT']
2025-01-16 13:35:23,382 - api.v1.auth.service - INFO - a5f8a315-4058-4650-9687-b10871bf667d
2025-01-16 13:35:23,643 - api.v1.auth.service - INFO - Checking role permission for user
2025-01-16 13:35:23,647 - api.v1.auth.service - INFO - Normalized required roles: ['SUPERADMIN', 'ADMIN']
2025-01-16 13:35:23,650 - api.v1.auth.service - INFO - a5f8a315-4058-4650-9687-b10871bf667d
2025-01-16 13:35:23,988 - api.v1.auth.service - INFO - User found: None
2025-01-16 13:35:23,993 - api.v1.auth.service - ERROR - User not found
2025-01-16 13:35:23,997 - api.v1.auth.service - INFO - a5f8a315-4058-4650-9687-b10871bf667d
2025-01-16 13:35:24,401 - api.v1.auth.service - INFO - User found: <User(name='Ojogu Nkang', role='<Role(name='RoleEnum.ADMIN')>')>
2025-01-16 13:35:24,407 - api.v1.auth.service - INFO - Parsed user role: ADMIN
2025-01-16 13:35:24,411 - api.v1.auth.service - INFO - Permission granted for role: ADMIN
2025-01-16 13:35:24,418 - api.v1.auth.service - INFO - a5f8a315-4058-4650-9687-b10871bf667d
2025-01-16 13:35:24,835 - api.v1.auth.service - INFO - User found: <User(name='Ojogu Nkang', role='<Role(name='RoleEnum.ADMIN')>')>
2025-01-16 13:35:25,058 - api.v1.auth.service - INFO - Checking role permission for user
2025-01-16 13:35:25,062 - api.v1.auth.service - INFO - Normalized required roles: ['SUPERADMIN', 'ADMIN']
2025-01-16 13:35:25,069 - api.v1.auth.service - INFO - a5f8a315-4058-4650-9687-b10871bf667d
2025-01-16 13:35:25,173 - api.v1.auth.service - INFO - User found: None
2025-01-16 13:35:25,177 - api.v1.auth.service - ERROR - User not found
2025-01-16 13:35:25,180 - api.v1.auth.service - INFO - a5f8a315-4058-4650-9687-b10871bf667d
2025-01-16 13:35:25,558 - api.v1.auth.service - INFO - User found: <User(name='Ojogu Nkang', role='<Role(name='RoleEnum.ADMIN')>')>
2025-01-16 13:35:25,562 - api.v1.auth.service - INFO - Parsed user role: ADMIN
2025-01-16 13:35:25,565 - api.v1.auth.service - INFO - Permission granted for role: ADMIN
2025-01-16 13:35:25,576 - api.v1.auth.service - INFO - a5f8a315-4058-4650-9687-b10871bf667d
2025-01-16 13:35:25,768 - api.v1.auth.service - INFO - User found: <User(name='Ojogu Nkang', role='<Role(name='RoleEnum.ADMIN')>')>
2025-01-16 13:35:26,678 - api.v1.auth.service - INFO - User found: None
2025-01-16 13:35:26,692 - api.v1.auth.service - ERROR - User not found
2025-01-16 13:35:26,698 - api.v1.auth.service - INFO - a5f8a315-4058-4650-9687-b10871bf667d
2025-01-16 13:35:27,184 - api.v1.auth.service - INFO - User found: <User(name='Ojogu Nkang', role='<Role(name='RoleEnum.ADMIN')>')>
2025-01-16 13:35:27,188 - api.v1.auth.service - INFO - Parsed user role: ADMIN
2025-01-16 13:35:27,192 - api.v1.auth.service - INFO - Permission granted for role: ADMIN
2025-01-16 13:35:27,203 - api.v1.auth.service - INFO - a5f8a315-4058-4650-9687-b10871bf667d
2025-01-16 13:35:27,395 - api.v1.auth.service - INFO - User found: <User(name='Ojogu Nkang', role='<Role(name='RoleEnum.ADMIN')>')>
2025-01-16 13:35:31,081 - api.v1.auth.service - INFO - Checking role permission for user
2025-01-16 13:35:31,085 - api.v1.auth.service - INFO - Normalized required roles: ['ADMIN', 'SUBADMIN']
2025-01-16 13:35:31,089 - api.v1.auth.service - INFO - a5f8a315-4058-4650-9687-b10871bf667d
2025-01-16 13:35:31,693 - api.v1.auth.service - INFO - User found: <User(name='Ojogu Nkang', role='<Role(name='RoleEnum.ADMIN')>')>
2025-01-16 13:35:31,697 - api.v1.auth.service - INFO - Parsed user role: ADMIN
2025-01-16 13:35:31,700 - api.v1.auth.service - INFO - Permission granted for role: ADMIN
2025-01-16 13:35:31,708 - api.v1.auth.service - INFO - a5f8a315-4058-4650-9687-b10871bf667d
2025-01-16 13:35:31,942 - api.v1.auth.service - INFO - User found: <User(name='Ojogu Nkang', role='<Role(name='RoleEnum.ADMIN')>')>
2025-01-16 13:35:45,590 - api.v1.auth.service - INFO - Checking role permission for user
2025-01-16 13:35:45,593 - api.v1.auth.service - INFO - Normalized required roles: ['ADMIN']
2025-01-16 13:35:45,597 - api.v1.auth.service - INFO - a5f8a315-4058-4650-9687-b10871bf667d
2025-01-16 13:35:46,719 - api.v1.auth.service - INFO - User found: <User(name='Ojogu Nkang', role='<Role(name='RoleEnum.ADMIN')>')>
2025-01-16 13:35:46,724 - api.v1.auth.service - INFO - Parsed user role: ADMIN
2025-01-16 13:35:46,727 - api.v1.auth.service - INFO - Permission granted for role: ADMIN
2025-01-16 13:35:46,741 - api.v1.auth.service - INFO - a5f8a315-4058-4650-9687-b10871bf667d
2025-01-16 13:35:46,938 - api.v1.auth.service - INFO - User found: <User(name='Ojogu Nkang', role='<Role(name='RoleEnum.ADMIN')>')>
2025-01-16 13:36:07,251 - api.v1.auth.service - INFO - Checking role permission for user
2025-01-16 13:36:07,257 - api.v1.auth.service - INFO - Normalized required roles: ['SUPERADMIN', 'ADMIN']
2025-01-16 13:36:07,261 - api.v1.auth.service - INFO - a5f8a315-4058-4650-9687-b10871bf667d
2025-01-16 13:36:07,481 - api.v1.auth.service - INFO - Checking role permission for user
2025-01-16 13:36:07,485 - api.v1.auth.service - INFO - Normalized required roles: ['SUPERADMIN', 'ADMIN']
2025-01-16 13:36:07,487 - api.v1.auth.service - INFO - a5f8a315-4058-4650-9687-b10871bf667d
2025-01-16 13:36:07,582 - api.v1.auth.service - INFO - User found: None
2025-01-16 13:36:07,585 - api.v1.auth.service - ERROR - User not found
2025-01-16 13:36:07,589 - api.v1.auth.service - INFO - a5f8a315-4058-4650-9687-b10871bf667d
2025-01-16 13:36:07,736 - api.v1.auth.service - INFO - Checking role permission for user
2025-01-16 13:36:07,740 - api.v1.auth.service - INFO - Normalized required roles: ['SUPERADMIN', 'ADMIN', 'BURSAR', 'SUBADMIN', 'STUDENT']
2025-01-16 13:36:07,744 - api.v1.auth.service - INFO - a5f8a315-4058-4650-9687-b10871bf667d
2025-01-16 13:36:07,860 - api.v1.auth.service - INFO - User found: None
2025-01-16 13:36:07,863 - api.v1.auth.service - ERROR - User not found
2025-01-16 13:36:07,867 - api.v1.auth.service - INFO - a5f8a315-4058-4650-9687-b10871bf667d
2025-01-16 13:36:08,018 - api.v1.auth.service - INFO - User found: <User(name='Ojogu Nkang', role='<Role(name='RoleEnum.ADMIN')>')>
2025-01-16 13:36:08,022 - api.v1.auth.service - INFO - Parsed user role: ADMIN
2025-01-16 13:36:08,027 - api.v1.auth.service - INFO - Permission granted for role: ADMIN
2025-01-16 13:36:08,035 - api.v1.auth.service - INFO - a5f8a315-4058-4650-9687-b10871bf667d
2025-01-16 13:36:08,158 - api.v1.auth.service - INFO - User found: None
2025-01-16 13:36:08,162 - api.v1.auth.service - ERROR - User not found
2025-01-16 13:36:08,165 - api.v1.auth.service - INFO - a5f8a315-4058-4650-9687-b10871bf667d
2025-01-16 13:36:08,228 - api.v1.auth.service - INFO - User found: <User(name='Ojogu Nkang', role='<Role(name='RoleEnum.ADMIN')>')>
2025-01-16 13:36:08,314 - api.v1.auth.service - INFO - User found: <User(name='Ojogu Nkang', role='<Role(name='RoleEnum.ADMIN')>')>
2025-01-16 13:36:08,317 - api.v1.auth.service - INFO - Parsed user role: ADMIN
2025-01-16 13:36:08,320 - api.v1.auth.service - INFO - Permission granted for role: ADMIN
2025-01-16 13:36:08,330 - api.v1.auth.service - INFO - a5f8a315-4058-4650-9687-b10871bf667d
2025-01-16 13:36:08,564 - api.v1.auth.service - INFO - User found: <User(name='Ojogu Nkang', role='<Role(name='RoleEnum.ADMIN')>')>
2025-01-16 13:36:08,588 - api.v1.auth.service - INFO - User found: <User(name='Ojogu Nkang', role='<Role(name='RoleEnum.ADMIN')>')>
2025-01-16 13:36:08,592 - api.v1.auth.service - INFO - Parsed user role: ADMIN
2025-01-16 13:36:08,596 - api.v1.auth.service - INFO - Permission granted for role: ADMIN
2025-01-16 13:36:08,602 - api.v1.auth.service - INFO - a5f8a315-4058-4650-9687-b10871bf667d
2025-01-16 13:36:08,853 - api.v1.auth.service - INFO - User found: <User(name='Ojogu Nkang', role='<Role(name='RoleEnum.ADMIN')>')>
2025-01-16 13:36:11,009 - api.v1.auth.service - INFO - Checking role permission for user
2025-01-16 13:36:11,013 - api.v1.auth.service - INFO - Normalized required roles: ['SUPERADMIN', 'ADMIN']
2025-01-16 13:36:11,016 - api.v1.auth.service - INFO - a5f8a315-4058-4650-9687-b10871bf667d
2025-01-16 13:36:11,410 - api.v1.auth.service - INFO - User found: None
2025-01-16 13:36:11,413 - api.v1.auth.service - ERROR - User not found
2025-01-16 13:36:11,416 - api.v1.auth.service - INFO - a5f8a315-4058-4650-9687-b10871bf667d
2025-01-16 13:36:12,161 - api.v1.auth.service - INFO - User found: <User(name='Ojogu Nkang', role='<Role(name='RoleEnum.ADMIN')>')>
2025-01-16 13:36:12,302 - api.v1.auth.service - INFO - Parsed user role: ADMIN
2025-01-16 13:36:12,306 - api.v1.auth.service - INFO - Permission granted for role: ADMIN
2025-01-16 13:36:12,315 - api.v1.auth.service - INFO - a5f8a315-4058-4650-9687-b10871bf667d
2025-01-16 13:36:13,016 - api.v1.auth.service - INFO - User found: <User(name='Ojogu Nkang', role='<Role(name='RoleEnum.ADMIN')>')>
2025-01-16 13:36:18,167 - api.v1.auth.service - INFO - Checking role permission for user
2025-01-16 13:36:18,172 - api.v1.auth.service - INFO - Normalized required roles: ['ADMIN', 'SUBADMIN']
2025-01-16 13:36:18,176 - api.v1.auth.service - INFO - a5f8a315-4058-4650-9687-b10871bf667d
2025-01-16 13:37:24,031 - api.v1.auth.users_auth - ERROR - Database error: (psycopg2.OperationalError) server closed the connection unexpectedly
	This probably means the server terminated abnormally
	before or while processing the request.
server closed the connection unexpectedly
	This probably means the server terminated abnormally
	before or while processing the request.

[SQL: SELECT users.first_name AS users_first_name, users.last_name AS users_last_name, users.email AS users_email, users.password AS users_password, users.matric_number AS users_matric_number, users.faculty AS users_faculty, users.campus AS users_campus, users.residential_address AS users_residential_address, users.phone AS users_phone, users.role_id AS users_role_id, users.organization_id AS users_organization_id, users.department_id AS users_department_id, users.level_id AS users_level_id, users.id AS users_id, users.entity_id AS users_entity_id, users.created_at AS users_created_at, users.updated_at AS users_updated_at 
FROM users 
WHERE users.email = %(email_1)s 
 LIMIT %(param_1)s]
[parameters: {'email_1': 'ojogu@gmail.com', 'param_1': 1}]
(Background on this error at: https://sqlalche.me/e/20/e3q8)
2025-01-16 13:37:37,764 - api.v1.auth.users_auth - ERROR - Database error: (psycopg2.OperationalError) could not translate host name "pg-19003947-ojogu.b.aivencloud.com" to address: No such host is known. 

(Background on this error at: https://sqlalche.me/e/20/e3q8)
2025-01-16 13:37:38,530 - api.v1.auth.service - INFO - User found: <User(name='Ojogu Nkang', role='<Role(name='RoleEnum.ADMIN')>')>
2025-01-16 13:37:38,534 - api.v1.auth.service - INFO - Parsed user role: ADMIN
2025-01-16 13:37:38,537 - api.v1.auth.service - INFO - Permission granted for role: ADMIN
2025-01-16 13:37:38,546 - api.v1.auth.service - INFO - a5f8a315-4058-4650-9687-b10871bf667d
2025-01-16 13:37:40,166 - api.v1.auth.service - INFO - User found: <User(name='Ojogu Nkang', role='<Role(name='RoleEnum.ADMIN')>')>
2025-01-16 13:37:58,818 - api.v1.auth.service - INFO - User not found
2025-01-16 13:37:59,585 - api.v1.auth.service - INFO - Checking role permission for user
2025-01-16 13:38:00,889 - api.v1.auth.users_auth - ERROR - User not found: User not found
2025-01-16 13:38:01,758 - api.v1.auth.service - INFO - Normalized required roles: ['SUPERADMIN', 'ADMIN']
2025-01-16 13:38:01,780 - api.v1.auth.service - INFO - a5f8a315-4058-4650-9687-b10871bf667d
2025-01-16 13:38:04,702 - api.v1.auth.service - INFO - Checking role permission for user
2025-01-16 13:38:04,705 - api.v1.auth.service - INFO - Normalized required roles: ['SUPERADMIN', 'ADMIN']
2025-01-16 13:38:04,709 - api.v1.auth.service - INFO - a5f8a315-4058-4650-9687-b10871bf667d
2025-01-16 13:38:05,616 - api.v1.auth.service - INFO - Checking role permission for user
2025-01-16 13:38:05,620 - api.v1.auth.service - INFO - Normalized required roles: ['SUPERADMIN', 'ADMIN', 'BURSAR', 'SUBADMIN', 'STUDENT']
2025-01-16 13:38:05,623 - api.v1.auth.service - INFO - a5f8a315-4058-4650-9687-b10871bf667d
2025-01-16 13:38:06,416 - api.v1.auth.service - INFO - User found: None
2025-01-16 13:38:06,420 - api.v1.auth.service - ERROR - User not found
2025-01-16 13:38:06,423 - api.v1.auth.service - INFO - a5f8a315-4058-4650-9687-b10871bf667d
2025-01-16 13:38:06,861 - api.v1.auth.service - INFO - User found: None
2025-01-16 13:38:06,871 - api.v1.auth.service - ERROR - User not found
2025-01-16 13:38:06,875 - api.v1.auth.service - INFO - a5f8a315-4058-4650-9687-b10871bf667d
2025-01-16 13:38:07,056 - api.v1.auth.service - INFO - User found: <User(name='Ojogu Nkang', role='<Role(name='RoleEnum.ADMIN')>')>
2025-01-16 13:38:07,059 - api.v1.auth.service - INFO - Parsed user role: ADMIN
2025-01-16 13:38:07,065 - api.v1.auth.service - INFO - Permission granted for role: ADMIN
2025-01-16 13:38:07,078 - api.v1.auth.service - INFO - a5f8a315-4058-4650-9687-b10871bf667d
2025-01-16 13:38:07,314 - api.v1.auth.service - INFO - User found: <User(name='Ojogu Nkang', role='<Role(name='RoleEnum.ADMIN')>')>
2025-01-16 13:38:07,317 - api.v1.auth.service - INFO - Parsed user role: ADMIN
2025-01-16 13:38:07,321 - api.v1.auth.service - INFO - Permission granted for role: ADMIN
2025-01-16 13:38:07,328 - api.v1.auth.service - INFO - a5f8a315-4058-4650-9687-b10871bf667d
2025-01-16 13:38:07,336 - api.v1.auth.service - INFO - User found: <User(name='Ojogu Nkang', role='<Role(name='RoleEnum.ADMIN')>')>
2025-01-16 13:38:07,500 - api.v1.auth.service - INFO - User found: <User(name='Ojogu Nkang', role='<Role(name='RoleEnum.ADMIN')>')>
2025-01-16 13:38:07,682 - api.v1.auth.service - INFO - User found: None
2025-01-16 13:38:07,685 - api.v1.auth.service - ERROR - User not found
2025-01-16 13:38:07,688 - api.v1.auth.service - INFO - a5f8a315-4058-4650-9687-b10871bf667d
2025-01-16 13:38:08,072 - api.v1.auth.service - INFO - User found: <User(name='Ojogu Nkang', role='<Role(name='RoleEnum.ADMIN')>')>
2025-01-16 13:38:08,076 - api.v1.auth.service - INFO - Parsed user role: ADMIN
2025-01-16 13:38:08,081 - api.v1.auth.service - INFO - Permission granted for role: ADMIN
2025-01-16 13:38:08,089 - api.v1.auth.service - INFO - a5f8a315-4058-4650-9687-b10871bf667d
2025-01-16 13:38:08,266 - api.v1.auth.service - INFO - User found: <User(name='Ojogu Nkang', role='<Role(name='RoleEnum.ADMIN')>')>
2025-01-16 13:38:10,183 - api.v1.auth.service - INFO - Checking role permission for user
2025-01-16 13:38:10,187 - api.v1.auth.service - INFO - Normalized required roles: ['SUPERADMIN', 'ADMIN']
2025-01-16 13:38:10,191 - api.v1.auth.service - INFO - a5f8a315-4058-4650-9687-b10871bf667d
2025-01-16 13:38:10,673 - api.v1.auth.service - INFO - User found: None
2025-01-16 13:38:10,677 - api.v1.auth.service - ERROR - User not found
2025-01-16 13:38:10,681 - api.v1.auth.service - INFO - a5f8a315-4058-4650-9687-b10871bf667d
2025-01-16 13:38:11,037 - api.v1.auth.service - INFO - User found: <User(name='Ojogu Nkang', role='<Role(name='RoleEnum.ADMIN')>')>
2025-01-16 13:38:11,040 - api.v1.auth.service - INFO - Parsed user role: ADMIN
2025-01-16 13:38:11,045 - api.v1.auth.service - INFO - Permission granted for role: ADMIN
2025-01-16 13:38:11,052 - api.v1.auth.service - INFO - a5f8a315-4058-4650-9687-b10871bf667d
2025-01-16 13:38:11,248 - api.v1.auth.service - INFO - User found: <User(name='Ojogu Nkang', role='<Role(name='RoleEnum.ADMIN')>')>
2025-01-16 13:38:15,397 - api.v1.auth.service - INFO - Checking role permission for user
2025-01-16 13:38:15,402 - api.v1.auth.service - INFO - Normalized required roles: ['ADMIN', 'SUBADMIN']
2025-01-16 13:38:15,411 - api.v1.auth.service - INFO - a5f8a315-4058-4650-9687-b10871bf667d
2025-01-16 13:38:15,937 - api.v1.auth.service - INFO - User found: <User(name='Ojogu Nkang', role='<Role(name='RoleEnum.ADMIN')>')>
2025-01-16 13:38:15,940 - api.v1.auth.service - INFO - Parsed user role: ADMIN
2025-01-16 13:38:15,944 - api.v1.auth.service - INFO - Permission granted for role: ADMIN
2025-01-16 13:38:15,951 - api.v1.auth.service - INFO - a5f8a315-4058-4650-9687-b10871bf667d
2025-01-16 13:38:16,155 - api.v1.auth.service - INFO - User found: <User(name='Ojogu Nkang', role='<Role(name='RoleEnum.ADMIN')>')>
2025-01-16 13:38:23,626 - api.v1.auth.service - INFO - User found: <User(name='Ojogu Nkang', role='<Role(name='RoleEnum.ADMIN')>')>
2025-01-16 13:38:24,547 - api.v1.auth.service - INFO - User authenticated
2025-01-16 13:38:38,220 - api.v1.auth.service - INFO - Checking role permission for user
2025-01-16 13:38:38,227 - api.v1.auth.service - INFO - Normalized required roles: ['SUPERADMIN', 'ADMIN']
2025-01-16 13:38:38,231 - api.v1.auth.service - INFO - a5f8a315-4058-4650-9687-b10871bf667d
2025-01-16 13:38:38,544 - api.v1.auth.service - INFO - Checking role permission for user
2025-01-16 13:38:38,548 - api.v1.auth.service - INFO - Normalized required roles: ['SUPERADMIN', 'ADMIN', 'BURSAR', 'SUBADMIN', 'STUDENT']
2025-01-16 13:38:38,552 - api.v1.auth.service - INFO - a5f8a315-4058-4650-9687-b10871bf667d
2025-01-16 13:38:38,653 - api.v1.auth.service - INFO - Checking role permission for user
2025-01-16 13:38:38,657 - api.v1.auth.service - INFO - Normalized required roles: ['SUPERADMIN', 'ADMIN']
2025-01-16 13:38:38,662 - api.v1.auth.service - INFO - a5f8a315-4058-4650-9687-b10871bf667d
2025-01-16 13:38:38,678 - api.v1.auth.service - INFO - User found: None
2025-01-16 13:38:38,682 - api.v1.auth.service - ERROR - User not found
2025-01-16 13:38:38,685 - api.v1.auth.service - INFO - a5f8a315-4058-4650-9687-b10871bf667d
2025-01-16 13:38:38,896 - api.v1.auth.service - INFO - User found: None
2025-01-16 13:38:38,900 - api.v1.auth.service - ERROR - User not found
2025-01-16 13:38:38,903 - api.v1.auth.service - INFO - a5f8a315-4058-4650-9687-b10871bf667d
2025-01-16 13:38:39,014 - api.v1.auth.service - INFO - User found: None
2025-01-16 13:38:39,019 - api.v1.auth.service - ERROR - User not found
2025-01-16 13:38:39,022 - api.v1.auth.service - INFO - a5f8a315-4058-4650-9687-b10871bf667d
2025-01-16 13:38:39,386 - api.v1.auth.service - INFO - User found: <User(name='Ojogu Nkang', role='<Role(name='RoleEnum.ADMIN')>')>
2025-01-16 13:38:39,392 - api.v1.auth.service - INFO - Parsed user role: ADMIN
2025-01-16 13:38:39,399 - api.v1.auth.service - INFO - Permission granted for role: ADMIN
2025-01-16 13:38:39,405 - api.v1.auth.service - INFO - a5f8a315-4058-4650-9687-b10871bf667d
2025-01-16 13:38:39,612 - api.v1.auth.service - INFO - User found: <User(name='Ojogu Nkang', role='<Role(name='RoleEnum.ADMIN')>')>
2025-01-16 13:38:39,615 - api.v1.auth.service - INFO - Parsed user role: ADMIN
2025-01-16 13:38:39,619 - api.v1.auth.service - INFO - Permission granted for role: ADMIN
2025-01-16 13:38:39,628 - api.v1.auth.service - INFO - a5f8a315-4058-4650-9687-b10871bf667d
2025-01-16 13:38:39,672 - api.v1.auth.service - INFO - User found: <User(name='Ojogu Nkang', role='<Role(name='RoleEnum.ADMIN')>')>
2025-01-16 13:38:39,676 - api.v1.auth.service - INFO - Parsed user role: ADMIN
2025-01-16 13:38:39,681 - api.v1.auth.service - INFO - Permission granted for role: ADMIN
2025-01-16 13:38:39,688 - api.v1.auth.service - INFO - a5f8a315-4058-4650-9687-b10871bf667d
2025-01-16 13:38:39,734 - api.v1.auth.service - INFO - User found: <User(name='Ojogu Nkang', role='<Role(name='RoleEnum.ADMIN')>')>
2025-01-16 13:38:39,882 - api.v1.auth.service - INFO - User found: <User(name='Ojogu Nkang', role='<Role(name='RoleEnum.ADMIN')>')>
2025-01-16 13:38:39,963 - api.v1.auth.service - INFO - User found: <User(name='Ojogu Nkang', role='<Role(name='RoleEnum.ADMIN')>')>
2025-01-16 13:38:56,962 - api.v1.auth.service - INFO - Checking role permission for user
2025-01-16 13:38:56,966 - api.v1.auth.service - INFO - Normalized required roles: ['SUPERADMIN', 'ADMIN', 'BURSAR', 'SUBADMIN', 'STUDENT']
2025-01-16 13:38:56,972 - api.v1.auth.service - INFO - a5f8a315-4058-4650-9687-b10871bf667d
2025-01-16 13:38:57,435 - api.v1.auth.service - INFO - User found: None
2025-01-16 13:38:57,439 - api.v1.auth.service - ERROR - User not found
2025-01-16 13:38:57,442 - api.v1.auth.service - INFO - a5f8a315-4058-4650-9687-b10871bf667d
2025-01-16 13:38:57,845 - api.v1.auth.service - INFO - User found: <User(name='Ojogu Nkang', role='<Role(name='RoleEnum.ADMIN')>')>
2025-01-16 13:38:57,850 - api.v1.auth.service - INFO - Parsed user role: ADMIN
2025-01-16 13:38:57,856 - api.v1.auth.service - INFO - Permission granted for role: ADMIN
2025-01-16 13:38:57,867 - api.v1.auth.service - INFO - a5f8a315-4058-4650-9687-b10871bf667d
2025-01-16 13:38:58,063 - api.v1.auth.service - INFO - User found: <User(name='Ojogu Nkang', role='<Role(name='RoleEnum.ADMIN')>')>
2025-01-16 13:39:07,872 - api.v1.auth.service - INFO - Checking role permission for user
2025-01-16 13:39:07,875 - api.v1.auth.service - INFO - Normalized required roles: ['SUPERADMIN', 'ADMIN']
2025-01-16 13:39:07,880 - api.v1.auth.service - INFO - a5f8a315-4058-4650-9687-b10871bf667d
2025-01-16 13:39:08,297 - api.v1.auth.service - INFO - User found: None
2025-01-16 13:39:08,300 - api.v1.auth.service - ERROR - User not found
2025-01-16 13:39:08,304 - api.v1.auth.service - INFO - a5f8a315-4058-4650-9687-b10871bf667d
2025-01-16 13:39:08,710 - api.v1.auth.service - INFO - User found: <User(name='Ojogu Nkang', role='<Role(name='RoleEnum.ADMIN')>')>
2025-01-16 13:39:08,715 - api.v1.auth.service - INFO - Parsed user role: ADMIN
2025-01-16 13:39:08,720 - api.v1.auth.service - INFO - Permission granted for role: ADMIN
2025-01-16 13:39:08,728 - api.v1.auth.service - INFO - a5f8a315-4058-4650-9687-b10871bf667d
2025-01-16 13:39:08,930 - api.v1.auth.service - INFO - User found: <User(name='Ojogu Nkang', role='<Role(name='RoleEnum.ADMIN')>')>
2025-01-16 13:40:22,563 - api.v1.auth.service - INFO - Checking role permission for user
2025-01-16 13:40:23,123 - api.v1.auth.service - INFO - Normalized required roles: ['SUPERADMIN', 'ADMIN']
2025-01-16 13:40:23,804 - api.v1.auth.service - INFO - a5f8a315-4058-4650-9687-b10871bf667d
2025-01-16 13:40:28,583 - api.v1.auth.service - INFO - User found: None
2025-01-16 13:40:28,588 - api.v1.auth.service - ERROR - User not found
2025-01-16 13:40:28,592 - api.v1.auth.service - INFO - a5f8a315-4058-4650-9687-b10871bf667d
2025-01-16 13:40:28,991 - api.v1.auth.service - INFO - User found: <User(name='Ojogu Nkang', role='<Role(name='RoleEnum.ADMIN')>')>
2025-01-16 13:40:28,994 - api.v1.auth.service - INFO - Parsed user role: ADMIN
2025-01-16 13:40:29,001 - api.v1.auth.service - INFO - Permission granted for role: ADMIN
2025-01-16 13:40:29,009 - api.v1.auth.service - INFO - a5f8a315-4058-4650-9687-b10871bf667d
2025-01-16 13:40:29,277 - api.v1.auth.service - INFO - User found: <User(name='Ojogu Nkang', role='<Role(name='RoleEnum.ADMIN')>')>
2025-01-16 13:44:12,442 - api.v1.auth.service - INFO - Checking role permission for user
2025-01-16 13:44:12,446 - api.v1.auth.service - INFO - Normalized required roles: ['SUPERADMIN', 'ADMIN']
2025-01-16 13:44:12,449 - api.v1.auth.service - INFO - a5f8a315-4058-4650-9687-b10871bf667d
2025-01-16 13:44:12,854 - api.v1.auth.service - INFO - User found: None
2025-01-16 13:44:12,858 - api.v1.auth.service - ERROR - User not found
2025-01-16 13:44:12,861 - api.v1.auth.service - INFO - a5f8a315-4058-4650-9687-b10871bf667d
2025-01-16 13:44:13,388 - api.v1.auth.service - INFO - User found: <User(name='Ojogu Nkang', role='<Role(name='RoleEnum.ADMIN')>')>
2025-01-16 13:44:13,391 - api.v1.auth.service - INFO - Checking role permission for user
2025-01-16 13:44:13,395 - api.v1.auth.service - INFO - Parsed user role: ADMIN
2025-01-16 13:44:13,396 - api.v1.auth.service - INFO - Normalized required roles: ['SUPERADMIN', 'ADMIN']
2025-01-16 13:44:13,399 - api.v1.auth.service - INFO - Permission granted for role: ADMIN
2025-01-16 13:44:13,401 - api.v1.auth.service - INFO - a5f8a315-4058-4650-9687-b10871bf667d
2025-01-16 13:44:13,410 - api.v1.auth.service - INFO - a5f8a315-4058-4650-9687-b10871bf667d
2025-01-16 13:44:13,642 - api.v1.auth.service - INFO - Checking role permission for user
2025-01-16 13:44:13,646 - api.v1.auth.service - INFO - Normalized required roles: ['SUPERADMIN', 'ADMIN', 'BURSAR', 'SUBADMIN', 'STUDENT']
2025-01-16 13:44:13,650 - api.v1.auth.service - INFO - a5f8a315-4058-4650-9687-b10871bf667d
2025-01-16 13:44:13,690 - api.v1.auth.service - INFO - User found: <User(name='Ojogu Nkang', role='<Role(name='RoleEnum.ADMIN')>')>
2025-01-16 13:44:15,162 - api.v1.auth.service - INFO - User found: None
2025-01-16 13:44:15,165 - api.v1.auth.service - ERROR - User not found
2025-01-16 13:44:15,168 - api.v1.auth.service - INFO - a5f8a315-4058-4650-9687-b10871bf667d
2025-01-16 13:44:15,182 - api.v1.auth.service - INFO - User found: None
2025-01-16 13:44:15,185 - api.v1.auth.service - ERROR - User not found
2025-01-16 13:44:15,188 - api.v1.auth.service - INFO - a5f8a315-4058-4650-9687-b10871bf667d
2025-01-16 13:44:15,508 - api.v1.auth.service - INFO - User found: <User(name='Ojogu Nkang', role='<Role(name='RoleEnum.ADMIN')>')>
2025-01-16 13:44:15,511 - api.v1.auth.service - INFO - Parsed user role: ADMIN
2025-01-16 13:44:15,513 - api.v1.auth.service - INFO - Permission granted for role: ADMIN
2025-01-16 13:44:15,520 - api.v1.auth.service - INFO - a5f8a315-4058-4650-9687-b10871bf667d
2025-01-16 13:44:15,564 - api.v1.auth.service - INFO - User found: <User(name='Ojogu Nkang', role='<Role(name='RoleEnum.ADMIN')>')>
2025-01-16 13:44:15,567 - api.v1.auth.service - INFO - Parsed user role: ADMIN
2025-01-16 13:44:15,570 - api.v1.auth.service - INFO - Permission granted for role: ADMIN
2025-01-16 13:44:15,576 - api.v1.auth.service - INFO - a5f8a315-4058-4650-9687-b10871bf667d
2025-01-16 13:44:15,791 - api.v1.auth.service - INFO - User found: <User(name='Ojogu Nkang', role='<Role(name='RoleEnum.ADMIN')>')>
2025-01-16 13:44:15,823 - api.v1.auth.service - INFO - User found: <User(name='Ojogu Nkang', role='<Role(name='RoleEnum.ADMIN')>')>
2025-01-16 13:44:20,211 - api.v1.auth.service - INFO - Checking role permission for user
2025-01-16 13:44:20,238 - api.v1.auth.service - INFO - Normalized required roles: ['SUPERADMIN', 'ADMIN']
2025-01-16 13:44:20,251 - api.v1.auth.service - INFO - a5f8a315-4058-4650-9687-b10871bf667d
2025-01-16 13:44:21,345 - api.v1.auth.service - INFO - User found: None
2025-01-16 13:44:21,349 - api.v1.auth.service - ERROR - User not found
2025-01-16 13:44:21,351 - api.v1.auth.service - INFO - a5f8a315-4058-4650-9687-b10871bf667d
2025-01-16 13:44:21,706 - api.v1.auth.service - INFO - User found: <User(name='Ojogu Nkang', role='<Role(name='RoleEnum.ADMIN')>')>
2025-01-16 13:44:21,728 - api.v1.auth.service - INFO - Parsed user role: ADMIN
2025-01-16 13:44:21,731 - api.v1.auth.service - INFO - Permission granted for role: ADMIN
2025-01-16 13:44:21,739 - api.v1.auth.service - INFO - a5f8a315-4058-4650-9687-b10871bf667d
2025-01-16 13:44:22,031 - api.v1.auth.service - INFO - User found: <User(name='Ojogu Nkang', role='<Role(name='RoleEnum.ADMIN')>')>
2025-01-16 13:44:24,565 - api.v1.auth.service - INFO - Checking role permission for user
2025-01-16 13:44:24,591 - api.v1.auth.service - INFO - Normalized required roles: ['ADMIN', 'SUBADMIN']
2025-01-16 13:44:24,600 - api.v1.auth.service - INFO - a5f8a315-4058-4650-9687-b10871bf667d
2025-01-16 13:44:25,347 - api.v1.auth.service - INFO - User found: <User(name='Ojogu Nkang', role='<Role(name='RoleEnum.ADMIN')>')>
2025-01-16 13:44:25,350 - api.v1.auth.service - INFO - Parsed user role: ADMIN
2025-01-16 13:44:25,353 - api.v1.auth.service - INFO - Permission granted for role: ADMIN
2025-01-16 13:44:25,358 - api.v1.auth.service - INFO - a5f8a315-4058-4650-9687-b10871bf667d
2025-01-16 13:44:25,575 - api.v1.auth.service - INFO - User found: <User(name='Ojogu Nkang', role='<Role(name='RoleEnum.ADMIN')>')>
2025-01-16 13:44:37,175 - api.v1.auth.service - INFO - Checking role permission for user
2025-01-16 13:44:37,201 - api.v1.auth.service - INFO - Normalized required roles: ['ADMIN']
2025-01-16 13:44:37,209 - api.v1.auth.service - INFO - a5f8a315-4058-4650-9687-b10871bf667d
2025-01-16 13:44:38,018 - api.v1.auth.service - INFO - User found: <User(name='Ojogu Nkang', role='<Role(name='RoleEnum.ADMIN')>')>
2025-01-16 13:44:38,030 - api.v1.auth.service - INFO - Parsed user role: ADMIN
2025-01-16 13:44:38,041 - api.v1.auth.service - INFO - Permission granted for role: ADMIN
2025-01-16 13:44:38,051 - api.v1.auth.service - INFO - a5f8a315-4058-4650-9687-b10871bf667d
2025-01-16 13:44:38,527 - api.v1.auth.service - INFO - User found: <User(name='Ojogu Nkang', role='<Role(name='RoleEnum.ADMIN')>')>
2025-01-16 13:44:47,471 - api.v1.auth.service - INFO - Checking role permission for user
2025-01-16 13:44:47,474 - api.v1.auth.service - INFO - Normalized required roles: ['SUPERADMIN', 'ADMIN']
2025-01-16 13:44:47,477 - api.v1.auth.service - INFO - a5f8a315-4058-4650-9687-b10871bf667d
2025-01-16 13:44:47,603 - api.v1.auth.service - INFO - Checking role permission for user
2025-01-16 13:44:47,607 - api.v1.auth.service - INFO - Normalized required roles: ['SUPERADMIN', 'ADMIN']
2025-01-16 13:44:47,611 - api.v1.auth.service - INFO - a5f8a315-4058-4650-9687-b10871bf667d
2025-01-16 13:44:47,751 - api.v1.auth.service - INFO - Checking role permission for user
2025-01-16 13:44:47,763 - api.v1.auth.service - INFO - Normalized required roles: ['SUPERADMIN', 'ADMIN', 'BURSAR', 'SUBADMIN', 'STUDENT']
2025-01-16 13:44:47,767 - api.v1.auth.service - INFO - a5f8a315-4058-4650-9687-b10871bf667d
2025-01-16 13:44:48,047 - api.v1.auth.service - INFO - User found: None
2025-01-16 13:44:48,050 - api.v1.auth.service - ERROR - User not found
2025-01-16 13:44:48,052 - api.v1.auth.service - INFO - a5f8a315-4058-4650-9687-b10871bf667d
2025-01-16 13:44:48,062 - api.v1.auth.service - INFO - User found: None
2025-01-16 13:44:48,066 - api.v1.auth.service - ERROR - User not found
2025-01-16 13:44:48,069 - api.v1.auth.service - INFO - a5f8a315-4058-4650-9687-b10871bf667d
2025-01-16 13:44:48,321 - api.v1.auth.service - INFO - User found: None
2025-01-16 13:44:48,324 - api.v1.auth.service - ERROR - User not found
2025-01-16 13:44:48,327 - api.v1.auth.service - INFO - a5f8a315-4058-4650-9687-b10871bf667d
2025-01-16 13:44:48,560 - api.v1.auth.service - INFO - User found: <User(name='Ojogu Nkang', role='<Role(name='RoleEnum.ADMIN')>')>
2025-01-16 13:44:48,617 - api.v1.auth.service - INFO - User found: <User(name='Ojogu Nkang', role='<Role(name='RoleEnum.ADMIN')>')>
2025-01-16 13:44:48,634 - api.v1.auth.service - INFO - Parsed user role: ADMIN
2025-01-16 13:44:48,635 - api.v1.auth.service - INFO - Parsed user role: ADMIN
2025-01-16 13:44:48,674 - api.v1.auth.service - INFO - User found: <User(name='Ojogu Nkang', role='<Role(name='RoleEnum.ADMIN')>')>
2025-01-16 13:44:48,701 - api.v1.auth.service - INFO - Permission granted for role: ADMIN
2025-01-16 13:44:48,711 - api.v1.auth.service - INFO - Permission granted for role: ADMIN
2025-01-16 13:44:48,714 - api.v1.auth.service - INFO - Parsed user role: ADMIN
2025-01-16 13:44:49,177 - api.v1.auth.service - INFO - Permission granted for role: ADMIN
2025-01-16 13:44:49,181 - api.v1.auth.service - INFO - a5f8a315-4058-4650-9687-b10871bf667d
2025-01-16 13:44:49,185 - api.v1.auth.service - INFO - a5f8a315-4058-4650-9687-b10871bf667d
2025-01-16 13:44:49,368 - api.v1.auth.service - INFO - a5f8a315-4058-4650-9687-b10871bf667d
2025-01-16 13:44:49,555 - api.v1.auth.service - INFO - User found: <User(name='Ojogu Nkang', role='<Role(name='RoleEnum.ADMIN')>')>
2025-01-16 13:44:49,573 - api.v1.auth.service - INFO - User found: <User(name='Ojogu Nkang', role='<Role(name='RoleEnum.ADMIN')>')>
2025-01-16 13:44:49,574 - api.v1.auth.service - INFO - User found: <User(name='Ojogu Nkang', role='<Role(name='RoleEnum.ADMIN')>')>
2025-01-16 13:44:51,252 - api.v1.auth.service - INFO - Checking role permission for user
2025-01-16 13:44:51,271 - api.v1.auth.service - INFO - Normalized required roles: ['SUPERADMIN', 'ADMIN']
2025-01-16 13:44:51,276 - api.v1.auth.service - INFO - a5f8a315-4058-4650-9687-b10871bf667d
2025-01-16 13:44:51,840 - api.v1.auth.service - INFO - User found: None
2025-01-16 13:44:51,843 - api.v1.auth.service - ERROR - User not found
2025-01-16 13:44:51,847 - api.v1.auth.service - INFO - a5f8a315-4058-4650-9687-b10871bf667d
2025-01-16 13:44:52,348 - api.v1.auth.service - INFO - User found: <User(name='Ojogu Nkang', role='<Role(name='RoleEnum.ADMIN')>')>
2025-01-16 13:44:52,352 - api.v1.auth.service - INFO - Parsed user role: ADMIN
2025-01-16 13:44:52,355 - api.v1.auth.service - INFO - Permission granted for role: ADMIN
2025-01-16 13:44:52,361 - api.v1.auth.service - INFO - a5f8a315-4058-4650-9687-b10871bf667d
2025-01-16 13:44:52,587 - api.v1.auth.service - INFO - User found: <User(name='Ojogu Nkang', role='<Role(name='RoleEnum.ADMIN')>')>
2025-01-16 13:44:55,696 - api.v1.auth.service - INFO - Checking role permission for user
2025-01-16 13:44:55,699 - api.v1.auth.service - INFO - Normalized required roles: ['ADMIN', 'SUBADMIN']
2025-01-16 13:44:55,702 - api.v1.auth.service - INFO - a5f8a315-4058-4650-9687-b10871bf667d
2025-01-16 13:44:56,355 - api.v1.auth.service - INFO - User found: <User(name='Ojogu Nkang', role='<Role(name='RoleEnum.ADMIN')>')>
2025-01-16 13:44:56,360 - api.v1.auth.service - INFO - Parsed user role: ADMIN
2025-01-16 13:44:56,363 - api.v1.auth.service - INFO - Permission granted for role: ADMIN
2025-01-16 13:44:56,368 - api.v1.auth.service - INFO - a5f8a315-4058-4650-9687-b10871bf667d
2025-01-16 13:44:56,661 - api.v1.auth.service - INFO - User found: <User(name='Ojogu Nkang', role='<Role(name='RoleEnum.ADMIN')>')>
2025-01-16 13:47:08,864 - api.v1.auth.service - INFO - User found: <User(name='Ojogu Nkang', role='<Role(name='RoleEnum.ADMIN')>')>
2025-01-16 13:47:09,650 - api.v1.auth.service - INFO - User authenticated
2025-01-16 13:53:17,352 - api.v1.auth.service - INFO - Checking role permission for user
2025-01-16 13:53:17,357 - api.v1.auth.service - INFO - Normalized required roles: ['ADMIN']
2025-01-16 13:53:17,365 - api.v1.auth.service - INFO - a5f8a315-4058-4650-9687-b10871bf667d
2025-01-16 13:53:45,424 - api.v1.auth.service - INFO - User found: <User(name='Ojogu Nkang', role='<Role(name='RoleEnum.ADMIN')>')>
2025-01-16 13:53:45,428 - api.v1.auth.service - INFO - Parsed user role: ADMIN
2025-01-16 13:53:45,430 - api.v1.auth.service - INFO - Permission granted for role: ADMIN
2025-01-16 13:53:45,440 - api.v1.auth.service - INFO - a5f8a315-4058-4650-9687-b10871bf667d
2025-01-16 13:54:01,013 - api.v1.auth.service - INFO - User found: <User(name='Ojogu Nkang', role='<Role(name='RoleEnum.ADMIN')>')>
2025-01-16 13:55:00,691 - api.v1.auth.service - INFO - Checking role permission for user
2025-01-16 13:55:00,706 - api.v1.auth.service - INFO - Normalized required roles: ['ADMIN']
2025-01-16 13:55:00,715 - api.v1.auth.service - INFO - a5f8a315-4058-4650-9687-b10871bf667d
2025-01-16 13:55:05,525 - api.v1.auth.service - INFO - User found: <User(name='Ojogu Nkang', role='<Role(name='RoleEnum.ADMIN')>')>
2025-01-16 13:55:05,528 - api.v1.auth.service - INFO - Parsed user role: ADMIN
2025-01-16 13:55:05,530 - api.v1.auth.service - INFO - Permission granted for role: ADMIN
2025-01-16 13:55:05,537 - api.v1.auth.service - INFO - a5f8a315-4058-4650-9687-b10871bf667d
2025-01-16 13:55:08,268 - api.v1.auth.service - INFO - User found: <User(name='Ojogu Nkang', role='<Role(name='RoleEnum.ADMIN')>')>
2025-01-16 13:55:08,996 - api.v1.auth.service - INFO - User found: <User(name='Ojogu Nkang', role='<Role(name='RoleEnum.ADMIN')>')>
2025-01-16 13:55:09,776 - api.v1.auth.service - INFO - User authenticated
2025-01-16 13:55:27,496 - api.v1.auth.service - INFO - Checking role permission for user
2025-01-16 13:55:27,500 - api.v1.auth.service - INFO - Normalized required roles: ['SUPERADMIN', 'ADMIN', 'BURSAR', 'SUBADMIN', 'STUDENT']
2025-01-16 13:55:27,502 - api.v1.auth.service - INFO - a5f8a315-4058-4650-9687-b10871bf667d
2025-01-16 13:55:28,078 - api.v1.auth.service - INFO - Checking role permission for user
2025-01-16 13:55:28,080 - api.v1.auth.service - INFO - Normalized required roles: ['SUPERADMIN', 'ADMIN']
2025-01-16 13:55:28,082 - api.v1.auth.service - INFO - a5f8a315-4058-4650-9687-b10871bf667d
2025-01-16 13:55:28,506 - api.v1.auth.service - INFO - User found: None
2025-01-16 13:55:28,537 - api.v1.auth.service - ERROR - User not found
2025-01-16 13:55:28,721 - api.v1.auth.service - INFO - User found: None
2025-01-16 13:55:28,887 - api.v1.auth.service - INFO - a5f8a315-4058-4650-9687-b10871bf667d
2025-01-16 13:55:28,890 - api.v1.auth.service - ERROR - User not found
2025-01-16 13:55:28,914 - api.v1.auth.service - INFO - a5f8a315-4058-4650-9687-b10871bf667d
2025-01-16 13:55:29,488 - api.v1.auth.service - INFO - User found: <User(name='Ojogu Nkang', role='<Role(name='RoleEnum.ADMIN')>')>
2025-01-16 13:55:29,703 - api.v1.auth.service - INFO - Parsed user role: ADMIN
2025-01-16 13:55:29,721 - api.v1.auth.service - INFO - Permission granted for role: ADMIN
2025-01-16 13:55:29,729 - api.v1.auth.service - INFO - a5f8a315-4058-4650-9687-b10871bf667d
2025-01-16 13:55:29,757 - api.v1.auth.service - INFO - User found: <User(name='Ojogu Nkang', role='<Role(name='RoleEnum.ADMIN')>')>
2025-01-16 13:55:29,760 - api.v1.auth.service - INFO - Parsed user role: ADMIN
2025-01-16 13:55:29,763 - api.v1.auth.service - INFO - Permission granted for role: ADMIN
2025-01-16 13:55:29,769 - api.v1.auth.service - INFO - a5f8a315-4058-4650-9687-b10871bf667d
2025-01-16 13:55:29,862 - api.v1.auth.service - INFO - Checking role permission for user
2025-01-16 13:55:29,866 - api.v1.auth.service - INFO - Normalized required roles: ['SUPERADMIN', 'ADMIN']
2025-01-16 13:55:29,868 - api.v1.auth.service - INFO - a5f8a315-4058-4650-9687-b10871bf667d
2025-01-16 13:55:29,919 - api.v1.auth.service - INFO - User found: <User(name='Ojogu Nkang', role='<Role(name='RoleEnum.ADMIN')>')>
2025-01-16 13:55:29,950 - api.v1.auth.service - INFO - User found: <User(name='Ojogu Nkang', role='<Role(name='RoleEnum.ADMIN')>')>
2025-01-16 13:55:30,197 - api.v1.auth.service - INFO - User found: None
2025-01-16 13:55:30,200 - api.v1.auth.service - ERROR - User not found
2025-01-16 13:55:30,203 - api.v1.auth.service - INFO - a5f8a315-4058-4650-9687-b10871bf667d
2025-01-16 13:55:30,682 - api.v1.auth.service - INFO - User found: <User(name='Ojogu Nkang', role='<Role(name='RoleEnum.ADMIN')>')>
2025-01-16 13:55:30,685 - api.v1.auth.service - INFO - Parsed user role: ADMIN
2025-01-16 13:55:30,688 - api.v1.auth.service - INFO - Permission granted for role: ADMIN
2025-01-16 13:55:30,694 - api.v1.auth.service - INFO - a5f8a315-4058-4650-9687-b10871bf667d
2025-01-16 13:55:30,914 - api.v1.auth.service - INFO - User found: <User(name='Ojogu Nkang', role='<Role(name='RoleEnum.ADMIN')>')>
2025-01-16 13:55:31,675 - api.v1.auth.service - INFO - Checking role permission for user
2025-01-16 13:55:31,678 - api.v1.auth.service - INFO - Normalized required roles: ['SUPERADMIN', 'ADMIN']
2025-01-16 13:55:31,681 - api.v1.auth.service - INFO - a5f8a315-4058-4650-9687-b10871bf667d
2025-01-16 13:55:32,023 - api.v1.auth.service - INFO - User found: None
2025-01-16 13:55:32,027 - api.v1.auth.service - ERROR - User not found
2025-01-16 13:55:32,029 - api.v1.auth.service - INFO - a5f8a315-4058-4650-9687-b10871bf667d
2025-01-16 13:55:32,403 - api.v1.auth.service - INFO - User found: <User(name='Ojogu Nkang', role='<Role(name='RoleEnum.ADMIN')>')>
2025-01-16 13:55:32,408 - api.v1.auth.service - INFO - Parsed user role: ADMIN
2025-01-16 13:55:32,411 - api.v1.auth.service - INFO - Permission granted for role: ADMIN
2025-01-16 13:55:32,417 - api.v1.auth.service - INFO - a5f8a315-4058-4650-9687-b10871bf667d
2025-01-16 13:55:32,664 - api.v1.auth.service - INFO - User found: <User(name='Ojogu Nkang', role='<Role(name='RoleEnum.ADMIN')>')>
2025-01-16 13:55:35,323 - api.v1.auth.service - INFO - Checking role permission for user
2025-01-16 13:55:35,327 - api.v1.auth.service - INFO - Normalized required roles: ['ADMIN', 'SUBADMIN']
2025-01-16 13:55:35,329 - api.v1.auth.service - INFO - a5f8a315-4058-4650-9687-b10871bf667d
2025-01-16 13:55:36,355 - api.v1.auth.service - INFO - User found: <User(name='Ojogu Nkang', role='<Role(name='RoleEnum.ADMIN')>')>
2025-01-16 13:55:36,360 - api.v1.auth.service - INFO - Parsed user role: ADMIN
2025-01-16 13:55:36,363 - api.v1.auth.service - INFO - Permission granted for role: ADMIN
2025-01-16 13:55:36,369 - api.v1.auth.service - INFO - a5f8a315-4058-4650-9687-b10871bf667d
2025-01-16 13:55:37,120 - api.v1.auth.service - INFO - User found: <User(name='Ojogu Nkang', role='<Role(name='RoleEnum.ADMIN')>')>
2025-01-16 13:55:45,090 - api.v1.auth.service - INFO - Checking role permission for user
2025-01-16 13:55:45,094 - api.v1.auth.service - INFO - Normalized required roles: ['SUPERADMIN', 'ADMIN']
2025-01-16 13:55:45,097 - api.v1.auth.service - INFO - a5f8a315-4058-4650-9687-b10871bf667d
2025-01-16 13:55:46,495 - api.v1.auth.service - INFO - User found: None
2025-01-16 13:55:46,500 - api.v1.auth.service - ERROR - User not found
2025-01-16 13:55:46,503 - api.v1.auth.service - INFO - a5f8a315-4058-4650-9687-b10871bf667d
2025-01-16 13:55:48,419 - api.v1.auth.service - INFO - User found: <User(name='Ojogu Nkang', role='<Role(name='RoleEnum.ADMIN')>')>
2025-01-16 13:55:48,423 - api.v1.auth.service - INFO - Parsed user role: ADMIN
2025-01-16 13:55:48,438 - api.v1.auth.service - INFO - Permission granted for role: ADMIN
2025-01-16 13:55:48,454 - api.v1.auth.service - INFO - a5f8a315-4058-4650-9687-b10871bf667d
2025-01-16 13:55:49,222 - api.v1.auth.service - INFO - User found: <User(name='Ojogu Nkang', role='<Role(name='RoleEnum.ADMIN')>')>
2025-01-16 13:58:46,964 - api.v1.auth.service - INFO - Checking role permission for user
2025-01-16 13:58:46,967 - api.v1.auth.service - INFO - Normalized required roles: ['SUPERADMIN', 'ADMIN']
2025-01-16 13:58:46,970 - api.v1.auth.service - INFO - a5f8a315-4058-4650-9687-b10871bf667d
2025-01-16 13:58:47,296 - api.v1.auth.service - INFO - Checking role permission for user
2025-01-16 13:58:47,299 - api.v1.auth.service - INFO - Normalized required roles: ['SUPERADMIN', 'ADMIN', 'BURSAR', 'SUBADMIN', 'STUDENT']
2025-01-16 13:58:47,303 - api.v1.auth.service - INFO - a5f8a315-4058-4650-9687-b10871bf667d
2025-01-16 13:58:49,231 - api.v1.auth.service - INFO - User found: None
2025-01-16 13:58:49,235 - api.v1.auth.service - ERROR - User not found
2025-01-16 13:58:49,238 - api.v1.auth.service - INFO - a5f8a315-4058-4650-9687-b10871bf667d
2025-01-16 13:58:50,213 - api.v1.auth.service - INFO - User found: None
2025-01-16 13:58:50,216 - api.v1.auth.service - ERROR - User not found
2025-01-16 13:58:50,219 - api.v1.auth.service - INFO - a5f8a315-4058-4650-9687-b10871bf667d
2025-01-16 13:58:54,857 - api.v1.auth.service - INFO - User found: <User(name='Ojogu Nkang', role='<Role(name='RoleEnum.ADMIN')>')>
2025-01-16 13:58:54,859 - api.v1.auth.service - INFO - Parsed user role: ADMIN
2025-01-16 13:58:54,862 - api.v1.auth.service - INFO - Permission granted for role: ADMIN
2025-01-16 13:58:54,868 - api.v1.auth.service - INFO - a5f8a315-4058-4650-9687-b10871bf667d
2025-01-16 13:58:55,266 - api.v1.auth.service - INFO - User found: <User(name='Ojogu Nkang', role='<Role(name='RoleEnum.ADMIN')>')>
2025-01-16 13:58:55,269 - api.v1.auth.service - INFO - Parsed user role: ADMIN
2025-01-16 13:58:55,271 - api.v1.auth.service - INFO - Permission granted for role: ADMIN
2025-01-16 13:58:55,276 - api.v1.auth.service - INFO - a5f8a315-4058-4650-9687-b10871bf667d
2025-01-16 13:58:56,329 - api.v1.auth.service - INFO - User found: <User(name='Ojogu Nkang', role='<Role(name='RoleEnum.ADMIN')>')>
2025-01-16 13:58:56,781 - api.v1.auth.service - INFO - User found: <User(name='Ojogu Nkang', role='<Role(name='RoleEnum.ADMIN')>')>
2025-01-16 13:58:58,910 - api.v1.auth.service - INFO - Checking role permission for user
2025-01-16 13:58:58,912 - api.v1.auth.service - INFO - Normalized required roles: ['SUPERADMIN', 'ADMIN']
2025-01-16 13:58:58,918 - api.v1.auth.service - INFO - a5f8a315-4058-4650-9687-b10871bf667d
2025-01-16 13:59:00,009 - api.v1.auth.service - INFO - User found: None
2025-01-16 13:59:00,021 - api.v1.auth.service - ERROR - User not found
2025-01-16 13:59:00,025 - api.v1.auth.service - INFO - a5f8a315-4058-4650-9687-b10871bf667d
2025-01-16 13:59:00,400 - api.v1.auth.service - INFO - User found: <User(name='Ojogu Nkang', role='<Role(name='RoleEnum.ADMIN')>')>
2025-01-16 13:59:00,403 - api.v1.auth.service - INFO - Parsed user role: ADMIN
2025-01-16 13:59:00,405 - api.v1.auth.service - INFO - Permission granted for role: ADMIN
2025-01-16 13:59:00,412 - api.v1.auth.service - INFO - a5f8a315-4058-4650-9687-b10871bf667d
2025-01-16 13:59:00,641 - api.v1.auth.service - INFO - User found: <User(name='Ojogu Nkang', role='<Role(name='RoleEnum.ADMIN')>')>
2025-01-16 13:59:03,576 - api.v1.auth.service - INFO - Checking role permission for user
2025-01-16 13:59:03,580 - api.v1.auth.service - INFO - Normalized required roles: ['SUPERADMIN', 'ADMIN']
2025-01-16 13:59:03,583 - api.v1.auth.service - INFO - a5f8a315-4058-4650-9687-b10871bf667d
2025-01-16 13:59:07,548 - api.v1.auth.service - INFO - User found: None
2025-01-16 13:59:07,552 - api.v1.auth.service - ERROR - User not found
2025-01-16 13:59:07,554 - api.v1.auth.service - INFO - a5f8a315-4058-4650-9687-b10871bf667d
2025-01-16 13:59:10,430 - api.v1.auth.service - INFO - User found: <User(name='Ojogu Nkang', role='<Role(name='RoleEnum.ADMIN')>')>
2025-01-16 13:59:10,433 - api.v1.auth.service - INFO - Parsed user role: ADMIN
2025-01-16 13:59:10,436 - api.v1.auth.service - INFO - Permission granted for role: ADMIN
2025-01-16 13:59:10,442 - api.v1.auth.service - INFO - a5f8a315-4058-4650-9687-b10871bf667d
2025-01-16 13:59:11,125 - api.v1.auth.service - INFO - User found: <User(name='Ojogu Nkang', role='<Role(name='RoleEnum.ADMIN')>')>
2025-01-16 13:59:22,571 - api.v1.auth.service - INFO - Checking role permission for user
2025-01-16 13:59:22,575 - api.v1.auth.service - INFO - Normalized required roles: ['ADMIN', 'SUBADMIN']
2025-01-16 13:59:22,577 - api.v1.auth.service - INFO - a5f8a315-4058-4650-9687-b10871bf667d
2025-01-16 13:59:24,270 - api.v1.auth.service - INFO - User found: <User(name='Ojogu Nkang', role='<Role(name='RoleEnum.ADMIN')>')>
2025-01-16 13:59:24,273 - api.v1.auth.service - INFO - Parsed user role: ADMIN
2025-01-16 13:59:24,275 - api.v1.auth.service - INFO - Permission granted for role: ADMIN
2025-01-16 13:59:24,281 - api.v1.auth.service - INFO - a5f8a315-4058-4650-9687-b10871bf667d
2025-01-16 13:59:25,104 - api.v1.auth.service - INFO - User found: <User(name='Ojogu Nkang', role='<Role(name='RoleEnum.ADMIN')>')>
2025-01-16 13:59:37,531 - api.v1.auth.service - INFO - Checking role permission for user
2025-01-16 13:59:37,534 - api.v1.auth.service - INFO - Normalized required roles: ['ADMIN']
2025-01-16 13:59:37,537 - api.v1.auth.service - INFO - a5f8a315-4058-4650-9687-b10871bf667d
2025-01-16 13:59:38,766 - api.v1.auth.service - INFO - User found: <User(name='Ojogu Nkang', role='<Role(name='RoleEnum.ADMIN')>')>
2025-01-16 13:59:38,769 - api.v1.auth.service - INFO - Parsed user role: ADMIN
2025-01-16 13:59:38,772 - api.v1.auth.service - INFO - Permission granted for role: ADMIN
2025-01-16 13:59:38,780 - api.v1.auth.service - INFO - a5f8a315-4058-4650-9687-b10871bf667d
2025-01-16 13:59:39,429 - api.v1.auth.service - INFO - User found: <User(name='Ojogu Nkang', role='<Role(name='RoleEnum.ADMIN')>')>
2025-01-16 14:00:21,753 - api.v1.auth.service - INFO - Checking role permission for user
2025-01-16 14:00:21,755 - api.v1.auth.service - INFO - Normalized required roles: ['ADMIN']
2025-01-16 14:00:21,758 - api.v1.auth.service - INFO - a5f8a315-4058-4650-9687-b10871bf667d
2025-01-16 14:00:22,474 - api.v1.auth.service - INFO - User found: <User(name='Ojogu Nkang', role='<Role(name='RoleEnum.ADMIN')>')>
2025-01-16 14:00:22,477 - api.v1.auth.service - INFO - Parsed user role: ADMIN
2025-01-16 14:00:22,480 - api.v1.auth.service - INFO - Permission granted for role: ADMIN
2025-01-16 14:00:22,489 - api.v1.auth.service - INFO - a5f8a315-4058-4650-9687-b10871bf667d
2025-01-16 14:00:22,786 - api.v1.auth.service - INFO - User found: <User(name='Ojogu Nkang', role='<Role(name='RoleEnum.ADMIN')>')>
2025-01-16 14:00:49,385 - api.v1.auth.service - INFO - Checking role permission for user
2025-01-16 14:00:49,388 - api.v1.auth.service - INFO - Normalized required roles: ['SUPERADMIN', 'ADMIN', 'BURSAR', 'SUBADMIN', 'STUDENT']
2025-01-16 14:00:49,390 - api.v1.auth.service - INFO - a5f8a315-4058-4650-9687-b10871bf667d
2025-01-16 14:00:49,940 - api.v1.auth.service - INFO - Checking role permission for user
2025-01-16 14:00:49,943 - api.v1.auth.service - INFO - Normalized required roles: ['SUPERADMIN', 'ADMIN']
2025-01-16 14:00:49,946 - api.v1.auth.service - INFO - a5f8a315-4058-4650-9687-b10871bf667d
2025-01-16 14:00:50,264 - api.v1.auth.service - INFO - User found: None
2025-01-16 14:00:50,267 - api.v1.auth.service - ERROR - User not found
2025-01-16 14:00:50,270 - api.v1.auth.service - INFO - a5f8a315-4058-4650-9687-b10871bf667d
2025-01-16 14:00:51,782 - api.v1.auth.service - INFO - User found: None
2025-01-16 14:00:51,787 - api.v1.auth.service - ERROR - User not found
2025-01-16 14:00:51,789 - api.v1.auth.service - INFO - a5f8a315-4058-4650-9687-b10871bf667d
2025-01-16 14:00:52,642 - api.v1.auth.service - INFO - User found: <User(name='Ojogu Nkang', role='<Role(name='RoleEnum.ADMIN')>')>
2025-01-16 14:00:52,645 - api.v1.auth.service - INFO - Parsed user role: ADMIN
2025-01-16 14:00:52,647 - api.v1.auth.service - INFO - Permission granted for role: ADMIN
2025-01-16 14:00:52,653 - api.v1.auth.service - INFO - a5f8a315-4058-4650-9687-b10871bf667d
2025-01-16 14:00:54,166 - api.v1.auth.service - INFO - User found: <User(name='Ojogu Nkang', role='<Role(name='RoleEnum.ADMIN')>')>
2025-01-16 14:00:54,779 - api.v1.auth.service - INFO - User found: <User(name='Ojogu Nkang', role='<Role(name='RoleEnum.ADMIN')>')>
2025-01-16 14:00:54,782 - api.v1.auth.service - INFO - Parsed user role: ADMIN
2025-01-16 14:00:54,785 - api.v1.auth.service - INFO - Permission granted for role: ADMIN
2025-01-16 14:00:54,791 - api.v1.auth.service - INFO - a5f8a315-4058-4650-9687-b10871bf667d
2025-01-16 14:00:56,589 - api.v1.auth.service - INFO - User found: <User(name='Ojogu Nkang', role='<Role(name='RoleEnum.ADMIN')>')>
2025-01-16 14:00:57,046 - api.v1.auth.service - INFO - Checking role permission for user
2025-01-16 14:00:57,049 - api.v1.auth.service - INFO - Normalized required roles: ['SUPERADMIN', 'ADMIN']
2025-01-16 14:00:57,052 - api.v1.auth.service - INFO - a5f8a315-4058-4650-9687-b10871bf667d
2025-01-16 14:00:58,883 - api.v1.auth.service - INFO - User found: None
2025-01-16 14:00:58,887 - api.v1.auth.service - ERROR - User not found
2025-01-16 14:00:58,889 - api.v1.auth.service - INFO - a5f8a315-4058-4650-9687-b10871bf667d
2025-01-16 14:01:00,361 - api.v1.auth.service - INFO - User found: <User(name='Ojogu Nkang', role='<Role(name='RoleEnum.ADMIN')>')>
2025-01-16 14:01:00,364 - api.v1.auth.service - INFO - Parsed user role: ADMIN
2025-01-16 14:01:00,368 - api.v1.auth.service - INFO - Permission granted for role: ADMIN
2025-01-16 14:01:00,374 - api.v1.auth.service - INFO - a5f8a315-4058-4650-9687-b10871bf667d
2025-01-16 14:01:01,243 - api.v1.auth.service - INFO - User found: <User(name='Ojogu Nkang', role='<Role(name='RoleEnum.ADMIN')>')>
2025-01-16 14:01:16,346 - api.v1.auth.service - INFO - Checking role permission for user
2025-01-16 14:01:16,349 - api.v1.auth.service - INFO - Normalized required roles: ['SUPERADMIN', 'ADMIN']
2025-01-16 14:01:16,353 - api.v1.auth.service - INFO - a5f8a315-4058-4650-9687-b10871bf667d
2025-01-16 14:01:16,814 - api.v1.auth.service - INFO - User found: None
2025-01-16 14:01:16,817 - api.v1.auth.service - ERROR - User not found
2025-01-16 14:01:16,820 - api.v1.auth.service - INFO - a5f8a315-4058-4650-9687-b10871bf667d
2025-01-16 14:01:17,380 - api.v1.auth.service - INFO - User found: <User(name='Ojogu Nkang', role='<Role(name='RoleEnum.ADMIN')>')>
2025-01-16 14:01:17,384 - api.v1.auth.service - INFO - Parsed user role: ADMIN
2025-01-16 14:01:17,387 - api.v1.auth.service - INFO - Permission granted for role: ADMIN
2025-01-16 14:01:17,394 - api.v1.auth.service - INFO - a5f8a315-4058-4650-9687-b10871bf667d
2025-01-16 14:01:18,042 - api.v1.auth.service - INFO - User found: <User(name='Ojogu Nkang', role='<Role(name='RoleEnum.ADMIN')>')>
2025-01-16 14:01:30,892 - api.v1.auth.service - INFO - Checking role permission for user
2025-01-16 14:01:30,895 - api.v1.auth.service - INFO - Normalized required roles: ['ADMIN', 'SUBADMIN']
2025-01-16 14:01:30,897 - api.v1.auth.service - INFO - a5f8a315-4058-4650-9687-b10871bf667d
2025-01-16 14:01:32,078 - api.v1.auth.service - INFO - User found: <User(name='Ojogu Nkang', role='<Role(name='RoleEnum.ADMIN')>')>
2025-01-16 14:01:32,080 - api.v1.auth.service - INFO - Parsed user role: ADMIN
2025-01-16 14:01:32,083 - api.v1.auth.service - INFO - Permission granted for role: ADMIN
2025-01-16 14:01:32,088 - api.v1.auth.service - INFO - a5f8a315-4058-4650-9687-b10871bf667d
2025-01-16 14:01:32,449 - api.v1.auth.service - INFO - User found: <User(name='Ojogu Nkang', role='<Role(name='RoleEnum.ADMIN')>')>
2025-01-16 14:01:51,995 - api.v1.auth.service - INFO - Checking role permission for user
2025-01-16 14:01:51,998 - api.v1.auth.service - INFO - Normalized required roles: ['ADMIN']
2025-01-16 14:01:52,002 - api.v1.auth.service - INFO - a5f8a315-4058-4650-9687-b10871bf667d
2025-01-16 14:01:54,653 - api.v1.auth.service - INFO - User found: <User(name='Ojogu Nkang', role='<Role(name='RoleEnum.ADMIN')>')>
2025-01-16 14:01:54,656 - api.v1.auth.service - INFO - Parsed user role: ADMIN
2025-01-16 14:01:54,659 - api.v1.auth.service - INFO - Permission granted for role: ADMIN
2025-01-16 14:01:54,666 - api.v1.auth.service - INFO - a5f8a315-4058-4650-9687-b10871bf667d
2025-01-16 14:01:55,065 - api.v1.auth.service - INFO - User found: <User(name='Ojogu Nkang', role='<Role(name='RoleEnum.ADMIN')>')>
2025-01-16 14:02:17,063 - api.v1.auth.service - INFO - Checking role permission for user
2025-01-16 14:02:17,066 - api.v1.auth.service - INFO - Normalized required roles: ['SUPERADMIN', 'ADMIN']
2025-01-16 14:02:17,069 - api.v1.auth.service - INFO - a5f8a315-4058-4650-9687-b10871bf667d
2025-01-16 14:02:17,146 - api.v1.auth.service - INFO - Checking role permission for user
2025-01-16 14:02:17,149 - api.v1.auth.service - INFO - Normalized required roles: ['SUPERADMIN', 'ADMIN']
2025-01-16 14:02:17,152 - api.v1.auth.service - INFO - a5f8a315-4058-4650-9687-b10871bf667d
2025-01-16 14:02:19,153 - api.v1.auth.service - INFO - Checking role permission for user
2025-01-16 14:02:19,156 - api.v1.auth.service - INFO - Normalized required roles: ['SUPERADMIN', 'ADMIN', 'BURSAR', 'SUBADMIN', 'STUDENT']
2025-01-16 14:02:19,159 - api.v1.auth.service - INFO - a5f8a315-4058-4650-9687-b10871bf667d
2025-01-16 14:02:19,310 - api.v1.auth.service - INFO - User found: None
2025-01-16 14:02:19,311 - api.v1.auth.service - INFO - User found: None
2025-01-16 14:02:19,314 - api.v1.auth.service - ERROR - User not found
2025-01-16 14:02:19,315 - api.v1.auth.service - ERROR - User not found
2025-01-16 14:02:19,319 - api.v1.auth.service - INFO - a5f8a315-4058-4650-9687-b10871bf667d
2025-01-16 14:02:19,322 - api.v1.auth.service - INFO - a5f8a315-4058-4650-9687-b10871bf667d
2025-01-16 14:02:19,834 - api.v1.auth.service - INFO - User found: None
2025-01-16 14:02:19,837 - api.v1.auth.service - ERROR - User not found
2025-01-16 14:02:19,840 - api.v1.auth.service - INFO - a5f8a315-4058-4650-9687-b10871bf667d
2025-01-16 14:02:20,125 - api.v1.auth.service - INFO - User found: <User(name='Ojogu Nkang', role='<Role(name='RoleEnum.ADMIN')>')>
2025-01-16 14:02:20,283 - api.v1.auth.service - INFO - User found: <User(name='Ojogu Nkang', role='<Role(name='RoleEnum.ADMIN')>')>
2025-01-16 14:02:21,082 - api.v1.auth.service - INFO - Parsed user role: ADMIN
2025-01-16 14:02:21,134 - api.v1.auth.service - INFO - Parsed user role: ADMIN
2025-01-16 14:02:21,190 - api.v1.auth.service - INFO - Permission granted for role: ADMIN
2025-01-16 14:02:21,240 - api.v1.auth.service - INFO - Permission granted for role: ADMIN
2025-01-16 14:02:21,424 - api.v1.auth.service - INFO - a5f8a315-4058-4650-9687-b10871bf667d
2025-01-16 14:02:21,473 - api.v1.auth.service - INFO - a5f8a315-4058-4650-9687-b10871bf667d
2025-01-16 14:02:22,467 - api.v1.auth.service - INFO - User found: <User(name='Ojogu Nkang', role='<Role(name='RoleEnum.ADMIN')>')>
2025-01-16 14:02:22,678 - api.v1.auth.service - INFO - User found: <User(name='Ojogu Nkang', role='<Role(name='RoleEnum.ADMIN')>')>
2025-01-16 14:02:23,375 - api.v1.auth.service - INFO - User found: <User(name='Ojogu Nkang', role='<Role(name='RoleEnum.ADMIN')>')>
2025-01-16 14:02:23,432 - api.v1.auth.service - INFO - Parsed user role: ADMIN
2025-01-16 14:02:23,485 - api.v1.auth.service - INFO - Permission granted for role: ADMIN
2025-01-16 14:02:23,691 - api.v1.auth.service - INFO - a5f8a315-4058-4650-9687-b10871bf667d
2025-01-16 14:02:25,298 - api.v1.auth.service - INFO - User found: <User(name='Ojogu Nkang', role='<Role(name='RoleEnum.ADMIN')>')>
2025-01-16 14:02:38,678 - api.v1.auth.service - INFO - Checking role permission for user
2025-01-16 14:02:38,732 - api.v1.auth.service - INFO - Normalized required roles: ['SUPERADMIN', 'ADMIN']
2025-01-16 14:02:38,785 - api.v1.auth.service - INFO - a5f8a315-4058-4650-9687-b10871bf667d
2025-01-16 14:02:38,912 - api.v1.auth.service - INFO - Checking role permission for user
2025-01-16 14:02:38,913 - api.v1.auth.service - INFO - Checking role permission for user
2025-01-16 14:02:38,991 - api.v1.auth.service - INFO - Normalized required roles: ['SUPERADMIN', 'ADMIN']
2025-01-16 14:02:39,043 - api.v1.auth.service - INFO - Normalized required roles: ['SUPERADMIN', 'ADMIN', 'BURSAR', 'SUBADMIN', 'STUDENT']
2025-01-16 14:02:39,095 - api.v1.auth.service - INFO - a5f8a315-4058-4650-9687-b10871bf667d
2025-01-16 14:02:39,137 - api.v1.auth.service - INFO - a5f8a315-4058-4650-9687-b10871bf667d
2025-01-16 14:02:39,308 - api.v1.auth.service - INFO - User found: None
2025-01-16 14:02:39,344 - api.v1.auth.service - ERROR - User not found
2025-01-16 14:02:39,408 - api.v1.auth.service - INFO - a5f8a315-4058-4650-9687-b10871bf667d
2025-01-16 14:02:39,544 - api.v1.auth.service - INFO - User found: None
2025-01-16 14:02:39,595 - api.v1.auth.service - ERROR - User not found
2025-01-16 14:02:39,614 - api.v1.auth.service - INFO - User found: None
2025-01-16 14:02:39,665 - api.v1.auth.service - INFO - a5f8a315-4058-4650-9687-b10871bf667d
2025-01-16 14:02:39,711 - api.v1.auth.service - ERROR - User not found
2025-01-16 14:02:39,786 - api.v1.auth.service - INFO - a5f8a315-4058-4650-9687-b10871bf667d
2025-01-16 14:02:39,889 - api.v1.auth.service - INFO - User found: <User(name='Ojogu Nkang', role='<Role(name='RoleEnum.ADMIN')>')>
2025-01-16 14:02:39,944 - api.v1.auth.service - INFO - Parsed user role: ADMIN
2025-01-16 14:02:39,999 - api.v1.auth.service - INFO - Permission granted for role: ADMIN
2025-01-16 14:02:40,104 - api.v1.auth.service - INFO - a5f8a315-4058-4650-9687-b10871bf667d
2025-01-16 14:02:40,170 - api.v1.auth.service - INFO - User found: <User(name='Ojogu Nkang', role='<Role(name='RoleEnum.ADMIN')>')>
2025-01-16 14:02:40,216 - api.v1.auth.service - INFO - Parsed user role: ADMIN
2025-01-16 14:02:40,266 - api.v1.auth.service - INFO - Permission granted for role: ADMIN
2025-01-16 14:02:40,362 - api.v1.auth.service - INFO - a5f8a315-4058-4650-9687-b10871bf667d
2025-01-16 14:02:40,490 - api.v1.auth.service - INFO - User found: <User(name='Ojogu Nkang', role='<Role(name='RoleEnum.ADMIN')>')>
2025-01-16 14:02:40,551 - api.v1.auth.service - INFO - Parsed user role: ADMIN
2025-01-16 14:02:40,603 - api.v1.auth.service - INFO - Permission granted for role: ADMIN
2025-01-16 14:02:40,671 - api.v1.auth.service - INFO - User found: <User(name='Ojogu Nkang', role='<Role(name='RoleEnum.ADMIN')>')>
2025-01-16 14:02:40,741 - api.v1.auth.service - INFO - a5f8a315-4058-4650-9687-b10871bf667d
2025-01-16 14:02:40,881 - api.v1.auth.service - INFO - Checking role permission for user
2025-01-16 14:02:40,932 - api.v1.auth.service - INFO - Normalized required roles: ['SUPERADMIN', 'ADMIN']
2025-01-16 14:02:40,984 - api.v1.auth.service - INFO - a5f8a315-4058-4650-9687-b10871bf667d
2025-01-16 14:02:42,353 - api.v1.auth.service - INFO - User found: <User(name='Ojogu Nkang', role='<Role(name='RoleEnum.ADMIN')>')>
2025-01-16 14:02:43,203 - api.v1.auth.service - INFO - User found: <User(name='Ojogu Nkang', role='<Role(name='RoleEnum.ADMIN')>')>
2025-01-16 14:02:51,228 - api.v1.auth.service - INFO - User found: None
2025-01-16 14:02:51,284 - api.v1.auth.service - ERROR - User not found
2025-01-16 14:02:51,344 - api.v1.auth.service - INFO - a5f8a315-4058-4650-9687-b10871bf667d
2025-01-16 14:02:51,411 - api.v1.auth.service - INFO - Checking role permission for user
2025-01-16 14:02:51,458 - api.v1.auth.service - INFO - Normalized required roles: ['SUPERADMIN', 'ADMIN']
2025-01-16 14:02:51,512 - api.v1.auth.service - INFO - a5f8a315-4058-4650-9687-b10871bf667d
2025-01-16 14:02:53,769 - api.v1.auth.service - INFO - User found: <User(name='Ojogu Nkang', role='<Role(name='RoleEnum.ADMIN')>')>
2025-01-16 14:02:53,823 - api.v1.auth.service - INFO - Parsed user role: ADMIN
2025-01-16 14:02:53,879 - api.v1.auth.service - INFO - Permission granted for role: ADMIN
2025-01-16 14:02:53,986 - api.v1.auth.service - INFO - a5f8a315-4058-4650-9687-b10871bf667d
2025-01-16 14:02:54,470 - api.v1.auth.service - INFO - User found: None
2025-01-16 14:02:54,529 - api.v1.auth.service - ERROR - User not found
2025-01-16 14:02:54,591 - api.v1.auth.service - INFO - a5f8a315-4058-4650-9687-b10871bf667d
2025-01-16 14:02:59,963 - api.v1.auth.service - INFO - User found: <User(name='Ojogu Nkang', role='<Role(name='RoleEnum.ADMIN')>')>
2025-01-16 14:03:01,612 - api.v1.auth.service - INFO - User found: <User(name='Ojogu Nkang', role='<Role(name='RoleEnum.ADMIN')>')>
2025-01-16 14:03:01,666 - api.v1.auth.service - INFO - Parsed user role: ADMIN
2025-01-16 14:03:01,717 - api.v1.auth.service - INFO - Permission granted for role: ADMIN
2025-01-16 14:03:01,822 - api.v1.auth.service - INFO - a5f8a315-4058-4650-9687-b10871bf667d
2025-01-16 14:03:02,596 - api.v1.auth.service - INFO - User found: <User(name='Ojogu Nkang', role='<Role(name='RoleEnum.ADMIN')>')>
2025-01-16 14:03:10,538 - api.v1.auth.service - INFO - Checking role permission for user
2025-01-16 14:03:10,591 - api.v1.auth.service - INFO - Normalized required roles: ['ADMIN', 'SUBADMIN']
2025-01-16 14:03:10,649 - api.v1.auth.service - INFO - a5f8a315-4058-4650-9687-b10871bf667d
2025-01-16 14:03:15,631 - api.v1.auth.service - INFO - User found: <User(name='Ojogu Nkang', role='<Role(name='RoleEnum.ADMIN')>')>
2025-01-16 14:03:15,693 - api.v1.auth.service - INFO - Parsed user role: ADMIN
2025-01-16 14:03:15,748 - api.v1.auth.service - INFO - Permission granted for role: ADMIN
2025-01-16 14:03:15,900 - api.v1.auth.service - INFO - a5f8a315-4058-4650-9687-b10871bf667d
2025-01-16 14:03:16,739 - api.v1.auth.service - INFO - User found: <User(name='Ojogu Nkang', role='<Role(name='RoleEnum.ADMIN')>')>
2025-01-16 14:03:57,130 - api.v1.auth.service - INFO - Checking role permission for user
2025-01-16 14:03:57,186 - api.v1.auth.service - INFO - Normalized required roles: ['SUPERADMIN', 'ADMIN']
2025-01-16 14:03:57,260 - api.v1.auth.service - INFO - a5f8a315-4058-4650-9687-b10871bf667d
2025-01-16 14:03:57,348 - api.v1.auth.service - INFO - Checking role permission for user
2025-01-16 14:03:57,407 - api.v1.auth.service - INFO - Normalized required roles: ['SUPERADMIN', 'ADMIN', 'BURSAR', 'SUBADMIN', 'STUDENT']
2025-01-16 14:03:57,458 - api.v1.auth.service - INFO - a5f8a315-4058-4650-9687-b10871bf667d
2025-01-16 14:03:58,282 - api.v1.auth.service - INFO - Checking role permission for user
2025-01-16 14:03:58,361 - api.v1.auth.service - INFO - Normalized required roles: ['SUPERADMIN', 'ADMIN']
2025-01-16 14:03:58,389 - api.v1.auth.service - INFO - User found: None
2025-01-16 14:03:58,448 - api.v1.auth.service - INFO - a5f8a315-4058-4650-9687-b10871bf667d
2025-01-16 14:03:58,493 - api.v1.auth.service - ERROR - User not found
2025-01-16 14:03:58,585 - api.v1.auth.service - INFO - a5f8a315-4058-4650-9687-b10871bf667d
2025-01-16 14:03:58,689 - api.v1.auth.service - INFO - User found: None
2025-01-16 14:03:58,743 - api.v1.auth.service - ERROR - User not found
2025-01-16 14:03:58,797 - api.v1.auth.service - INFO - a5f8a315-4058-4650-9687-b10871bf667d
2025-01-16 14:04:08,167 - api.v1.auth.service - INFO - User found: None
2025-01-16 14:04:08,224 - api.v1.auth.service - ERROR - User not found
2025-01-16 14:04:08,278 - api.v1.auth.service - INFO - a5f8a315-4058-4650-9687-b10871bf667d
2025-01-16 14:04:08,430 - api.v1.auth.service - INFO - User found: <User(name='Ojogu Nkang', role='<Role(name='RoleEnum.ADMIN')>')>
2025-01-16 14:04:08,485 - api.v1.auth.service - INFO - Parsed user role: ADMIN
2025-01-16 14:04:08,546 - api.v1.auth.service - INFO - Permission granted for role: ADMIN
2025-01-16 14:04:08,664 - api.v1.auth.service - INFO - a5f8a315-4058-4650-9687-b10871bf667d
2025-01-16 14:04:09,292 - api.v1.auth.service - INFO - User found: <User(name='Ojogu Nkang', role='<Role(name='RoleEnum.ADMIN')>')>
2025-01-16 14:04:09,348 - api.v1.auth.service - INFO - Parsed user role: ADMIN
2025-01-16 14:04:09,401 - api.v1.auth.service - INFO - Permission granted for role: ADMIN
2025-01-16 14:04:09,510 - api.v1.auth.service - INFO - a5f8a315-4058-4650-9687-b10871bf667d
2025-01-16 14:04:14,924 - api.v1.auth.service - INFO - Checking role permission for user
2025-01-16 14:04:14,979 - api.v1.auth.service - INFO - Normalized required roles: ['SUPERADMIN', 'ADMIN']
2025-01-16 14:04:15,037 - api.v1.auth.service - INFO - a5f8a315-4058-4650-9687-b10871bf667d
2025-01-16 14:04:15,251 - api.v1.auth.service - INFO - User found: <User(name='Ojogu Nkang', role='<Role(name='RoleEnum.ADMIN')>')>
2025-01-16 14:04:15,792 - api.v1.auth.service - INFO - User found: <User(name='Ojogu Nkang', role='<Role(name='RoleEnum.ADMIN')>')>
2025-01-16 14:04:17,666 - api.v1.auth.service - INFO - User found: <User(name='Ojogu Nkang', role='<Role(name='RoleEnum.ADMIN')>')>
2025-01-16 14:04:17,832 - api.v1.auth.service - INFO - Parsed user role: ADMIN
2025-01-16 14:04:17,878 - api.v1.auth.service - INFO - Permission granted for role: ADMIN
2025-01-16 14:04:17,968 - api.v1.auth.service - INFO - a5f8a315-4058-4650-9687-b10871bf667d
2025-01-16 14:04:19,803 - api.v1.auth.service - INFO - User found: None
2025-01-16 14:04:19,860 - api.v1.auth.service - ERROR - User not found
2025-01-16 14:04:19,917 - api.v1.auth.service - INFO - a5f8a315-4058-4650-9687-b10871bf667d
2025-01-16 14:04:20,179 - api.v1.auth.service - INFO - User found: <User(name='Ojogu Nkang', role='<Role(name='RoleEnum.ADMIN')>')>
2025-01-16 14:04:32,842 - api.v1.auth.service - INFO - User found: <User(name='Ojogu Nkang', role='<Role(name='RoleEnum.ADMIN')>')>
2025-01-16 14:04:32,899 - api.v1.auth.service - INFO - Parsed user role: ADMIN
2025-01-16 14:04:32,953 - api.v1.auth.service - INFO - Permission granted for role: ADMIN
2025-01-16 14:04:33,065 - api.v1.auth.service - INFO - a5f8a315-4058-4650-9687-b10871bf667d
2025-01-16 14:04:36,492 - api.v1.auth.service - INFO - User found: <User(name='Ojogu Nkang', role='<Role(name='RoleEnum.ADMIN')>')>
2025-01-16 14:04:58,754 - api.v1.auth.service - INFO - Checking role permission for user
2025-01-16 14:04:58,762 - api.v1.auth.service - INFO - Checking role permission for user
2025-01-16 14:04:58,842 - api.v1.auth.service - INFO - Normalized required roles: ['SUPERADMIN', 'ADMIN']
2025-01-16 14:04:58,896 - api.v1.auth.service - INFO - Normalized required roles: ['SUPERADMIN', 'ADMIN']
2025-01-16 14:04:58,948 - api.v1.auth.service - INFO - a5f8a315-4058-4650-9687-b10871bf667d
2025-01-16 14:04:58,955 - api.v1.auth.service - INFO - Checking role permission for user
2025-01-16 14:04:59,002 - api.v1.auth.service - INFO - a5f8a315-4058-4650-9687-b10871bf667d
2025-01-16 14:04:59,124 - api.v1.auth.service - INFO - Normalized required roles: ['SUPERADMIN', 'ADMIN', 'BURSAR', 'SUBADMIN', 'STUDENT']
2025-01-16 14:04:59,224 - api.v1.auth.service - INFO - a5f8a315-4058-4650-9687-b10871bf667d
2025-01-16 14:04:59,475 - api.v1.auth.service - INFO - User found: None
2025-01-16 14:04:59,534 - api.v1.auth.service - ERROR - User not found
2025-01-16 14:04:59,562 - api.v1.auth.service - INFO - User found: None
2025-01-16 14:04:59,625 - api.v1.auth.service - INFO - a5f8a315-4058-4650-9687-b10871bf667d
2025-01-16 14:04:59,703 - api.v1.auth.service - ERROR - User not found
2025-01-16 14:04:59,809 - api.v1.auth.service - INFO - a5f8a315-4058-4650-9687-b10871bf667d
2025-01-16 14:04:59,826 - api.v1.auth.service - INFO - User found: None
2025-01-16 14:04:59,974 - api.v1.auth.service - ERROR - User not found
2025-01-16 14:05:00,049 - api.v1.auth.service - INFO - a5f8a315-4058-4650-9687-b10871bf667d
2025-01-16 14:05:00,183 - api.v1.auth.service - INFO - Checking role permission for user
2025-01-16 14:05:00,240 - api.v1.auth.service - INFO - Normalized required roles: ['SUPERADMIN', 'ADMIN']
2025-01-16 14:05:00,275 - api.v1.auth.service - INFO - User found: <User(name='Ojogu Nkang', role='<Role(name='RoleEnum.ADMIN')>')>
2025-01-16 14:05:00,322 - api.v1.auth.service - INFO - a5f8a315-4058-4650-9687-b10871bf667d
2025-01-16 14:05:00,385 - api.v1.auth.service - INFO - Parsed user role: ADMIN
2025-01-16 14:05:00,417 - api.v1.auth.service - INFO - User found: <User(name='Ojogu Nkang', role='<Role(name='RoleEnum.ADMIN')>')>
2025-01-16 14:05:00,500 - api.v1.auth.service - INFO - Permission granted for role: ADMIN
2025-01-16 14:05:00,553 - api.v1.auth.service - INFO - Parsed user role: ADMIN
2025-01-16 14:05:00,560 - api.v1.auth.service - INFO - User found: <User(name='Ojogu Nkang', role='<Role(name='RoleEnum.ADMIN')>')>
2025-01-16 14:05:00,687 - api.v1.auth.service - INFO - Permission granted for role: ADMIN
2025-01-16 14:05:00,817 - api.v1.auth.service - INFO - Parsed user role: ADMIN
2025-01-16 14:05:00,941 - api.v1.auth.service - INFO - a5f8a315-4058-4650-9687-b10871bf667d
2025-01-16 14:05:01,056 - api.v1.auth.service - INFO - Permission granted for role: ADMIN
2025-01-16 14:05:01,167 - api.v1.auth.service - INFO - User found: None
2025-01-16 14:05:01,226 - api.v1.auth.service - INFO - a5f8a315-4058-4650-9687-b10871bf667d
2025-01-16 14:05:01,352 - api.v1.auth.service - ERROR - User not found
2025-01-16 14:05:01,445 - api.v1.auth.service - INFO - a5f8a315-4058-4650-9687-b10871bf667d
2025-01-16 14:05:01,495 - api.v1.auth.service - INFO - a5f8a315-4058-4650-9687-b10871bf667d
2025-01-16 14:05:01,617 - api.v1.auth.service - INFO - User found: <User(name='Ojogu Nkang', role='<Role(name='RoleEnum.ADMIN')>')>
2025-01-16 14:05:01,946 - api.v1.auth.service - INFO - User found: <User(name='Ojogu Nkang', role='<Role(name='RoleEnum.ADMIN')>')>
2025-01-16 14:05:02,156 - api.v1.auth.service - INFO - User found: <User(name='Ojogu Nkang', role='<Role(name='RoleEnum.ADMIN')>')>
2025-01-16 14:05:02,912 - api.v1.auth.service - INFO - User found: <User(name='Ojogu Nkang', role='<Role(name='RoleEnum.ADMIN')>')>
2025-01-16 14:05:02,970 - api.v1.auth.service - INFO - Parsed user role: ADMIN
2025-01-16 14:05:03,028 - api.v1.auth.service - INFO - Permission granted for role: ADMIN
2025-01-16 14:05:03,142 - api.v1.auth.service - INFO - a5f8a315-4058-4650-9687-b10871bf667d
2025-01-16 14:05:04,421 - api.v1.auth.service - INFO - User found: <User(name='Ojogu Nkang', role='<Role(name='RoleEnum.ADMIN')>')>
2025-01-16 14:05:22,588 - api.v1.auth.service - INFO - Checking role permission for user
2025-01-16 14:05:22,604 - api.v1.auth.service - INFO - Checking role permission for user
2025-01-16 14:05:22,675 - api.v1.auth.service - INFO - Normalized required roles: ['SUPERADMIN', 'ADMIN']
2025-01-16 14:05:22,728 - api.v1.auth.service - INFO - Normalized required roles: ['SUPERADMIN', 'ADMIN', 'BURSAR', 'SUBADMIN', 'STUDENT']
2025-01-16 14:05:22,780 - api.v1.auth.service - INFO - a5f8a315-4058-4650-9687-b10871bf667d
2025-01-16 14:05:22,832 - api.v1.auth.service - INFO - a5f8a315-4058-4650-9687-b10871bf667d
2025-01-16 14:05:22,902 - api.v1.auth.service - INFO - Checking role permission for user
2025-01-16 14:05:22,986 - api.v1.auth.service - INFO - Normalized required roles: ['SUPERADMIN', 'ADMIN']
2025-01-16 14:05:23,056 - api.v1.auth.service - INFO - a5f8a315-4058-4650-9687-b10871bf667d
2025-01-16 14:05:23,158 - api.v1.auth.service - INFO - Checking role permission for user
2025-01-16 14:05:23,212 - api.v1.auth.service - INFO - Normalized required roles: ['SUPERADMIN', 'ADMIN']
2025-01-16 14:05:23,264 - api.v1.auth.service - INFO - a5f8a315-4058-4650-9687-b10871bf667d
2025-01-16 14:05:23,319 - api.v1.auth.service - INFO - User found: None
2025-01-16 14:05:23,335 - api.v1.auth.service - INFO - User found: None
2025-01-16 14:05:23,401 - api.v1.auth.service - ERROR - User not found
2025-01-16 14:05:23,456 - api.v1.auth.service - ERROR - User not found
2025-01-16 14:05:23,510 - api.v1.auth.service - INFO - a5f8a315-4058-4650-9687-b10871bf667d
2025-01-16 14:05:23,529 - api.v1.auth.service - INFO - User found: None
2025-01-16 14:05:23,582 - api.v1.auth.service - INFO - a5f8a315-4058-4650-9687-b10871bf667d
2025-01-16 14:05:23,698 - api.v1.auth.service - ERROR - User not found
2025-01-16 14:05:23,762 - api.v1.auth.service - INFO - User found: None
2025-01-16 14:05:23,804 - api.v1.auth.service - INFO - a5f8a315-4058-4650-9687-b10871bf667d
2025-01-16 14:05:23,860 - api.v1.auth.service - ERROR - User not found
2025-01-16 14:05:23,935 - api.v1.auth.service - INFO - a5f8a315-4058-4650-9687-b10871bf667d
2025-01-16 14:05:24,662 - api.v1.auth.service - INFO - User found: <User(name='Ojogu Nkang', role='<Role(name='RoleEnum.ADMIN')>')>
2025-01-16 14:05:24,663 - api.v1.auth.service - INFO - User found: <User(name='Ojogu Nkang', role='<Role(name='RoleEnum.ADMIN')>')>
2025-01-16 14:05:24,745 - api.v1.auth.service - INFO - Parsed user role: ADMIN
2025-01-16 14:05:24,793 - api.v1.auth.service - INFO - Parsed user role: ADMIN
2025-01-16 14:05:24,838 - api.v1.auth.service - INFO - Permission granted for role: ADMIN
2025-01-16 14:05:24,881 - api.v1.auth.service - INFO - Permission granted for role: ADMIN
2025-01-16 14:05:25,032 - api.v1.auth.service - INFO - a5f8a315-4058-4650-9687-b10871bf667d
2025-01-16 14:05:25,076 - api.v1.auth.service - INFO - a5f8a315-4058-4650-9687-b10871bf667d
2025-01-16 14:05:25,439 - api.v1.auth.service - INFO - User found: <User(name='Ojogu Nkang', role='<Role(name='RoleEnum.ADMIN')>')>
2025-01-16 14:05:25,499 - api.v1.auth.service - INFO - Parsed user role: ADMIN
2025-01-16 14:05:25,568 - api.v1.auth.service - INFO - Permission granted for role: ADMIN
2025-01-16 14:05:25,675 - api.v1.auth.service - INFO - a5f8a315-4058-4650-9687-b10871bf667d
2025-01-16 14:05:27,580 - api.v1.auth.service - INFO - User found: <User(name='Ojogu Nkang', role='<Role(name='RoleEnum.ADMIN')>')>
2025-01-16 14:05:27,580 - api.v1.auth.service - INFO - User found: <User(name='Ojogu Nkang', role='<Role(name='RoleEnum.ADMIN')>')>
2025-01-16 14:05:27,582 - api.v1.auth.service - INFO - User found: <User(name='Ojogu Nkang', role='<Role(name='RoleEnum.ADMIN')>')>
2025-01-16 14:05:27,660 - api.v1.auth.service - INFO - Parsed user role: ADMIN
2025-01-16 14:05:27,801 - api.v1.auth.service - INFO - Permission granted for role: ADMIN
2025-01-16 14:05:27,904 - api.v1.auth.service - INFO - a5f8a315-4058-4650-9687-b10871bf667d
2025-01-16 14:05:28,003 - api.v1.auth.service - INFO - User found: <User(name='Ojogu Nkang', role='<Role(name='RoleEnum.ADMIN')>')>
2025-01-16 14:05:28,284 - api.v1.auth.service - INFO - User found: <User(name='Ojogu Nkang', role='<Role(name='RoleEnum.ADMIN')>')>
2025-01-16 14:05:32,111 - api.v1.auth.service - INFO - Checking role permission for user
2025-01-16 14:05:32,749 - api.v1.auth.service - INFO - Normalized required roles: ['SUPERADMIN', 'ADMIN']
2025-01-16 14:05:32,948 - api.v1.auth.service - INFO - a5f8a315-4058-4650-9687-b10871bf667d
2025-01-16 14:05:33,469 - api.v1.auth.service - INFO - User found: None
2025-01-16 14:05:33,612 - api.v1.auth.service - ERROR - User not found
2025-01-16 14:05:33,755 - api.v1.auth.service - INFO - a5f8a315-4058-4650-9687-b10871bf667d
2025-01-16 14:05:34,359 - api.v1.auth.service - INFO - User found: <User(name='Ojogu Nkang', role='<Role(name='RoleEnum.ADMIN')>')>
2025-01-16 14:05:34,562 - api.v1.auth.service - INFO - Parsed user role: ADMIN
2025-01-16 14:05:34,730 - api.v1.auth.service - INFO - Permission granted for role: ADMIN
2025-01-16 14:05:34,995 - api.v1.auth.service - INFO - a5f8a315-4058-4650-9687-b10871bf667d
2025-01-16 14:05:35,392 - api.v1.auth.service - INFO - User found: <User(name='Ojogu Nkang', role='<Role(name='RoleEnum.ADMIN')>')>
2025-01-16 14:05:36,102 - api.v1.auth.service - INFO - Checking role permission for user
2025-01-16 14:05:36,326 - api.v1.auth.service - INFO - Normalized required roles: ['SUPERADMIN', 'ADMIN']
2025-01-16 14:05:36,559 - api.v1.auth.service - INFO - a5f8a315-4058-4650-9687-b10871bf667d
2025-01-16 14:05:36,710 - api.v1.auth.service - INFO - Checking role permission for user
2025-01-16 14:05:36,917 - api.v1.auth.service - INFO - Normalized required roles: ['SUPERADMIN', 'ADMIN', 'BURSAR', 'SUBADMIN', 'STUDENT']
2025-01-16 14:05:37,068 - api.v1.auth.service - INFO - a5f8a315-4058-4650-9687-b10871bf667d
2025-01-16 14:05:37,130 - api.v1.auth.service - INFO - User found: None
2025-01-16 14:05:37,324 - api.v1.auth.service - ERROR - User not found
2025-01-16 14:05:37,453 - api.v1.auth.service - INFO - a5f8a315-4058-4650-9687-b10871bf667d
2025-01-16 14:05:37,606 - api.v1.auth.service - INFO - User found: None
2025-01-16 14:05:37,800 - api.v1.auth.service - ERROR - User not found
2025-01-16 14:05:37,955 - api.v1.auth.service - INFO - a5f8a315-4058-4650-9687-b10871bf667d
2025-01-16 14:05:38,027 - api.v1.auth.service - INFO - User found: <User(name='Ojogu Nkang', role='<Role(name='RoleEnum.ADMIN')>')>
2025-01-16 14:05:38,271 - api.v1.auth.service - INFO - Parsed user role: ADMIN
2025-01-16 14:05:38,430 - api.v1.auth.service - INFO - Permission granted for role: ADMIN
2025-01-16 14:05:38,653 - api.v1.auth.service - INFO - User found: <User(name='Ojogu Nkang', role='<Role(name='RoleEnum.ADMIN')>')>
2025-01-16 14:05:38,788 - api.v1.auth.service - INFO - a5f8a315-4058-4650-9687-b10871bf667d
2025-01-16 14:05:38,885 - api.v1.auth.service - INFO - Checking role permission for user
2025-01-16 14:05:38,924 - api.v1.auth.service - INFO - Parsed user role: ADMIN
2025-01-16 14:05:39,110 - api.v1.auth.service - INFO - Checking role permission for user
2025-01-16 14:05:39,203 - api.v1.auth.service - INFO - Normalized required roles: ['SUPERADMIN', 'ADMIN']
2025-01-16 14:05:39,244 - api.v1.auth.service - INFO - User found: <User(name='Ojogu Nkang', role='<Role(name='RoleEnum.ADMIN')>')>
2025-01-16 14:05:39,319 - api.v1.auth.service - INFO - Permission granted for role: ADMIN
2025-01-16 14:05:39,459 - api.v1.auth.service - INFO - Normalized required roles: ['SUPERADMIN', 'ADMIN']
2025-01-16 14:05:39,635 - api.v1.auth.service - INFO - a5f8a315-4058-4650-9687-b10871bf667d
2025-01-16 14:05:39,792 - api.v1.auth.service - INFO - a5f8a315-4058-4650-9687-b10871bf667d
2025-01-16 14:05:39,888 - api.v1.auth.service - INFO - a5f8a315-4058-4650-9687-b10871bf667d
2025-01-16 14:05:40,476 - api.v1.auth.service - INFO - User found: <User(name='Ojogu Nkang', role='<Role(name='RoleEnum.ADMIN')>')>
2025-01-16 14:05:40,806 - api.v1.auth.service - INFO - User found: None
2025-01-16 14:05:40,869 - api.v1.auth.service - ERROR - User not found
2025-01-16 14:05:40,927 - api.v1.auth.service - INFO - a5f8a315-4058-4650-9687-b10871bf667d
2025-01-16 14:05:40,932 - api.v1.auth.service - INFO - User found: None
2025-01-16 14:05:41,047 - api.v1.auth.service - ERROR - User not found
2025-01-16 14:05:41,099 - api.v1.auth.service - INFO - a5f8a315-4058-4650-9687-b10871bf667d
2025-01-16 14:05:41,688 - api.v1.auth.service - INFO - User found: <User(name='Ojogu Nkang', role='<Role(name='RoleEnum.ADMIN')>')>
2025-01-16 14:05:41,716 - api.v1.auth.service - INFO - User found: <User(name='Ojogu Nkang', role='<Role(name='RoleEnum.ADMIN')>')>
2025-01-16 14:05:41,768 - api.v1.auth.service - INFO - Parsed user role: ADMIN
2025-01-16 14:05:41,825 - api.v1.auth.service - INFO - Parsed user role: ADMIN
2025-01-16 14:05:41,870 - api.v1.auth.service - INFO - Permission granted for role: ADMIN
2025-01-16 14:05:41,920 - api.v1.auth.service - INFO - Permission granted for role: ADMIN
2025-01-16 14:05:42,064 - api.v1.auth.service - INFO - a5f8a315-4058-4650-9687-b10871bf667d
2025-01-16 14:05:42,129 - api.v1.auth.service - INFO - a5f8a315-4058-4650-9687-b10871bf667d
2025-01-16 14:05:42,582 - api.v1.auth.service - INFO - User found: <User(name='Ojogu Nkang', role='<Role(name='RoleEnum.ADMIN')>')>
2025-01-16 14:05:42,646 - api.v1.auth.service - INFO - User found: <User(name='Ojogu Nkang', role='<Role(name='RoleEnum.ADMIN')>')>
2025-01-16 14:05:51,819 - api.v1.auth.service - INFO - Checking role permission for user
2025-01-16 14:05:51,871 - api.v1.auth.service - INFO - Normalized required roles: ['SUPERADMIN', 'ADMIN']
2025-01-16 14:05:51,928 - api.v1.auth.service - INFO - a5f8a315-4058-4650-9687-b10871bf667d
2025-01-16 14:05:52,492 - api.v1.auth.service - INFO - User found: None
2025-01-16 14:05:52,554 - api.v1.auth.service - ERROR - User not found
2025-01-16 14:05:52,609 - api.v1.auth.service - INFO - a5f8a315-4058-4650-9687-b10871bf667d
2025-01-16 14:05:54,474 - api.v1.auth.service - INFO - User found: <User(name='Ojogu Nkang', role='<Role(name='RoleEnum.ADMIN')>')>
2025-01-16 14:05:54,538 - api.v1.auth.service - INFO - Parsed user role: ADMIN
2025-01-16 14:05:54,590 - api.v1.auth.service - INFO - Permission granted for role: ADMIN
2025-01-16 14:05:54,683 - api.v1.auth.service - INFO - a5f8a315-4058-4650-9687-b10871bf667d
2025-01-16 14:05:55,395 - api.v1.auth.service - INFO - User found: <User(name='Ojogu Nkang', role='<Role(name='RoleEnum.ADMIN')>')>
2025-01-16 14:06:01,848 - api.v1.auth.service - INFO - Checking role permission for user
2025-01-16 14:06:01,903 - api.v1.auth.service - INFO - Normalized required roles: ['ADMIN', 'SUBADMIN']
2025-01-16 14:06:01,961 - api.v1.auth.service - INFO - a5f8a315-4058-4650-9687-b10871bf667d
2025-01-16 14:06:02,910 - api.v1.auth.service - INFO - User found: <User(name='Ojogu Nkang', role='<Role(name='RoleEnum.ADMIN')>')>
2025-01-16 14:06:02,965 - api.v1.auth.service - INFO - Parsed user role: ADMIN
2025-01-16 14:06:03,029 - api.v1.auth.service - INFO - Permission granted for role: ADMIN
2025-01-16 14:06:03,145 - api.v1.auth.service - INFO - a5f8a315-4058-4650-9687-b10871bf667d
2025-01-16 14:06:04,214 - api.v1.auth.service - INFO - User found: <User(name='Ojogu Nkang', role='<Role(name='RoleEnum.ADMIN')>')>
2025-01-16 14:07:25,535 - api.v1.auth.service - INFO - Checking role permission for user
2025-01-16 14:07:25,600 - api.v1.auth.service - INFO - Normalized required roles: ['SUPERADMIN', 'ADMIN']
2025-01-16 14:07:25,646 - api.v1.auth.service - INFO - a5f8a315-4058-4650-9687-b10871bf667d
2025-01-16 14:07:26,085 - api.v1.auth.service - INFO - Checking role permission for user
2025-01-16 14:07:26,087 - api.v1.auth.service - INFO - Checking role permission for user
2025-01-16 14:07:26,169 - api.v1.auth.service - INFO - Normalized required roles: ['SUPERADMIN', 'ADMIN']
2025-01-16 14:07:26,220 - api.v1.auth.service - INFO - Normalized required roles: ['SUPERADMIN', 'ADMIN']
2025-01-16 14:07:26,272 - api.v1.auth.service - INFO - a5f8a315-4058-4650-9687-b10871bf667d
2025-01-16 14:07:26,283 - api.v1.auth.service - INFO - User found: None
2025-01-16 14:07:26,319 - api.v1.auth.service - INFO - a5f8a315-4058-4650-9687-b10871bf667d
2025-01-16 14:07:26,419 - api.v1.auth.service - ERROR - User not found
2025-01-16 14:07:26,485 - api.v1.auth.service - INFO - a5f8a315-4058-4650-9687-b10871bf667d
2025-01-16 14:07:26,733 - api.v1.auth.service - INFO - User found: None
2025-01-16 14:07:26,783 - api.v1.auth.service - ERROR - User not found
2025-01-16 14:07:26,826 - api.v1.auth.service - INFO - User found: None
2025-01-16 14:07:26,842 - api.v1.auth.service - INFO - a5f8a315-4058-4650-9687-b10871bf667d
2025-01-16 14:07:26,904 - api.v1.auth.service - ERROR - User not found
2025-01-16 14:07:26,914 - api.v1.auth.service - INFO - User found: <User(name='Ojogu Nkang', role='<Role(name='RoleEnum.ADMIN')>')>
2025-01-16 14:07:26,996 - api.v1.auth.service - INFO - a5f8a315-4058-4650-9687-b10871bf667d
2025-01-16 14:07:27,046 - api.v1.auth.service - INFO - Parsed user role: ADMIN
2025-01-16 14:07:27,118 - api.v1.auth.service - INFO - Permission granted for role: ADMIN
2025-01-16 14:07:27,215 - api.v1.auth.service - INFO - a5f8a315-4058-4650-9687-b10871bf667d
2025-01-16 14:07:27,474 - api.v1.auth.service - INFO - User found: <User(name='Ojogu Nkang', role='<Role(name='RoleEnum.ADMIN')>')>
2025-01-16 14:07:29,491 - api.v1.auth.service - INFO - User found: <User(name='Ojogu Nkang', role='<Role(name='RoleEnum.ADMIN')>')>
2025-01-16 14:07:29,493 - api.v1.auth.service - INFO - User found: <User(name='Ojogu Nkang', role='<Role(name='RoleEnum.ADMIN')>')>
2025-01-16 14:07:29,497 - api.v1.auth.service - INFO - Checking role permission for user
2025-01-16 14:07:29,579 - api.v1.auth.service - INFO - Parsed user role: ADMIN
2025-01-16 14:07:29,637 - api.v1.auth.service - INFO - Parsed user role: ADMIN
2025-01-16 14:07:29,680 - api.v1.auth.service - INFO - Normalized required roles: ['SUPERADMIN', 'ADMIN', 'BURSAR', 'SUBADMIN', 'STUDENT']
2025-01-16 14:07:29,722 - api.v1.auth.service - INFO - Permission granted for role: ADMIN
2025-01-16 14:07:29,765 - api.v1.auth.service - INFO - Permission granted for role: ADMIN
2025-01-16 14:07:29,809 - api.v1.auth.service - INFO - a5f8a315-4058-4650-9687-b10871bf667d
2025-01-16 14:07:29,985 - api.v1.auth.service - INFO - a5f8a315-4058-4650-9687-b10871bf667d
2025-01-16 14:07:30,084 - api.v1.auth.service - INFO - a5f8a315-4058-4650-9687-b10871bf667d
2025-01-16 14:07:30,279 - api.v1.auth.service - INFO - User found: None
2025-01-16 14:07:30,310 - api.v1.auth.service - INFO - User found: <User(name='Ojogu Nkang', role='<Role(name='RoleEnum.ADMIN')>')>
2025-01-16 14:07:30,356 - api.v1.auth.service - ERROR - User not found
2025-01-16 14:07:30,379 - api.v1.auth.service - INFO - User found: <User(name='Ojogu Nkang', role='<Role(name='RoleEnum.ADMIN')>')>
2025-01-16 14:07:30,455 - api.v1.auth.service - INFO - a5f8a315-4058-4650-9687-b10871bf667d
2025-01-16 14:07:30,890 - api.v1.auth.service - INFO - User found: <User(name='Ojogu Nkang', role='<Role(name='RoleEnum.ADMIN')>')>
2025-01-16 14:07:30,989 - api.v1.auth.service - INFO - Parsed user role: ADMIN
2025-01-16 14:07:31,044 - api.v1.auth.service - INFO - Permission granted for role: ADMIN
2025-01-16 14:07:31,169 - api.v1.auth.service - INFO - a5f8a315-4058-4650-9687-b10871bf667d
2025-01-16 14:07:31,422 - api.v1.auth.service - INFO - User found: <User(name='Ojogu Nkang', role='<Role(name='RoleEnum.ADMIN')>')>
2025-01-16 14:07:42,805 - api.v1.auth.service - INFO - Checking role permission for user
2025-01-16 14:07:42,850 - api.v1.auth.service - INFO - Checking role permission for user
2025-01-16 14:07:42,872 - api.v1.auth.service - INFO - Normalized required roles: ['SUPERADMIN', 'ADMIN']
2025-01-16 14:07:42,939 - api.v1.auth.service - INFO - Normalized required roles: ['SUPERADMIN', 'ADMIN']
2025-01-16 14:07:42,985 - api.v1.auth.service - INFO - a5f8a315-4058-4650-9687-b10871bf667d
2025-01-16 14:07:43,039 - api.v1.auth.service - INFO - a5f8a315-4058-4650-9687-b10871bf667d
2025-01-16 14:07:43,076 - api.v1.auth.service - INFO - Checking role permission for user
2025-01-16 14:07:43,164 - api.v1.auth.service - INFO - Normalized required roles: ['SUPERADMIN', 'ADMIN']
2025-01-16 14:07:43,208 - api.v1.auth.service - INFO - a5f8a315-4058-4650-9687-b10871bf667d
2025-01-16 14:07:43,309 - api.v1.auth.service - INFO - Checking role permission for user
2025-01-16 14:07:43,365 - api.v1.auth.service - INFO - Normalized required roles: ['SUPERADMIN', 'ADMIN', 'BURSAR', 'SUBADMIN', 'STUDENT']
2025-01-16 14:07:43,420 - api.v1.auth.service - INFO - a5f8a315-4058-4650-9687-b10871bf667d
2025-01-16 14:07:43,425 - api.v1.auth.service - INFO - User found: None
2025-01-16 14:07:43,499 - api.v1.auth.service - INFO - User found: None
2025-01-16 14:07:43,567 - api.v1.auth.service - ERROR - User not found
2025-01-16 14:07:43,581 - api.v1.auth.service - INFO - User found: None
2025-01-16 14:07:43,618 - api.v1.auth.service - ERROR - User not found
2025-01-16 14:07:43,683 - api.v1.auth.service - INFO - a5f8a315-4058-4650-9687-b10871bf667d
2025-01-16 14:07:43,732 - api.v1.auth.service - ERROR - User not found
2025-01-16 14:07:43,773 - api.v1.auth.service - INFO - a5f8a315-4058-4650-9687-b10871bf667d
2025-01-16 14:07:43,866 - api.v1.auth.service - INFO - a5f8a315-4058-4650-9687-b10871bf667d
2025-01-16 14:07:43,902 - api.v1.auth.service - INFO - User found: None
2025-01-16 14:07:43,978 - api.v1.auth.service - ERROR - User not found
2025-01-16 14:07:44,032 - api.v1.auth.service - INFO - a5f8a315-4058-4650-9687-b10871bf667d
2025-01-16 14:07:44,249 - api.v1.auth.service - INFO - User found: <User(name='Ojogu Nkang', role='<Role(name='RoleEnum.ADMIN')>')>
2025-01-16 14:07:44,250 - api.v1.auth.service - INFO - User found: <User(name='Ojogu Nkang', role='<Role(name='RoleEnum.ADMIN')>')>
2025-01-16 14:07:44,329 - api.v1.auth.service - INFO - Parsed user role: ADMIN
2025-01-16 14:07:44,350 - api.v1.auth.service - INFO - User found: <User(name='Ojogu Nkang', role='<Role(name='RoleEnum.ADMIN')>')>
2025-01-16 14:07:44,383 - api.v1.auth.service - INFO - Parsed user role: ADMIN
2025-01-16 14:07:44,436 - api.v1.auth.service - INFO - Permission granted for role: ADMIN
2025-01-16 14:07:44,470 - api.v1.auth.service - INFO - User found: <User(name='Ojogu Nkang', role='<Role(name='RoleEnum.ADMIN')>')>
2025-01-16 14:07:44,483 - api.v1.auth.service - INFO - Parsed user role: ADMIN
2025-01-16 14:07:44,529 - api.v1.auth.service - INFO - Permission granted for role: ADMIN
2025-01-16 14:07:44,624 - api.v1.auth.service - INFO - Parsed user role: ADMIN
2025-01-16 14:07:44,681 - api.v1.auth.service - INFO - Permission granted for role: ADMIN
2025-01-16 14:07:44,781 - api.v1.auth.service - INFO - a5f8a315-4058-4650-9687-b10871bf667d
2025-01-16 14:07:44,833 - api.v1.auth.service - INFO - Permission granted for role: ADMIN
2025-01-16 14:07:44,944 - api.v1.auth.service - INFO - a5f8a315-4058-4650-9687-b10871bf667d
2025-01-16 14:07:45,087 - api.v1.auth.service - INFO - a5f8a315-4058-4650-9687-b10871bf667d
2025-01-16 14:07:45,165 - api.v1.auth.service - INFO - User found: <User(name='Ojogu Nkang', role='<Role(name='RoleEnum.ADMIN')>')>
2025-01-16 14:07:45,173 - api.v1.auth.service - INFO - a5f8a315-4058-4650-9687-b10871bf667d
2025-01-16 14:07:45,345 - api.v1.auth.service - INFO - User found: <User(name='Ojogu Nkang', role='<Role(name='RoleEnum.ADMIN')>')>
2025-01-16 14:07:45,391 - api.v1.auth.service - INFO - User found: <User(name='Ojogu Nkang', role='<Role(name='RoleEnum.ADMIN')>')>
2025-01-16 14:07:45,448 - api.v1.auth.service - INFO - User found: <User(name='Ojogu Nkang', role='<Role(name='RoleEnum.ADMIN')>')>
2025-01-16 14:07:46,823 - api.v1.auth.service - INFO - Checking role permission for user
2025-01-16 14:07:46,876 - api.v1.auth.service - INFO - Normalized required roles: ['SUPERADMIN', 'ADMIN']
2025-01-16 14:07:46,932 - api.v1.auth.service - INFO - a5f8a315-4058-4650-9687-b10871bf667d
2025-01-16 14:07:47,310 - api.v1.auth.service - INFO - User found: None
2025-01-16 14:07:47,365 - api.v1.auth.service - ERROR - User not found
2025-01-16 14:07:47,420 - api.v1.auth.service - INFO - a5f8a315-4058-4650-9687-b10871bf667d
2025-01-16 14:07:47,878 - api.v1.auth.service - INFO - User found: <User(name='Ojogu Nkang', role='<Role(name='RoleEnum.ADMIN')>')>
2025-01-16 14:07:47,935 - api.v1.auth.service - INFO - Parsed user role: ADMIN
2025-01-16 14:07:47,986 - api.v1.auth.service - INFO - Permission granted for role: ADMIN
2025-01-16 14:07:48,098 - api.v1.auth.service - INFO - a5f8a315-4058-4650-9687-b10871bf667d
2025-01-16 14:07:48,320 - api.v1.auth.service - INFO - User found: <User(name='Ojogu Nkang', role='<Role(name='RoleEnum.ADMIN')>')>
2025-01-16 14:08:00,123 - api.v1.auth.service - INFO - Checking role permission for user
2025-01-16 14:08:00,179 - api.v1.auth.service - INFO - Normalized required roles: ['SUPERADMIN', 'ADMIN']
2025-01-16 14:08:00,227 - api.v1.auth.service - INFO - a5f8a315-4058-4650-9687-b10871bf667d
2025-01-16 14:08:00,352 - api.v1.auth.service - INFO - Checking role permission for user
2025-01-16 14:08:00,405 - api.v1.auth.service - INFO - Normalized required roles: ['SUPERADMIN', 'ADMIN']
2025-01-16 14:08:00,465 - api.v1.auth.service - INFO - a5f8a315-4058-4650-9687-b10871bf667d
2025-01-16 14:08:00,583 - api.v1.auth.service - INFO - Checking role permission for user
2025-01-16 14:08:00,652 - api.v1.auth.service - INFO - Normalized required roles: ['SUPERADMIN', 'ADMIN']
2025-01-16 14:08:00,711 - api.v1.auth.service - INFO - a5f8a315-4058-4650-9687-b10871bf667d
2025-01-16 14:08:00,761 - api.v1.auth.service - INFO - User found: None
2025-01-16 14:08:00,881 - api.v1.auth.service - INFO - User found: None
2025-01-16 14:08:00,893 - api.v1.auth.service - ERROR - User not found
2025-01-16 14:08:00,960 - api.v1.auth.service - ERROR - User not found
2025-01-16 14:08:01,005 - api.v1.auth.service - INFO - a5f8a315-4058-4650-9687-b10871bf667d
2025-01-16 14:08:01,085 - api.v1.auth.service - INFO - a5f8a315-4058-4650-9687-b10871bf667d
2025-01-16 14:08:01,199 - api.v1.auth.service - INFO - User found: None
2025-01-16 14:08:01,261 - api.v1.auth.service - ERROR - User not found
2025-01-16 14:08:01,310 - api.v1.auth.service - INFO - a5f8a315-4058-4650-9687-b10871bf667d
2025-01-16 14:08:01,530 - api.v1.auth.service - INFO - User found: <User(name='Ojogu Nkang', role='<Role(name='RoleEnum.ADMIN')>')>
2025-01-16 14:08:01,560 - api.v1.auth.service - INFO - User found: <User(name='Ojogu Nkang', role='<Role(name='RoleEnum.ADMIN')>')>
2025-01-16 14:08:01,610 - api.v1.auth.service - INFO - Parsed user role: ADMIN
2025-01-16 14:08:01,665 - api.v1.auth.service - INFO - Parsed user role: ADMIN
2025-01-16 14:08:01,719 - api.v1.auth.service - INFO - Permission granted for role: ADMIN
2025-01-16 14:08:01,781 - api.v1.auth.service - INFO - Permission granted for role: ADMIN
2025-01-16 14:08:01,896 - api.v1.auth.service - INFO - User found: <User(name='Ojogu Nkang', role='<Role(name='RoleEnum.ADMIN')>')>
2025-01-16 14:08:01,898 - api.v1.auth.service - INFO - Checking role permission for user
2025-01-16 14:08:01,943 - api.v1.auth.service - INFO - a5f8a315-4058-4650-9687-b10871bf667d
2025-01-16 14:08:01,991 - api.v1.auth.service - INFO - a5f8a315-4058-4650-9687-b10871bf667d
2025-01-16 14:08:02,037 - api.v1.auth.service - INFO - Parsed user role: ADMIN
2025-01-16 14:08:02,087 - api.v1.auth.service - INFO - Normalized required roles: ['SUPERADMIN', 'ADMIN', 'BURSAR', 'SUBADMIN', 'STUDENT']
2025-01-16 14:08:02,217 - api.v1.auth.service - INFO - Permission granted for role: ADMIN
2025-01-16 14:08:02,257 - api.v1.auth.service - INFO - a5f8a315-4058-4650-9687-b10871bf667d
2025-01-16 14:08:02,344 - api.v1.auth.service - INFO - User found: <User(name='Ojogu Nkang', role='<Role(name='RoleEnum.ADMIN')>')>
2025-01-16 14:08:02,355 - api.v1.auth.service - INFO - User found: <User(name='Ojogu Nkang', role='<Role(name='RoleEnum.ADMIN')>')>
2025-01-16 14:08:02,409 - api.v1.auth.service - INFO - a5f8a315-4058-4650-9687-b10871bf667d
2025-01-16 14:08:02,711 - api.v1.auth.service - INFO - User found: <User(name='Ojogu Nkang', role='<Role(name='RoleEnum.ADMIN')>')>
2025-01-16 14:08:02,733 - api.v1.auth.service - INFO - User found: None
2025-01-16 14:08:02,870 - api.v1.auth.service - ERROR - User not found
2025-01-16 14:08:02,944 - api.v1.auth.service - INFO - a5f8a315-4058-4650-9687-b10871bf667d
2025-01-16 14:08:03,429 - api.v1.auth.service - INFO - User found: <User(name='Ojogu Nkang', role='<Role(name='RoleEnum.ADMIN')>')>
2025-01-16 14:08:03,535 - api.v1.auth.service - INFO - Parsed user role: ADMIN
2025-01-16 14:08:03,585 - api.v1.auth.service - INFO - Permission granted for role: ADMIN
2025-01-16 14:08:03,680 - api.v1.auth.service - INFO - a5f8a315-4058-4650-9687-b10871bf667d
2025-01-16 14:08:03,901 - api.v1.auth.service - INFO - User found: <User(name='Ojogu Nkang', role='<Role(name='RoleEnum.ADMIN')>')>
2025-01-16 14:08:06,098 - api.v1.auth.service - INFO - Checking role permission for user
2025-01-16 14:08:06,192 - api.v1.auth.service - INFO - Normalized required roles: ['SUPERADMIN', 'ADMIN', 'BURSAR', 'SUBADMIN', 'STUDENT']
2025-01-16 14:08:06,240 - api.v1.auth.service - INFO - a5f8a315-4058-4650-9687-b10871bf667d
2025-01-16 14:08:06,669 - api.v1.auth.service - INFO - User found: None
2025-01-16 14:08:06,736 - api.v1.auth.service - ERROR - User not found
2025-01-16 14:08:06,794 - api.v1.auth.service - INFO - a5f8a315-4058-4650-9687-b10871bf667d
2025-01-16 14:08:06,986 - api.v1.auth.service - INFO - Checking role permission for user
2025-01-16 14:08:07,010 - api.v1.auth.service - INFO - Checking role permission for user
2025-01-16 14:08:07,061 - api.v1.auth.service - INFO - Normalized required roles: ['SUPERADMIN', 'ADMIN']
2025-01-16 14:08:07,111 - api.v1.auth.service - INFO - Normalized required roles: ['SUPERADMIN', 'ADMIN']
2025-01-16 14:08:07,161 - api.v1.auth.service - INFO - a5f8a315-4058-4650-9687-b10871bf667d
2025-01-16 14:08:07,205 - api.v1.auth.service - INFO - Checking role permission for user
2025-01-16 14:08:07,208 - api.v1.auth.service - INFO - a5f8a315-4058-4650-9687-b10871bf667d
2025-01-16 14:08:07,209 - api.v1.auth.service - INFO - User found: <User(name='Ojogu Nkang', role='<Role(name='RoleEnum.ADMIN')>')>
2025-01-16 14:08:07,296 - api.v1.auth.service - INFO - Normalized required roles: ['SUPERADMIN', 'ADMIN']
2025-01-16 14:08:07,394 - api.v1.auth.service - INFO - Parsed user role: ADMIN
2025-01-16 14:08:07,437 - api.v1.auth.service - INFO - a5f8a315-4058-4650-9687-b10871bf667d
2025-01-16 14:08:07,480 - api.v1.auth.service - INFO - Permission granted for role: ADMIN
2025-01-16 14:08:07,603 - api.v1.auth.service - INFO - User found: None
2025-01-16 14:08:07,614 - api.v1.auth.service - INFO - a5f8a315-4058-4650-9687-b10871bf667d
2025-01-16 14:08:07,673 - api.v1.auth.service - INFO - User found: None
2025-01-16 14:08:07,681 - api.v1.auth.service - ERROR - User not found
2025-01-16 14:08:07,775 - api.v1.auth.service - ERROR - User not found
2025-01-16 14:08:07,822 - api.v1.auth.service - INFO - a5f8a315-4058-4650-9687-b10871bf667d
2025-01-16 14:08:07,851 - api.v1.auth.service - INFO - User found: None
2025-01-16 14:08:07,879 - api.v1.auth.service - INFO - a5f8a315-4058-4650-9687-b10871bf667d
2025-01-16 14:08:07,921 - api.v1.auth.service - INFO - User found: <User(name='Ojogu Nkang', role='<Role(name='RoleEnum.ADMIN')>')>
2025-01-16 14:08:07,987 - api.v1.auth.service - ERROR - User not found
2025-01-16 14:08:08,127 - api.v1.auth.service - INFO - a5f8a315-4058-4650-9687-b10871bf667d
2025-01-16 14:08:08,389 - api.v1.auth.service - INFO - User found: <User(name='Ojogu Nkang', role='<Role(name='RoleEnum.ADMIN')>')>
2025-01-16 14:08:08,445 - api.v1.auth.service - INFO - Parsed user role: ADMIN
2025-01-16 14:08:08,464 - api.v1.auth.service - INFO - User found: <User(name='Ojogu Nkang', role='<Role(name='RoleEnum.ADMIN')>')>
2025-01-16 14:08:08,528 - api.v1.auth.service - INFO - Permission granted for role: ADMIN
2025-01-16 14:08:08,553 - api.v1.auth.service - INFO - User found: <User(name='Ojogu Nkang', role='<Role(name='RoleEnum.ADMIN')>')>
2025-01-16 14:08:08,577 - api.v1.auth.service - INFO - Parsed user role: ADMIN
2025-01-16 14:08:08,699 - api.v1.auth.service - INFO - Parsed user role: ADMIN
2025-01-16 14:08:08,739 - api.v1.auth.service - INFO - Permission granted for role: ADMIN
2025-01-16 14:08:08,779 - api.v1.auth.service - INFO - a5f8a315-4058-4650-9687-b10871bf667d
2025-01-16 14:08:08,817 - api.v1.auth.service - INFO - Permission granted for role: ADMIN
2025-01-16 14:08:08,993 - api.v1.auth.service - INFO - a5f8a315-4058-4650-9687-b10871bf667d
2025-01-16 14:08:09,043 - api.v1.auth.service - INFO - a5f8a315-4058-4650-9687-b10871bf667d
2025-01-16 14:08:09,096 - api.v1.auth.service - INFO - User found: <User(name='Ojogu Nkang', role='<Role(name='RoleEnum.ADMIN')>')>
2025-01-16 14:08:09,272 - api.v1.auth.service - INFO - User found: <User(name='Ojogu Nkang', role='<Role(name='RoleEnum.ADMIN')>')>
2025-01-16 14:08:09,306 - api.v1.auth.service - INFO - User found: <User(name='Ojogu Nkang', role='<Role(name='RoleEnum.ADMIN')>')>
2025-01-16 14:08:18,265 - api.v1.auth.service - INFO - Checking role permission for user
2025-01-16 14:08:18,306 - api.v1.auth.service - INFO - Checking role permission for user
2025-01-16 14:08:18,326 - api.v1.auth.service - INFO - Normalized required roles: ['SUPERADMIN', 'ADMIN']
2025-01-16 14:08:18,395 - api.v1.auth.service - INFO - Normalized required roles: ['SUPERADMIN', 'ADMIN']
2025-01-16 14:08:18,441 - api.v1.auth.service - INFO - a5f8a315-4058-4650-9687-b10871bf667d
2025-01-16 14:08:18,492 - api.v1.auth.service - INFO - a5f8a315-4058-4650-9687-b10871bf667d
2025-01-16 14:08:18,524 - api.v1.auth.service - INFO - Checking role permission for user
2025-01-16 14:08:18,616 - api.v1.auth.service - INFO - Normalized required roles: ['SUPERADMIN', 'ADMIN']
2025-01-16 14:08:18,660 - api.v1.auth.service - INFO - a5f8a315-4058-4650-9687-b10871bf667d
2025-01-16 14:08:20,091 - api.v1.auth.service - INFO - Checking role permission for user
2025-01-16 14:08:20,148 - api.v1.auth.service - INFO - Normalized required roles: ['SUPERADMIN', 'ADMIN', 'BURSAR', 'SUBADMIN', 'STUDENT']
2025-01-16 14:08:20,192 - api.v1.auth.service - INFO - User found: None
2025-01-16 14:08:20,202 - api.v1.auth.service - INFO - a5f8a315-4058-4650-9687-b10871bf667d
2025-01-16 14:08:20,214 - api.v1.auth.service - INFO - User found: None
2025-01-16 14:08:20,220 - api.v1.auth.service - INFO - User found: None
2025-01-16 14:08:20,271 - api.v1.auth.service - ERROR - User not found
2025-01-16 14:08:20,369 - api.v1.auth.service - ERROR - User not found
2025-01-16 14:08:20,408 - api.v1.auth.service - ERROR - User not found
2025-01-16 14:08:20,448 - api.v1.auth.service - INFO - a5f8a315-4058-4650-9687-b10871bf667d
2025-01-16 14:08:20,494 - api.v1.auth.service - INFO - a5f8a315-4058-4650-9687-b10871bf667d
2025-01-16 14:08:20,548 - api.v1.auth.service - INFO - a5f8a315-4058-4650-9687-b10871bf667d
2025-01-16 14:08:20,642 - api.v1.auth.service - INFO - User found: None
2025-01-16 14:08:20,707 - api.v1.auth.service - ERROR - User not found
2025-01-16 14:08:20,754 - api.v1.auth.service - INFO - a5f8a315-4058-4650-9687-b10871bf667d
2025-01-16 14:08:21,064 - api.v1.auth.service - INFO - User found: <User(name='Ojogu Nkang', role='<Role(name='RoleEnum.ADMIN')>')>
2025-01-16 14:08:21,123 - api.v1.auth.service - INFO - Parsed user role: ADMIN
2025-01-16 14:08:21,175 - api.v1.auth.service - INFO - Permission granted for role: ADMIN
2025-01-16 14:08:21,241 - api.v1.auth.service - INFO - User found: <User(name='Ojogu Nkang', role='<Role(name='RoleEnum.ADMIN')>')>
2025-01-16 14:08:21,243 - api.v1.auth.service - INFO - User found: <User(name='Ojogu Nkang', role='<Role(name='RoleEnum.ADMIN')>')>
2025-01-16 14:08:21,262 - api.v1.auth.service - INFO - User found: <User(name='Ojogu Nkang', role='<Role(name='RoleEnum.ADMIN')>')>
2025-01-16 14:08:21,323 - api.v1.auth.service - INFO - a5f8a315-4058-4650-9687-b10871bf667d
2025-01-16 14:08:21,381 - api.v1.auth.service - INFO - Parsed user role: ADMIN
2025-01-16 14:08:21,436 - api.v1.auth.service - INFO - Parsed user role: ADMIN
2025-01-16 14:08:21,482 - api.v1.auth.service - INFO - Parsed user role: ADMIN
2025-01-16 14:08:21,585 - api.v1.auth.service - INFO - Permission granted for role: ADMIN
2025-01-16 14:08:21,624 - api.v1.auth.service - INFO - Permission granted for role: ADMIN
2025-01-16 14:08:21,666 - api.v1.auth.service - INFO - Permission granted for role: ADMIN
2025-01-16 14:08:21,753 - api.v1.auth.service - INFO - User found: <User(name='Ojogu Nkang', role='<Role(name='RoleEnum.ADMIN')>')>
2025-01-16 14:08:21,849 - api.v1.auth.service - INFO - a5f8a315-4058-4650-9687-b10871bf667d
2025-01-16 14:08:21,896 - api.v1.auth.service - INFO - a5f8a315-4058-4650-9687-b10871bf667d
2025-01-16 14:08:21,991 - api.v1.auth.service - INFO - a5f8a315-4058-4650-9687-b10871bf667d
2025-01-16 14:08:22,312 - api.v1.auth.service - INFO - User found: <User(name='Ojogu Nkang', role='<Role(name='RoleEnum.ADMIN')>')>
2025-01-16 14:08:22,402 - api.v1.auth.service - INFO - User found: <User(name='Ojogu Nkang', role='<Role(name='RoleEnum.ADMIN')>')>
2025-01-16 14:08:22,402 - api.v1.auth.service - INFO - User found: <User(name='Ojogu Nkang', role='<Role(name='RoleEnum.ADMIN')>')>
2025-01-16 14:08:26,798 - api.v1.auth.service - INFO - Checking role permission for user
2025-01-16 14:08:26,852 - api.v1.auth.service - INFO - Normalized required roles: ['SUPERADMIN', 'ADMIN']
2025-01-16 14:08:26,905 - api.v1.auth.service - INFO - a5f8a315-4058-4650-9687-b10871bf667d
2025-01-16 14:08:27,447 - api.v1.auth.service - INFO - User found: None
2025-01-16 14:08:27,508 - api.v1.auth.service - ERROR - User not found
2025-01-16 14:08:27,569 - api.v1.auth.service - INFO - a5f8a315-4058-4650-9687-b10871bf667d
2025-01-16 14:08:28,005 - api.v1.auth.service - INFO - User found: <User(name='Ojogu Nkang', role='<Role(name='RoleEnum.ADMIN')>')>
2025-01-16 14:08:28,066 - api.v1.auth.service - INFO - Parsed user role: ADMIN
2025-01-16 14:08:28,122 - api.v1.auth.service - INFO - Permission granted for role: ADMIN
2025-01-16 14:08:28,233 - api.v1.auth.service - INFO - a5f8a315-4058-4650-9687-b10871bf667d
2025-01-16 14:08:28,507 - api.v1.auth.service - INFO - User found: <User(name='Ojogu Nkang', role='<Role(name='RoleEnum.ADMIN')>')>
2025-01-16 14:08:32,054 - api.v1.auth.service - INFO - Checking role permission for user
2025-01-16 14:08:32,112 - api.v1.auth.service - INFO - Normalized required roles: ['ADMIN']
2025-01-16 14:08:32,170 - api.v1.auth.service - INFO - a5f8a315-4058-4650-9687-b10871bf667d
2025-01-16 14:08:32,328 - api.v1.auth.service - INFO - Checking role permission for user
2025-01-16 14:08:32,389 - api.v1.auth.service - INFO - Normalized required roles: ['ADMIN', 'SUBADMIN']
2025-01-16 14:08:32,436 - api.v1.auth.service - INFO - a5f8a315-4058-4650-9687-b10871bf667d
2025-01-16 14:08:32,792 - api.v1.auth.service - INFO - User found: <User(name='Ojogu Nkang', role='<Role(name='RoleEnum.ADMIN')>')>
2025-01-16 14:08:32,853 - api.v1.auth.service - INFO - Parsed user role: ADMIN
2025-01-16 14:08:32,909 - api.v1.auth.service - INFO - Permission granted for role: ADMIN
2025-01-16 14:08:33,040 - api.v1.auth.service - INFO - User found: <User(name='Ojogu Nkang', role='<Role(name='RoleEnum.ADMIN')>')>
2025-01-16 14:08:33,106 - api.v1.auth.service - INFO - a5f8a315-4058-4650-9687-b10871bf667d
2025-01-16 14:08:33,162 - api.v1.auth.service - INFO - Parsed user role: ADMIN
2025-01-16 14:08:33,249 - api.v1.auth.service - INFO - Permission granted for role: ADMIN
2025-01-16 14:08:33,354 - api.v1.auth.service - INFO - a5f8a315-4058-4650-9687-b10871bf667d
2025-01-16 14:08:33,391 - api.v1.auth.service - INFO - User found: <User(name='Ojogu Nkang', role='<Role(name='RoleEnum.ADMIN')>')>
2025-01-16 14:08:33,612 - api.v1.auth.service - INFO - User found: <User(name='Ojogu Nkang', role='<Role(name='RoleEnum.ADMIN')>')>
2025-01-16 14:08:45,514 - api.v1.auth.service - INFO - Checking role permission for user
2025-01-16 14:08:45,570 - api.v1.auth.service - INFO - Normalized required roles: ['SUPERADMIN', 'ADMIN']
2025-01-16 14:08:45,626 - api.v1.auth.service - INFO - a5f8a315-4058-4650-9687-b10871bf667d
2025-01-16 14:08:45,674 - api.v1.auth.service - INFO - Checking role permission for user
2025-01-16 14:08:45,793 - api.v1.auth.service - INFO - Checking role permission for user
2025-01-16 14:08:45,801 - api.v1.auth.service - INFO - Normalized required roles: ['SUPERADMIN', 'ADMIN']
2025-01-16 14:08:45,874 - api.v1.auth.service - INFO - Normalized required roles: ['SUPERADMIN', 'ADMIN', 'BURSAR', 'SUBADMIN', 'STUDENT']
2025-01-16 14:08:45,916 - api.v1.auth.service - INFO - a5f8a315-4058-4650-9687-b10871bf667d
2025-01-16 14:08:45,959 - api.v1.auth.service - INFO - a5f8a315-4058-4650-9687-b10871bf667d
2025-01-16 14:08:46,775 - api.v1.auth.service - INFO - User found: None
2025-01-16 14:08:46,834 - api.v1.auth.service - ERROR - User not found
2025-01-16 14:08:46,891 - api.v1.auth.service - INFO - a5f8a315-4058-4650-9687-b10871bf667d
2025-01-16 14:08:47,291 - api.v1.auth.service - INFO - User found: None
2025-01-16 14:08:47,319 - api.v1.auth.service - INFO - User found: None
2025-01-16 14:08:47,373 - api.v1.auth.service - ERROR - User not found
2025-01-16 14:08:47,436 - api.v1.auth.service - ERROR - User not found
2025-01-16 14:08:47,478 - api.v1.auth.service - INFO - a5f8a315-4058-4650-9687-b10871bf667d
2025-01-16 14:08:47,541 - api.v1.auth.service - INFO - a5f8a315-4058-4650-9687-b10871bf667d
2025-01-16 14:08:47,915 - api.v1.auth.service - INFO - Checking role permission for user
2025-01-16 14:08:47,967 - api.v1.auth.service - INFO - Normalized required roles: ['SUPERADMIN', 'ADMIN']
2025-01-16 14:08:48,009 - api.v1.auth.service - INFO - User found: <User(name='Ojogu Nkang', role='<Role(name='RoleEnum.ADMIN')>')>
2025-01-16 14:08:48,040 - api.v1.auth.service - INFO - a5f8a315-4058-4650-9687-b10871bf667d
2025-01-16 14:08:48,108 - api.v1.auth.service - INFO - Parsed user role: ADMIN
2025-01-16 14:08:48,185 - api.v1.auth.service - INFO - Permission granted for role: ADMIN
2025-01-16 14:08:48,302 - api.v1.auth.service - INFO - a5f8a315-4058-4650-9687-b10871bf667d
2025-01-16 14:08:49,423 - api.v1.auth.service - INFO - User found: <User(name='Ojogu Nkang', role='<Role(name='RoleEnum.ADMIN')>')>
2025-01-16 14:08:49,437 - api.v1.auth.service - INFO - User found: <User(name='Ojogu Nkang', role='<Role(name='RoleEnum.ADMIN')>')>
2025-01-16 14:08:49,467 - api.v1.auth.service - INFO - User found: <User(name='Ojogu Nkang', role='<Role(name='RoleEnum.ADMIN')>')>
2025-01-16 14:08:49,588 - api.v1.auth.service - INFO - Parsed user role: ADMIN
2025-01-16 14:08:49,639 - api.v1.auth.service - INFO - Parsed user role: ADMIN
2025-01-16 14:08:49,678 - api.v1.auth.service - INFO - Permission granted for role: ADMIN
2025-01-16 14:08:49,728 - api.v1.auth.service - INFO - Permission granted for role: ADMIN
2025-01-16 14:08:49,855 - api.v1.auth.service - INFO - User found: None
2025-01-16 14:08:49,867 - api.v1.auth.service - INFO - a5f8a315-4058-4650-9687-b10871bf667d
2025-01-16 14:08:49,920 - api.v1.auth.service - INFO - a5f8a315-4058-4650-9687-b10871bf667d
2025-01-16 14:08:49,962 - api.v1.auth.service - ERROR - User not found
2025-01-16 14:08:50,098 - api.v1.auth.service - INFO - a5f8a315-4058-4650-9687-b10871bf667d
2025-01-16 14:08:51,114 - api.v1.auth.service - INFO - User found: <User(name='Ojogu Nkang', role='<Role(name='RoleEnum.ADMIN')>')>
2025-01-16 14:08:51,175 - api.v1.auth.service - INFO - User found: <User(name='Ojogu Nkang', role='<Role(name='RoleEnum.ADMIN')>')>
2025-01-16 14:08:52,775 - api.v1.auth.service - INFO - User found: <User(name='Ojogu Nkang', role='<Role(name='RoleEnum.ADMIN')>')>
2025-01-16 14:08:52,830 - api.v1.auth.service - INFO - Parsed user role: ADMIN
2025-01-16 14:08:52,889 - api.v1.auth.service - INFO - Permission granted for role: ADMIN
2025-01-16 14:08:52,991 - api.v1.auth.service - INFO - a5f8a315-4058-4650-9687-b10871bf667d
2025-01-16 14:08:53,845 - api.v1.auth.service - INFO - User found: <User(name='Ojogu Nkang', role='<Role(name='RoleEnum.ADMIN')>')>
2025-01-16 14:09:14,987 - api.v1.auth.service - INFO - Checking role permission for user
2025-01-16 14:09:15,044 - api.v1.auth.service - INFO - Normalized required roles: ['SUPERADMIN', 'ADMIN']
2025-01-16 14:09:15,100 - api.v1.auth.service - INFO - a5f8a315-4058-4650-9687-b10871bf667d
2025-01-16 14:09:23,743 - api.v1.auth.service - INFO - User found: None
2025-01-16 14:09:23,799 - api.v1.auth.service - ERROR - User not found
2025-01-16 14:09:23,853 - api.v1.auth.service - INFO - a5f8a315-4058-4650-9687-b10871bf667d
2025-01-16 14:09:26,921 - api.v1.auth.service - INFO - User found: <User(name='Ojogu Nkang', role='<Role(name='RoleEnum.ADMIN')>')>
2025-01-16 14:09:26,976 - api.v1.auth.service - INFO - Parsed user role: ADMIN
2025-01-16 14:09:27,034 - api.v1.auth.service - INFO - Permission granted for role: ADMIN
2025-01-16 14:09:27,135 - api.v1.auth.service - INFO - a5f8a315-4058-4650-9687-b10871bf667d
2025-01-16 14:09:30,269 - api.v1.auth.service - INFO - User found: <User(name='Ojogu Nkang', role='<Role(name='RoleEnum.ADMIN')>')>
2025-01-16 14:09:32,213 - api.v1.auth.service - INFO - Checking role permission for user
2025-01-16 14:09:32,269 - api.v1.auth.service - INFO - Normalized required roles: ['ADMIN']
2025-01-16 14:09:32,324 - api.v1.auth.service - INFO - a5f8a315-4058-4650-9687-b10871bf667d
2025-01-16 14:09:34,167 - api.v1.auth.service - INFO - User found: <User(name='Ojogu Nkang', role='<Role(name='RoleEnum.ADMIN')>')>
2025-01-16 14:09:34,222 - api.v1.auth.service - INFO - Parsed user role: ADMIN
2025-01-16 14:09:34,273 - api.v1.auth.service - INFO - Permission granted for role: ADMIN
2025-01-16 14:09:34,428 - api.v1.auth.service - INFO - a5f8a315-4058-4650-9687-b10871bf667d
2025-01-16 14:09:35,369 - api.v1.auth.service - INFO - User found: <User(name='Ojogu Nkang', role='<Role(name='RoleEnum.ADMIN')>')>
2025-01-16 14:09:39,168 - api.v1.auth.service - INFO - Checking role permission for user
2025-01-16 14:09:39,169 - api.v1.auth.service - INFO - Checking role permission for user
2025-01-16 14:09:39,171 - api.v1.auth.service - INFO - Checking role permission for user
2025-01-16 14:09:39,246 - api.v1.auth.service - INFO - Normalized required roles: ['SUPERADMIN', 'ADMIN']
2025-01-16 14:09:39,302 - api.v1.auth.service - INFO - Normalized required roles: ['SUPERADMIN', 'ADMIN']
2025-01-16 14:09:39,350 - api.v1.auth.service - INFO - Normalized required roles: ['SUPERADMIN', 'ADMIN']
2025-01-16 14:09:39,397 - api.v1.auth.service - INFO - a5f8a315-4058-4650-9687-b10871bf667d
2025-01-16 14:09:39,441 - api.v1.auth.service - INFO - a5f8a315-4058-4650-9687-b10871bf667d
2025-01-16 14:09:39,480 - api.v1.auth.service - INFO - a5f8a315-4058-4650-9687-b10871bf667d
2025-01-16 14:09:40,853 - api.v1.auth.service - INFO - User found: None
2025-01-16 14:09:40,885 - api.v1.auth.service - INFO - User found: None
2025-01-16 14:09:40,893 - api.v1.auth.service - INFO - User found: None
2025-01-16 14:09:40,927 - api.v1.auth.service - ERROR - User not found
2025-01-16 14:09:40,982 - api.v1.auth.service - ERROR - User not found
2025-01-16 14:09:41,037 - api.v1.auth.service - ERROR - User not found
2025-01-16 14:09:41,087 - api.v1.auth.service - INFO - a5f8a315-4058-4650-9687-b10871bf667d
2025-01-16 14:09:41,127 - api.v1.auth.service - INFO - a5f8a315-4058-4650-9687-b10871bf667d
2025-01-16 14:09:41,178 - api.v1.auth.service - INFO - a5f8a315-4058-4650-9687-b10871bf667d
2025-01-16 14:09:42,220 - api.v1.auth.service - INFO - Checking role permission for user
2025-01-16 14:09:42,274 - api.v1.auth.service - INFO - Normalized required roles: ['SUPERADMIN', 'ADMIN', 'BURSAR', 'SUBADMIN', 'STUDENT']
2025-01-16 14:09:42,295 - api.v1.auth.service - INFO - User found: <User(name='Ojogu Nkang', role='<Role(name='RoleEnum.ADMIN')>')>
2025-01-16 14:09:42,309 - api.v1.auth.service - INFO - User found: <User(name='Ojogu Nkang', role='<Role(name='RoleEnum.ADMIN')>')>
2025-01-16 14:09:42,327 - api.v1.auth.service - INFO - User found: <User(name='Ojogu Nkang', role='<Role(name='RoleEnum.ADMIN')>')>
2025-01-16 14:09:42,350 - api.v1.auth.service - INFO - a5f8a315-4058-4650-9687-b10871bf667d
2025-01-16 14:09:42,409 - api.v1.auth.service - INFO - Parsed user role: ADMIN
2025-01-16 14:09:42,462 - api.v1.auth.service - INFO - Parsed user role: ADMIN
2025-01-16 14:09:42,532 - api.v1.auth.service - INFO - Parsed user role: ADMIN
2025-01-16 14:09:42,646 - api.v1.auth.service - INFO - Permission granted for role: ADMIN
2025-01-16 14:09:42,696 - api.v1.auth.service - INFO - Permission granted for role: ADMIN
2025-01-16 14:09:42,780 - api.v1.auth.service - INFO - Permission granted for role: ADMIN
2025-01-16 14:09:42,964 - api.v1.auth.service - INFO - a5f8a315-4058-4650-9687-b10871bf667d
2025-01-16 14:09:43,009 - api.v1.auth.service - INFO - a5f8a315-4058-4650-9687-b10871bf667d
2025-01-16 14:09:43,068 - api.v1.auth.service - INFO - a5f8a315-4058-4650-9687-b10871bf667d
2025-01-16 14:09:43,091 - api.v1.auth.service - INFO - User found: None
2025-01-16 14:09:43,243 - api.v1.auth.service - ERROR - User not found
2025-01-16 14:09:43,288 - api.v1.auth.service - INFO - a5f8a315-4058-4650-9687-b10871bf667d
2025-01-16 14:09:43,351 - api.v1.auth.service - INFO - User found: <User(name='Ojogu Nkang', role='<Role(name='RoleEnum.ADMIN')>')>
2025-01-16 14:09:43,392 - api.v1.auth.service - INFO - User found: <User(name='Ojogu Nkang', role='<Role(name='RoleEnum.ADMIN')>')>
2025-01-16 14:09:43,412 - api.v1.auth.service - INFO - User found: <User(name='Ojogu Nkang', role='<Role(name='RoleEnum.ADMIN')>')>
2025-01-16 14:09:43,555 - api.v1.auth.service - INFO - Checking role permission for user
2025-01-16 14:09:43,606 - api.v1.auth.service - INFO - Normalized required roles: ['ADMIN']
2025-01-16 14:09:43,682 - api.v1.auth.service - INFO - a5f8a315-4058-4650-9687-b10871bf667d
2025-01-16 14:09:43,755 - api.v1.auth.service - INFO - User found: <User(name='Ojogu Nkang', role='<Role(name='RoleEnum.ADMIN')>')>
2025-01-16 14:09:43,820 - api.v1.auth.service - INFO - Parsed user role: ADMIN
2025-01-16 14:09:43,898 - api.v1.auth.service - INFO - Permission granted for role: ADMIN
2025-01-16 14:09:44,142 - api.v1.auth.service - INFO - a5f8a315-4058-4650-9687-b10871bf667d
2025-01-16 14:09:45,045 - api.v1.auth.service - INFO - User found: <User(name='Ojogu Nkang', role='<Role(name='RoleEnum.ADMIN')>')>
2025-01-16 14:09:49,167 - api.v1.auth.service - INFO - User found: <User(name='Ojogu Nkang', role='<Role(name='RoleEnum.ADMIN')>')>
2025-01-16 14:09:49,223 - api.v1.auth.service - INFO - Parsed user role: ADMIN
2025-01-16 14:09:49,275 - api.v1.auth.service - INFO - Permission granted for role: ADMIN
2025-01-16 14:09:49,395 - api.v1.auth.service - INFO - Checking role permission for user
2025-01-16 14:09:49,460 - api.v1.auth.service - INFO - a5f8a315-4058-4650-9687-b10871bf667d
2025-01-16 14:09:49,507 - api.v1.auth.service - INFO - Normalized required roles: ['SUPERADMIN', 'ADMIN']
2025-01-16 14:09:49,594 - api.v1.auth.service - INFO - a5f8a315-4058-4650-9687-b10871bf667d
2025-01-16 14:09:51,468 - api.v1.auth.service - INFO - User found: <User(name='Ojogu Nkang', role='<Role(name='RoleEnum.ADMIN')>')>
2025-01-16 14:09:52,122 - api.v1.auth.service - INFO - User found: None
2025-01-16 14:09:52,181 - api.v1.auth.service - ERROR - User not found
2025-01-16 14:09:52,292 - api.v1.auth.service - INFO - a5f8a315-4058-4650-9687-b10871bf667d
2025-01-16 14:09:53,223 - api.v1.auth.service - INFO - User found: <User(name='Ojogu Nkang', role='<Role(name='RoleEnum.ADMIN')>')>
2025-01-16 14:09:53,297 - api.v1.auth.service - INFO - Parsed user role: ADMIN
2025-01-16 14:09:53,410 - api.v1.auth.service - INFO - Permission granted for role: ADMIN
2025-01-16 14:09:53,622 - api.v1.auth.service - INFO - a5f8a315-4058-4650-9687-b10871bf667d
2025-01-16 14:09:54,119 - api.v1.auth.service - INFO - User found: <User(name='Ojogu Nkang', role='<Role(name='RoleEnum.ADMIN')>')>
2025-01-16 14:12:14,513 - api.v1.auth.service - INFO - Checking role permission for user
2025-01-16 14:12:14,516 - api.v1.auth.service - INFO - Checking role permission for user
2025-01-16 14:12:14,518 - api.v1.auth.service - INFO - Checking role permission for user
2025-01-16 14:12:14,603 - api.v1.auth.service - INFO - Normalized required roles: ['SUPERADMIN', 'ADMIN']
2025-01-16 14:12:14,655 - api.v1.auth.service - INFO - Normalized required roles: ['SUPERADMIN', 'ADMIN']
2025-01-16 14:12:14,697 - api.v1.auth.service - INFO - Normalized required roles: ['SUPERADMIN', 'ADMIN']
2025-01-16 14:12:14,743 - api.v1.auth.service - INFO - a5f8a315-4058-4650-9687-b10871bf667d
2025-01-16 14:12:14,784 - api.v1.auth.service - INFO - a5f8a315-4058-4650-9687-b10871bf667d
2025-01-16 14:12:14,825 - api.v1.auth.service - INFO - a5f8a315-4058-4650-9687-b10871bf667d
2025-01-16 14:12:15,468 - api.v1.auth.service - INFO - User found: None
2025-01-16 14:12:15,468 - api.v1.auth.service - INFO - User found: None
2025-01-16 14:12:15,547 - api.v1.auth.service - ERROR - User not found
2025-01-16 14:12:15,600 - api.v1.auth.service - ERROR - User not found
2025-01-16 14:12:15,650 - api.v1.auth.service - INFO - a5f8a315-4058-4650-9687-b10871bf667d
2025-01-16 14:12:15,696 - api.v1.auth.service - INFO - a5f8a315-4058-4650-9687-b10871bf667d
2025-01-16 14:12:15,704 - api.v1.auth.service - INFO - User found: None
2025-01-16 14:12:15,812 - api.v1.auth.service - ERROR - User not found
2025-01-16 14:12:15,859 - api.v1.auth.service - INFO - a5f8a315-4058-4650-9687-b10871bf667d
2025-01-16 14:12:17,159 - api.v1.auth.service - INFO - User found: <User(name='Ojogu Nkang', role='<Role(name='RoleEnum.ADMIN')>')>
2025-01-16 14:12:17,215 - api.v1.auth.service - INFO - Parsed user role: ADMIN
2025-01-16 14:12:17,269 - api.v1.auth.service - INFO - Permission granted for role: ADMIN
2025-01-16 14:12:17,334 - api.v1.auth.service - INFO - User found: <User(name='Ojogu Nkang', role='<Role(name='RoleEnum.ADMIN')>')>
2025-01-16 14:12:17,394 - api.v1.auth.service - INFO - User found: <User(name='Ojogu Nkang', role='<Role(name='RoleEnum.ADMIN')>')>
2025-01-16 14:12:17,408 - api.v1.auth.service - INFO - a5f8a315-4058-4650-9687-b10871bf667d
2025-01-16 14:12:17,467 - api.v1.auth.service - INFO - Parsed user role: ADMIN
2025-01-16 14:12:17,518 - api.v1.auth.service - INFO - Parsed user role: ADMIN
2025-01-16 14:12:17,636 - api.v1.auth.service - INFO - Permission granted for role: ADMIN
2025-01-16 14:12:17,698 - api.v1.auth.service - INFO - Permission granted for role: ADMIN
2025-01-16 14:12:17,848 - api.v1.auth.service - INFO - a5f8a315-4058-4650-9687-b10871bf667d
2025-01-16 14:12:17,897 - api.v1.auth.service - INFO - a5f8a315-4058-4650-9687-b10871bf667d
2025-01-16 14:12:18,584 - api.v1.auth.service - INFO - User found: <User(name='Ojogu Nkang', role='<Role(name='RoleEnum.ADMIN')>')>
2025-01-16 14:12:19,259 - api.v1.auth.service - INFO - User found: <User(name='Ojogu Nkang', role='<Role(name='RoleEnum.ADMIN')>')>
2025-01-16 14:12:19,267 - api.v1.auth.service - INFO - User found: <User(name='Ojogu Nkang', role='<Role(name='RoleEnum.ADMIN')>')>
2025-01-16 14:12:24,206 - api.v1.auth.service - INFO - Checking role permission for user
2025-01-16 14:12:24,261 - api.v1.auth.service - INFO - Normalized required roles: ['SUPERADMIN', 'ADMIN']
2025-01-16 14:12:24,317 - api.v1.auth.service - INFO - a5f8a315-4058-4650-9687-b10871bf667d
2025-01-16 14:12:25,929 - api.v1.auth.service - INFO - Checking role permission for user
2025-01-16 14:12:25,987 - api.v1.auth.service - INFO - Normalized required roles: ['SUPERADMIN', 'ADMIN']
2025-01-16 14:12:26,049 - api.v1.auth.service - INFO - a5f8a315-4058-4650-9687-b10871bf667d
2025-01-16 14:12:26,158 - api.v1.auth.service - INFO - User found: None
2025-01-16 14:12:26,213 - api.v1.auth.service - ERROR - User not found
2025-01-16 14:12:26,271 - api.v1.auth.service - INFO - a5f8a315-4058-4650-9687-b10871bf667d
2025-01-16 14:12:26,840 - api.v1.auth.service - INFO - User found: None
2025-01-16 14:12:26,893 - api.v1.auth.service - ERROR - User not found
2025-01-16 14:12:26,949 - api.v1.auth.service - INFO - a5f8a315-4058-4650-9687-b10871bf667d
2025-01-16 14:12:27,858 - api.v1.auth.service - INFO - User found: <User(name='Ojogu Nkang', role='<Role(name='RoleEnum.ADMIN')>')>
2025-01-16 14:12:27,916 - api.v1.auth.service - INFO - Parsed user role: ADMIN
2025-01-16 14:12:27,969 - api.v1.auth.service - INFO - Permission granted for role: ADMIN
2025-01-16 14:12:28,077 - api.v1.auth.service - INFO - a5f8a315-4058-4650-9687-b10871bf667d
2025-01-16 14:12:29,422 - api.v1.auth.service - INFO - User found: <User(name='Ojogu Nkang', role='<Role(name='RoleEnum.ADMIN')>')>
2025-01-16 14:12:29,494 - api.v1.auth.service - INFO - Checking role permission for user
2025-01-16 14:12:29,551 - api.v1.auth.service - INFO - Normalized required roles: ['SUPERADMIN', 'ADMIN']
2025-01-16 14:12:29,608 - api.v1.auth.service - INFO - a5f8a315-4058-4650-9687-b10871bf667d
2025-01-16 14:12:29,771 - api.v1.auth.service - INFO - User found: <User(name='Ojogu Nkang', role='<Role(name='RoleEnum.ADMIN')>')>
2025-01-16 14:12:29,832 - api.v1.auth.service - INFO - Parsed user role: ADMIN
2025-01-16 14:12:29,890 - api.v1.auth.service - INFO - Permission granted for role: ADMIN
2025-01-16 14:12:29,995 - api.v1.auth.service - INFO - a5f8a315-4058-4650-9687-b10871bf667d
2025-01-16 14:12:30,238 - api.v1.auth.service - INFO - Checking role permission for user
2025-01-16 14:12:30,293 - api.v1.auth.service - INFO - Normalized required roles: ['SUPERADMIN', 'ADMIN']
2025-01-16 14:12:30,345 - api.v1.auth.service - INFO - a5f8a315-4058-4650-9687-b10871bf667d
2025-01-16 14:12:31,352 - api.v1.auth.service - INFO - User found: <User(name='Ojogu Nkang', role='<Role(name='RoleEnum.ADMIN')>')>
2025-01-16 14:12:34,788 - api.v1.auth.service - INFO - User found: None
2025-01-16 14:12:34,849 - api.v1.auth.service - ERROR - User not found
2025-01-16 14:12:34,896 - api.v1.auth.service - INFO - a5f8a315-4058-4650-9687-b10871bf667d
2025-01-16 14:12:41,078 - api.v1.auth.service - INFO - User found: None
2025-01-16 14:12:41,132 - api.v1.auth.service - ERROR - User not found
2025-01-16 14:12:41,186 - api.v1.auth.service - INFO - a5f8a315-4058-4650-9687-b10871bf667d
2025-01-16 14:12:41,716 - api.v1.auth.service - INFO - Checking role permission for user
2025-01-16 14:12:41,800 - api.v1.auth.service - INFO - Normalized required roles: ['SUPERADMIN', 'ADMIN']
2025-01-16 14:12:41,893 - api.v1.auth.service - INFO - a5f8a315-4058-4650-9687-b10871bf667d
2025-01-16 14:12:42,185 - api.v1.auth.service - INFO - User found: <User(name='Ojogu Nkang', role='<Role(name='RoleEnum.ADMIN')>')>
2025-01-16 14:12:42,187 - api.v1.auth.service - INFO - User found: <User(name='Ojogu Nkang', role='<Role(name='RoleEnum.ADMIN')>')>
2025-01-16 14:12:42,308 - api.v1.auth.service - INFO - Parsed user role: ADMIN
2025-01-16 14:12:42,356 - api.v1.auth.service - INFO - Parsed user role: ADMIN
2025-01-16 14:12:42,401 - api.v1.auth.service - INFO - Permission granted for role: ADMIN
2025-01-16 14:12:42,445 - api.v1.auth.service - INFO - Permission granted for role: ADMIN
2025-01-16 14:12:42,594 - api.v1.auth.service - INFO - a5f8a315-4058-4650-9687-b10871bf667d
2025-01-16 14:12:42,645 - api.v1.auth.service - INFO - a5f8a315-4058-4650-9687-b10871bf667d
2025-01-16 14:12:43,238 - api.v1.auth.service - INFO - User found: None
2025-01-16 14:12:43,290 - api.v1.auth.service - ERROR - User not found
2025-01-16 14:12:43,344 - api.v1.auth.service - INFO - a5f8a315-4058-4650-9687-b10871bf667d
2025-01-16 14:12:44,161 - api.v1.auth.service - INFO - User found: <User(name='Ojogu Nkang', role='<Role(name='RoleEnum.ADMIN')>')>
2025-01-16 14:12:44,389 - api.v1.auth.service - INFO - User found: <User(name='Ojogu Nkang', role='<Role(name='RoleEnum.ADMIN')>')>
2025-01-16 14:12:48,751 - api.v1.auth.service - INFO - Checking role permission for user
2025-01-16 14:12:48,805 - api.v1.auth.service - INFO - Normalized required roles: ['SUPERADMIN', 'ADMIN', 'BURSAR', 'SUBADMIN', 'STUDENT']
2025-01-16 14:12:48,858 - api.v1.auth.service - INFO - a5f8a315-4058-4650-9687-b10871bf667d
2025-01-16 14:12:54,585 - api.v1.auth.service - INFO - User found: <User(name='Ojogu Nkang', role='<Role(name='RoleEnum.ADMIN')>')>
2025-01-16 14:12:54,641 - api.v1.auth.service - INFO - Parsed user role: ADMIN
2025-01-16 14:12:54,696 - api.v1.auth.service - INFO - Permission granted for role: ADMIN
2025-01-16 14:12:54,796 - api.v1.auth.service - INFO - a5f8a315-4058-4650-9687-b10871bf667d
2025-01-16 14:13:00,618 - api.v1.auth.service - INFO - User found: None
2025-01-16 14:13:00,683 - api.v1.auth.service - ERROR - User not found
2025-01-16 14:13:00,803 - api.v1.auth.service - INFO - a5f8a315-4058-4650-9687-b10871bf667d
2025-01-16 14:13:00,896 - api.v1.auth.service - INFO - User found: <User(name='Ojogu Nkang', role='<Role(name='RoleEnum.ADMIN')>')>
2025-01-16 14:13:03,404 - api.v1.auth.service - INFO - User found: <User(name='Ojogu Nkang', role='<Role(name='RoleEnum.ADMIN')>')>
2025-01-16 14:13:03,501 - api.v1.auth.service - INFO - Parsed user role: ADMIN
2025-01-16 14:13:03,590 - api.v1.auth.service - INFO - Permission granted for role: ADMIN
2025-01-16 14:13:03,707 - api.v1.auth.service - INFO - a5f8a315-4058-4650-9687-b10871bf667d
2025-01-16 14:13:11,048 - api.v1.auth.service - INFO - User found: <User(name='Ojogu Nkang', role='<Role(name='RoleEnum.ADMIN')>')>
2025-01-16 14:13:21,548 - api.v1.auth.service - INFO - Checking role permission for user
2025-01-16 14:13:21,550 - api.v1.auth.service - INFO - Checking role permission for user
2025-01-16 14:13:21,629 - api.v1.auth.service - INFO - Normalized required roles: ['SUPERADMIN', 'ADMIN']
2025-01-16 14:13:21,691 - api.v1.auth.service - INFO - Normalized required roles: ['SUPERADMIN', 'ADMIN']
2025-01-16 14:13:21,739 - api.v1.auth.service - INFO - a5f8a315-4058-4650-9687-b10871bf667d
2025-01-16 14:13:21,789 - api.v1.auth.service - INFO - a5f8a315-4058-4650-9687-b10871bf667d
2025-01-16 14:13:25,322 - api.v1.auth.service - INFO - Checking role permission for user
2025-01-16 14:13:25,377 - api.v1.auth.service - INFO - Normalized required roles: ['SUPERADMIN', 'ADMIN']
2025-01-16 14:13:25,433 - api.v1.auth.service - INFO - a5f8a315-4058-4650-9687-b10871bf667d
2025-01-16 14:13:27,653 - api.v1.auth.service - INFO - User found: None
2025-01-16 14:13:27,711 - api.v1.auth.service - ERROR - User not found
2025-01-16 14:13:27,728 - api.v1.auth.service - INFO - User found: None
2025-01-16 14:13:27,797 - api.v1.auth.service - INFO - a5f8a315-4058-4650-9687-b10871bf667d
2025-01-16 14:13:27,856 - api.v1.auth.service - ERROR - User not found
2025-01-16 14:13:27,937 - api.v1.auth.service - INFO - a5f8a315-4058-4650-9687-b10871bf667d
2025-01-16 14:13:27,988 - api.v1.auth.service - INFO - User found: None
2025-01-16 14:13:28,047 - api.v1.auth.service - ERROR - User not found
2025-01-16 14:13:28,097 - api.v1.auth.service - INFO - a5f8a315-4058-4650-9687-b10871bf667d
2025-01-16 14:13:28,602 - api.v1.auth.service - INFO - Checking role permission for user
2025-01-16 14:13:28,656 - api.v1.auth.service - INFO - Normalized required roles: ['SUPERADMIN', 'ADMIN', 'BURSAR', 'SUBADMIN', 'STUDENT']
2025-01-16 14:13:28,711 - api.v1.auth.service - INFO - a5f8a315-4058-4650-9687-b10871bf667d
2025-01-16 14:13:30,530 - api.v1.auth.service - INFO - User found: <User(name='Ojogu Nkang', role='<Role(name='RoleEnum.ADMIN')>')>
2025-01-16 14:13:30,587 - api.v1.auth.service - INFO - Parsed user role: ADMIN
2025-01-16 14:13:30,641 - api.v1.auth.service - INFO - Permission granted for role: ADMIN
2025-01-16 14:13:30,707 - api.v1.auth.service - INFO - User found: <User(name='Ojogu Nkang', role='<Role(name='RoleEnum.ADMIN')>')>
2025-01-16 14:13:30,767 - api.v1.auth.service - INFO - a5f8a315-4058-4650-9687-b10871bf667d
2025-01-16 14:13:30,814 - api.v1.auth.service - INFO - Parsed user role: ADMIN
2025-01-16 14:13:30,894 - api.v1.auth.service - INFO - Permission granted for role: ADMIN
2025-01-16 14:13:30,993 - api.v1.auth.service - INFO - a5f8a315-4058-4650-9687-b10871bf667d
2025-01-16 14:13:31,360 - api.v1.auth.service - INFO - User found: <User(name='Ojogu Nkang', role='<Role(name='RoleEnum.ADMIN')>')>
2025-01-16 14:13:31,424 - api.v1.auth.service - INFO - Parsed user role: ADMIN
2025-01-16 14:13:31,479 - api.v1.auth.service - INFO - Permission granted for role: ADMIN
2025-01-16 14:13:31,599 - api.v1.auth.service - INFO - a5f8a315-4058-4650-9687-b10871bf667d
2025-01-16 14:13:31,859 - api.v1.auth.service - INFO - User found: None
2025-01-16 14:13:31,914 - api.v1.auth.service - ERROR - User not found
2025-01-16 14:13:31,970 - api.v1.auth.service - INFO - a5f8a315-4058-4650-9687-b10871bf667d
2025-01-16 14:13:32,319 - api.v1.auth.service - INFO - User found: <User(name='Ojogu Nkang', role='<Role(name='RoleEnum.ADMIN')>')>
2025-01-16 14:13:32,887 - api.v1.auth.service - INFO - User found: <User(name='Ojogu Nkang', role='<Role(name='RoleEnum.ADMIN')>')>
2025-01-16 14:13:33,703 - api.v1.auth.service - INFO - User found: <User(name='Ojogu Nkang', role='<Role(name='RoleEnum.ADMIN')>')>
2025-01-16 14:13:36,814 - api.v1.auth.service - INFO - User found: <User(name='Ojogu Nkang', role='<Role(name='RoleEnum.ADMIN')>')>
2025-01-16 14:13:37,000 - api.v1.auth.service - INFO - Parsed user role: ADMIN
2025-01-16 14:13:37,080 - api.v1.auth.service - INFO - Permission granted for role: ADMIN
2025-01-16 14:13:37,176 - api.v1.auth.service - INFO - a5f8a315-4058-4650-9687-b10871bf667d
2025-01-16 14:13:37,990 - api.v1.auth.service - INFO - User found: <User(name='Ojogu Nkang', role='<Role(name='RoleEnum.ADMIN')>')>
2025-01-16 14:13:40,457 - api.v1.auth.service - INFO - Checking role permission for user
2025-01-16 14:13:40,512 - api.v1.auth.service - INFO - Normalized required roles: ['SUPERADMIN', 'ADMIN']
2025-01-16 14:13:40,567 - api.v1.auth.service - INFO - a5f8a315-4058-4650-9687-b10871bf667d
2025-01-16 14:13:40,952 - api.v1.auth.service - INFO - User found: None
2025-01-16 14:13:41,011 - api.v1.auth.service - ERROR - User not found
2025-01-16 14:13:41,068 - api.v1.auth.service - INFO - a5f8a315-4058-4650-9687-b10871bf667d
2025-01-16 14:13:41,516 - api.v1.auth.service - INFO - User found: <User(name='Ojogu Nkang', role='<Role(name='RoleEnum.ADMIN')>')>
2025-01-16 14:13:41,599 - api.v1.auth.service - INFO - Parsed user role: ADMIN
2025-01-16 14:13:41,729 - api.v1.auth.service - INFO - Permission granted for role: ADMIN
2025-01-16 14:13:41,891 - api.v1.auth.service - INFO - a5f8a315-4058-4650-9687-b10871bf667d
2025-01-16 14:13:42,553 - api.v1.auth.service - INFO - User found: <User(name='Ojogu Nkang', role='<Role(name='RoleEnum.ADMIN')>')>
2025-01-16 14:13:49,788 - api.v1.auth.service - INFO - Checking role permission for user
2025-01-16 14:13:49,841 - api.v1.auth.service - INFO - Normalized required roles: ['ADMIN', 'SUBADMIN']
2025-01-16 14:13:49,891 - api.v1.auth.service - INFO - a5f8a315-4058-4650-9687-b10871bf667d
2025-01-16 14:13:51,060 - api.v1.auth.service - INFO - User found: <User(name='Ojogu Nkang', role='<Role(name='RoleEnum.ADMIN')>')>
2025-01-16 14:13:51,116 - api.v1.auth.service - INFO - Parsed user role: ADMIN
2025-01-16 14:13:51,169 - api.v1.auth.service - INFO - Permission granted for role: ADMIN
2025-01-16 14:13:51,282 - api.v1.auth.service - INFO - a5f8a315-4058-4650-9687-b10871bf667d
2025-01-16 14:13:53,518 - api.v1.auth.service - INFO - User found: <User(name='Ojogu Nkang', role='<Role(name='RoleEnum.ADMIN')>')>
2025-01-16 14:14:10,571 - api.v1.auth.service - INFO - Checking role permission for user
2025-01-16 14:14:10,625 - api.v1.auth.service - INFO - Normalized required roles: ['ADMIN']
2025-01-16 14:14:10,677 - api.v1.auth.service - INFO - a5f8a315-4058-4650-9687-b10871bf667d
2025-01-16 14:14:18,860 - api.v1.auth.service - INFO - User found: <User(name='Ojogu Nkang', role='<Role(name='RoleEnum.ADMIN')>')>
2025-01-16 14:14:18,916 - api.v1.auth.service - INFO - Parsed user role: ADMIN
2025-01-16 14:14:18,969 - api.v1.auth.service - INFO - Permission granted for role: ADMIN
2025-01-16 14:14:19,143 - api.v1.auth.service - INFO - a5f8a315-4058-4650-9687-b10871bf667d
2025-01-16 14:14:20,021 - api.v1.auth.service - INFO - User found: <User(name='Ojogu Nkang', role='<Role(name='RoleEnum.ADMIN')>')>
2025-01-16 14:14:37,862 - api.v1.auth.service - INFO - Checking role permission for user
2025-01-16 14:14:37,916 - api.v1.auth.service - INFO - Normalized required roles: ['SUPERADMIN', 'ADMIN']
2025-01-16 14:14:37,971 - api.v1.auth.service - INFO - a5f8a315-4058-4650-9687-b10871bf667d
2025-01-16 14:14:38,059 - api.v1.auth.service - INFO - Checking role permission for user
2025-01-16 14:14:38,110 - api.v1.auth.service - INFO - Normalized required roles: ['SUPERADMIN', 'ADMIN']
2025-01-16 14:14:38,162 - api.v1.auth.service - INFO - a5f8a315-4058-4650-9687-b10871bf667d
2025-01-16 14:14:38,775 - api.v1.auth.service - INFO - Checking role permission for user
2025-01-16 14:14:38,777 - api.v1.auth.service - INFO - Checking role permission for user
2025-01-16 14:14:38,857 - api.v1.auth.service - INFO - Normalized required roles: ['SUPERADMIN', 'ADMIN']
2025-01-16 14:14:38,919 - api.v1.auth.service - INFO - Normalized required roles: ['SUPERADMIN', 'ADMIN', 'BURSAR', 'SUBADMIN', 'STUDENT']
2025-01-16 14:14:38,970 - api.v1.auth.service - INFO - a5f8a315-4058-4650-9687-b10871bf667d
2025-01-16 14:14:39,014 - api.v1.auth.service - INFO - a5f8a315-4058-4650-9687-b10871bf667d
2025-01-16 14:14:39,247 - api.v1.auth.service - INFO - User found: None
2025-01-16 14:14:39,302 - api.v1.auth.service - ERROR - User not found
2025-01-16 14:14:39,317 - api.v1.auth.service - INFO - User found: None
2025-01-16 14:14:39,384 - api.v1.auth.service - INFO - a5f8a315-4058-4650-9687-b10871bf667d
2025-01-16 14:14:39,437 - api.v1.auth.service - ERROR - User not found
2025-01-16 14:14:39,502 - api.v1.auth.service - INFO - a5f8a315-4058-4650-9687-b10871bf667d
2025-01-16 14:14:39,530 - api.v1.auth.service - INFO - User found: None
2025-01-16 14:14:39,584 - api.v1.auth.service - INFO - User found: None
2025-01-16 14:14:39,610 - api.v1.auth.service - ERROR - User not found
2025-01-16 14:14:39,668 - api.v1.auth.service - ERROR - User not found
2025-01-16 14:14:39,711 - api.v1.auth.service - INFO - a5f8a315-4058-4650-9687-b10871bf667d
2025-01-16 14:14:39,760 - api.v1.auth.service - INFO - a5f8a315-4058-4650-9687-b10871bf667d
2025-01-16 14:14:40,347 - api.v1.auth.service - INFO - User found: <User(name='Ojogu Nkang', role='<Role(name='RoleEnum.ADMIN')>')>
2025-01-16 14:14:40,405 - api.v1.auth.service - INFO - Parsed user role: ADMIN
2025-01-16 14:14:40,460 - api.v1.auth.service - INFO - Permission granted for role: ADMIN
2025-01-16 14:14:40,487 - api.v1.auth.service - INFO - User found: <User(name='Ojogu Nkang', role='<Role(name='RoleEnum.ADMIN')>')>
2025-01-16 14:14:40,592 - api.v1.auth.service - INFO - Parsed user role: ADMIN
2025-01-16 14:14:40,637 - api.v1.auth.service - INFO - a5f8a315-4058-4650-9687-b10871bf667d
2025-01-16 14:14:40,686 - api.v1.auth.service - INFO - Permission granted for role: ADMIN
2025-01-16 14:14:40,806 - api.v1.auth.service - INFO - a5f8a315-4058-4650-9687-b10871bf667d
2025-01-16 14:14:40,903 - api.v1.auth.service - INFO - User found: <User(name='Ojogu Nkang', role='<Role(name='RoleEnum.ADMIN')>')>
2025-01-16 14:14:40,908 - api.v1.auth.service - INFO - User found: <User(name='Ojogu Nkang', role='<Role(name='RoleEnum.ADMIN')>')>
2025-01-16 14:14:40,990 - api.v1.auth.service - INFO - Parsed user role: ADMIN
2025-01-16 14:14:41,029 - api.v1.auth.service - INFO - Parsed user role: ADMIN
2025-01-16 14:14:41,082 - api.v1.auth.service - INFO - Permission granted for role: ADMIN
2025-01-16 14:14:41,125 - api.v1.auth.service - INFO - Permission granted for role: ADMIN
2025-01-16 14:14:41,281 - api.v1.auth.service - INFO - a5f8a315-4058-4650-9687-b10871bf667d
2025-01-16 14:14:41,334 - api.v1.auth.service - INFO - a5f8a315-4058-4650-9687-b10871bf667d
2025-01-16 14:14:43,378 - api.v1.auth.service - INFO - User found: <User(name='Ojogu Nkang', role='<Role(name='RoleEnum.ADMIN')>')>
2025-01-16 14:14:43,383 - api.v1.auth.service - INFO - User found: <User(name='Ojogu Nkang', role='<Role(name='RoleEnum.ADMIN')>')>
2025-01-16 14:14:44,073 - api.v1.auth.service - INFO - User found: <User(name='Ojogu Nkang', role='<Role(name='RoleEnum.ADMIN')>')>
2025-01-16 14:14:44,143 - api.v1.auth.service - INFO - User found: <User(name='Ojogu Nkang', role='<Role(name='RoleEnum.ADMIN')>')>
2025-01-16 14:15:03,980 - api.v1.auth.service - INFO - Checking role permission for user
2025-01-16 14:15:04,036 - api.v1.auth.service - INFO - Normalized required roles: ['SUPERADMIN', 'ADMIN']
2025-01-16 14:15:04,088 - api.v1.auth.service - INFO - a5f8a315-4058-4650-9687-b10871bf667d
2025-01-16 14:15:05,822 - api.v1.auth.service - INFO - User found: None
2025-01-16 14:15:05,877 - api.v1.auth.service - ERROR - User not found
2025-01-16 14:15:05,930 - api.v1.auth.service - INFO - a5f8a315-4058-4650-9687-b10871bf667d
2025-01-16 14:15:06,712 - api.v1.auth.service - INFO - User found: <User(name='Ojogu Nkang', role='<Role(name='RoleEnum.ADMIN')>')>
2025-01-16 14:15:06,766 - api.v1.auth.service - INFO - Parsed user role: ADMIN
2025-01-16 14:15:06,819 - api.v1.auth.service - INFO - Permission granted for role: ADMIN
2025-01-16 14:15:06,922 - api.v1.auth.service - INFO - a5f8a315-4058-4650-9687-b10871bf667d
2025-01-16 14:15:07,646 - api.v1.auth.service - INFO - User found: <User(name='Ojogu Nkang', role='<Role(name='RoleEnum.ADMIN')>')>
2025-01-16 14:15:55,051 - api.v1.auth.service - INFO - User found: <User(name='Ojogu Nkang', role='<Role(name='RoleEnum.ADMIN')>')>
2025-01-16 14:15:55,851 - api.v1.auth.service - INFO - User authenticated
2025-01-16 14:16:12,712 - api.v1.auth.service - INFO - Checking role permission for user
2025-01-16 14:16:12,771 - api.v1.auth.service - INFO - Normalized required roles: ['SUPERADMIN', 'ADMIN']
2025-01-16 14:16:12,822 - api.v1.auth.service - INFO - a5f8a315-4058-4650-9687-b10871bf667d
2025-01-16 14:16:12,952 - api.v1.auth.service - INFO - Checking role permission for user
2025-01-16 14:16:12,999 - api.v1.auth.service - INFO - Checking role permission for user
2025-01-16 14:16:13,002 - api.v1.auth.service - INFO - Checking role permission for user
2025-01-16 14:16:13,030 - api.v1.auth.service - INFO - Normalized required roles: ['SUPERADMIN', 'ADMIN']
2025-01-16 14:16:13,093 - api.v1.auth.service - INFO - Normalized required roles: ['SUPERADMIN', 'ADMIN', 'BURSAR', 'SUBADMIN', 'STUDENT']
2025-01-16 14:16:13,134 - api.v1.auth.service - INFO - Normalized required roles: ['SUPERADMIN', 'ADMIN']
2025-01-16 14:16:13,183 - api.v1.auth.service - INFO - a5f8a315-4058-4650-9687-b10871bf667d
2025-01-16 14:16:13,227 - api.v1.auth.service - INFO - a5f8a315-4058-4650-9687-b10871bf667d
2025-01-16 14:16:13,269 - api.v1.auth.service - INFO - a5f8a315-4058-4650-9687-b10871bf667d
2025-01-16 14:16:13,399 - api.v1.auth.service - INFO - User found: None
2025-01-16 14:16:13,455 - api.v1.auth.service - ERROR - User not found
2025-01-16 14:16:13,504 - api.v1.auth.service - INFO - a5f8a315-4058-4650-9687-b10871bf667d
2025-01-16 14:16:14,069 - api.v1.auth.service - INFO - User found: None
2025-01-16 14:16:14,122 - api.v1.auth.service - ERROR - User not found
2025-01-16 14:16:14,125 - api.v1.auth.service - INFO - User found: None
2025-01-16 14:16:14,200 - api.v1.auth.service - INFO - a5f8a315-4058-4650-9687-b10871bf667d
2025-01-16 14:16:14,248 - api.v1.auth.service - ERROR - User not found
2025-01-16 14:16:14,317 - api.v1.auth.service - INFO - a5f8a315-4058-4650-9687-b10871bf667d
2025-01-16 14:16:14,326 - api.v1.auth.service - INFO - User found: None
2025-01-16 14:16:14,412 - api.v1.auth.service - ERROR - User not found
2025-01-16 14:16:14,450 - api.v1.auth.service - INFO - User found: <User(name='Ojogu Nkang', role='<Role(name='RoleEnum.ADMIN')>')>
2025-01-16 14:16:14,486 - api.v1.auth.service - INFO - a5f8a315-4058-4650-9687-b10871bf667d
2025-01-16 14:16:14,541 - api.v1.auth.service - INFO - Parsed user role: ADMIN
2025-01-16 14:16:14,617 - api.v1.auth.service - INFO - Permission granted for role: ADMIN
2025-01-16 14:16:14,715 - api.v1.auth.service - INFO - a5f8a315-4058-4650-9687-b10871bf667d
2025-01-16 14:16:15,455 - api.v1.auth.service - INFO - User found: <User(name='Ojogu Nkang', role='<Role(name='RoleEnum.ADMIN')>')>
2025-01-16 14:16:15,599 - api.v1.auth.service - INFO - User found: <User(name='Ojogu Nkang', role='<Role(name='RoleEnum.ADMIN')>')>
2025-01-16 14:16:15,655 - api.v1.auth.service - INFO - Parsed user role: ADMIN
2025-01-16 14:16:15,707 - api.v1.auth.service - INFO - Permission granted for role: ADMIN
2025-01-16 14:16:15,726 - api.v1.auth.service - INFO - User found: <User(name='Ojogu Nkang', role='<Role(name='RoleEnum.ADMIN')>')>
2025-01-16 14:16:15,832 - api.v1.auth.service - INFO - Parsed user role: ADMIN
2025-01-16 14:16:15,874 - api.v1.auth.service - INFO - a5f8a315-4058-4650-9687-b10871bf667d
2025-01-16 14:16:15,922 - api.v1.auth.service - INFO - Permission granted for role: ADMIN
2025-01-16 14:16:15,954 - api.v1.auth.service - INFO - User found: <User(name='Ojogu Nkang', role='<Role(name='RoleEnum.ADMIN')>')>
2025-01-16 14:16:16,065 - api.v1.auth.service - INFO - Parsed user role: ADMIN
2025-01-16 14:16:16,113 - api.v1.auth.service - INFO - a5f8a315-4058-4650-9687-b10871bf667d
2025-01-16 14:16:16,147 - api.v1.auth.service - INFO - Permission granted for role: ADMIN
2025-01-16 14:16:16,274 - api.v1.auth.service - INFO - a5f8a315-4058-4650-9687-b10871bf667d
2025-01-16 14:16:17,104 - api.v1.auth.service - INFO - User found: <User(name='Ojogu Nkang', role='<Role(name='RoleEnum.ADMIN')>')>
2025-01-16 14:16:17,324 - api.v1.auth.service - INFO - User found: <User(name='Ojogu Nkang', role='<Role(name='RoleEnum.ADMIN')>')>
2025-01-16 14:16:17,405 - api.v1.auth.service - INFO - User found: <User(name='Ojogu Nkang', role='<Role(name='RoleEnum.ADMIN')>')>
2025-01-16 14:16:25,691 - api.v1.auth.service - INFO - Checking role permission for user
2025-01-16 14:16:25,748 - api.v1.auth.service - INFO - Normalized required roles: ['SUPERADMIN', 'ADMIN']
2025-01-16 14:16:25,805 - api.v1.auth.service - INFO - a5f8a315-4058-4650-9687-b10871bf667d
2025-01-16 14:16:26,435 - api.v1.auth.service - INFO - User found: None
2025-01-16 14:16:26,490 - api.v1.auth.service - ERROR - User not found
2025-01-16 14:16:26,553 - api.v1.auth.service - INFO - a5f8a315-4058-4650-9687-b10871bf667d
2025-01-16 14:16:27,060 - api.v1.auth.service - INFO - User found: <User(name='Ojogu Nkang', role='<Role(name='RoleEnum.ADMIN')>')>
2025-01-16 14:16:27,114 - api.v1.auth.service - INFO - Parsed user role: ADMIN
2025-01-16 14:16:27,178 - api.v1.auth.service - INFO - Permission granted for role: ADMIN
2025-01-16 14:16:27,289 - api.v1.auth.service - INFO - a5f8a315-4058-4650-9687-b10871bf667d
2025-01-16 14:16:29,125 - api.v1.auth.service - INFO - User found: <User(name='Ojogu Nkang', role='<Role(name='RoleEnum.ADMIN')>')>
2025-01-16 14:16:32,384 - api.v1.auth.service - INFO - Checking role permission for user
2025-01-16 14:16:32,440 - api.v1.auth.service - INFO - Normalized required roles: ['ADMIN', 'SUBADMIN']
2025-01-16 14:16:32,492 - api.v1.auth.service - INFO - a5f8a315-4058-4650-9687-b10871bf667d
2025-01-16 14:16:34,132 - api.v1.auth.service - INFO - User found: <User(name='Ojogu Nkang', role='<Role(name='RoleEnum.ADMIN')>')>
2025-01-16 14:16:34,194 - api.v1.auth.service - INFO - Parsed user role: ADMIN
2025-01-16 14:16:34,256 - api.v1.auth.service - INFO - Permission granted for role: ADMIN
2025-01-16 14:16:34,366 - api.v1.auth.service - INFO - a5f8a315-4058-4650-9687-b10871bf667d
2025-01-16 14:16:34,856 - api.v1.auth.service - INFO - User found: <User(name='Ojogu Nkang', role='<Role(name='RoleEnum.ADMIN')>')>
2025-01-16 14:16:39,374 - api.v1.auth.service - INFO - Checking role permission for user
2025-01-16 14:16:39,429 - api.v1.auth.service - INFO - Normalized required roles: ['ADMIN']
2025-01-16 14:16:39,487 - api.v1.auth.service - INFO - a5f8a315-4058-4650-9687-b10871bf667d
2025-01-16 14:16:40,623 - api.v1.auth.service - INFO - User found: <User(name='Ojogu Nkang', role='<Role(name='RoleEnum.ADMIN')>')>
2025-01-16 14:16:40,685 - api.v1.auth.service - INFO - Parsed user role: ADMIN
2025-01-16 14:16:40,736 - api.v1.auth.service - INFO - Permission granted for role: ADMIN
2025-01-16 14:16:40,887 - api.v1.auth.service - INFO - a5f8a315-4058-4650-9687-b10871bf667d
2025-01-16 14:16:44,231 - api.v1.auth.service - INFO - User found: <User(name='Ojogu Nkang', role='<Role(name='RoleEnum.ADMIN')>')>
2025-01-16 14:16:57,582 - api.v1.auth.service - INFO - User found: <User(name='Ojogu Nkang', role='<Role(name='RoleEnum.ADMIN')>')>
2025-01-16 14:16:58,315 - api.v1.auth.service - INFO - User authenticated
2025-01-16 14:17:19,392 - api.v1.auth.service - INFO - Checking role permission for user
2025-01-16 14:17:19,450 - api.v1.auth.service - INFO - Normalized required roles: ['SUPERADMIN', 'ADMIN']
2025-01-16 14:17:19,525 - api.v1.auth.service - INFO - a5f8a315-4058-4650-9687-b10871bf667d
2025-01-16 14:17:20,169 - api.v1.auth.service - INFO - Checking role permission for user
2025-01-16 14:17:20,232 - api.v1.auth.service - INFO - Normalized required roles: ['SUPERADMIN', 'ADMIN']
2025-01-16 14:17:20,263 - api.v1.auth.service - INFO - User found: None
2025-01-16 14:17:20,372 - api.v1.auth.service - INFO - a5f8a315-4058-4650-9687-b10871bf667d
2025-01-16 14:17:20,398 - api.v1.auth.service - INFO - Checking role permission for user
2025-01-16 14:17:20,405 - api.v1.auth.service - INFO - Checking role permission for user
2025-01-16 14:17:20,409 - api.v1.auth.service - INFO - Checking role permission for user
2025-01-16 14:17:20,514 - api.v1.auth.service - ERROR - User not found
2025-01-16 14:17:20,668 - api.v1.auth.service - INFO - Normalized required roles: ['SUPERADMIN', 'ADMIN', 'BURSAR', 'SUBADMIN', 'STUDENT']
2025-01-16 14:17:20,724 - api.v1.auth.service - INFO - Normalized required roles: ['SUPERADMIN', 'ADMIN']
2025-01-16 14:17:20,788 - api.v1.auth.service - INFO - Normalized required roles: ['SUPERADMIN', 'ADMIN']
2025-01-16 14:17:20,840 - api.v1.auth.service - INFO - a5f8a315-4058-4650-9687-b10871bf667d
2025-01-16 14:17:20,897 - api.v1.auth.service - INFO - a5f8a315-4058-4650-9687-b10871bf667d
2025-01-16 14:17:20,960 - api.v1.auth.service - INFO - a5f8a315-4058-4650-9687-b10871bf667d
2025-01-16 14:17:21,019 - api.v1.auth.service - INFO - a5f8a315-4058-4650-9687-b10871bf667d
2025-01-16 14:17:21,226 - api.v1.auth.service - INFO - User found: None
2025-01-16 14:17:21,288 - api.v1.auth.service - ERROR - User not found
2025-01-16 14:17:21,352 - api.v1.auth.service - INFO - a5f8a315-4058-4650-9687-b10871bf667d
2025-01-16 14:17:22,090 - api.v1.auth.service - INFO - User found: <User(name='Ojogu Nkang', role='<Role(name='RoleEnum.ADMIN')>')>
2025-01-16 14:17:22,112 - api.v1.auth.service - INFO - User found: None
2025-01-16 14:17:22,115 - api.v1.auth.service - INFO - User found: None
2025-01-16 14:17:22,116 - api.v1.auth.service - INFO - User found: None
2025-01-16 14:17:22,188 - api.v1.auth.service - INFO - Parsed user role: ADMIN
2025-01-16 14:17:22,238 - api.v1.auth.service - ERROR - User not found
2025-01-16 14:17:22,300 - api.v1.auth.service - ERROR - User not found
2025-01-16 14:17:22,354 - api.v1.auth.service - ERROR - User not found
2025-01-16 14:17:22,398 - api.v1.auth.service - INFO - User found: <User(name='Ojogu Nkang', role='<Role(name='RoleEnum.ADMIN')>')>
2025-01-16 14:17:22,423 - api.v1.auth.service - INFO - Permission granted for role: ADMIN
2025-01-16 14:17:22,473 - api.v1.auth.service - INFO - a5f8a315-4058-4650-9687-b10871bf667d
2025-01-16 14:17:22,539 - api.v1.auth.service - INFO - a5f8a315-4058-4650-9687-b10871bf667d
2025-01-16 14:17:22,604 - api.v1.auth.service - INFO - a5f8a315-4058-4650-9687-b10871bf667d
2025-01-16 14:17:22,654 - api.v1.auth.service - INFO - Parsed user role: ADMIN
2025-01-16 14:17:23,114 - api.v1.auth.service - INFO - User found: <User(name='Ojogu Nkang', role='<Role(name='RoleEnum.ADMIN')>')>
2025-01-16 14:17:23,172 - api.v1.auth.service - INFO - User found: <User(name='Ojogu Nkang', role='<Role(name='RoleEnum.ADMIN')>')>
2025-01-16 14:17:23,238 - api.v1.auth.service - INFO - User found: <User(name='Ojogu Nkang', role='<Role(name='RoleEnum.ADMIN')>')>
2025-01-16 14:17:23,925 - api.v1.auth.service - INFO - Permission granted for role: ADMIN
2025-01-16 14:17:23,993 - api.v1.auth.service - INFO - a5f8a315-4058-4650-9687-b10871bf667d
2025-01-16 14:17:24,047 - api.v1.auth.service - INFO - Parsed user role: ADMIN
2025-01-16 14:17:24,106 - api.v1.auth.service - INFO - Parsed user role: ADMIN
2025-01-16 14:17:24,159 - api.v1.auth.service - INFO - Parsed user role: ADMIN
2025-01-16 14:17:24,338 - api.v1.auth.service - INFO - Permission granted for role: ADMIN
2025-01-16 14:17:24,396 - api.v1.auth.service - INFO - Permission granted for role: ADMIN
2025-01-16 14:17:24,447 - api.v1.auth.service - INFO - User found: <User(name='Ojogu Nkang', role='<Role(name='RoleEnum.ADMIN')>')>
2025-01-16 14:17:24,451 - api.v1.auth.service - INFO - Permission granted for role: ADMIN
2025-01-16 14:17:24,516 - api.v1.auth.service - INFO - a5f8a315-4058-4650-9687-b10871bf667d
2025-01-16 14:17:24,921 - api.v1.auth.service - INFO - a5f8a315-4058-4650-9687-b10871bf667d
2025-01-16 14:17:25,025 - api.v1.auth.service - INFO - a5f8a315-4058-4650-9687-b10871bf667d
2025-01-16 14:17:25,121 - api.v1.auth.service - INFO - User found: <User(name='Ojogu Nkang', role='<Role(name='RoleEnum.ADMIN')>')>
2025-01-16 14:17:25,136 - api.v1.auth.service - INFO - a5f8a315-4058-4650-9687-b10871bf667d
2025-01-16 14:17:25,388 - api.v1.auth.service - INFO - User found: <User(name='Ojogu Nkang', role='<Role(name='RoleEnum.ADMIN')>')>
2025-01-16 14:17:25,446 - api.v1.auth.service - INFO - User found: <User(name='Ojogu Nkang', role='<Role(name='RoleEnum.ADMIN')>')>
2025-01-16 14:17:25,557 - api.v1.auth.service - INFO - User found: <User(name='Ojogu Nkang', role='<Role(name='RoleEnum.ADMIN')>')>
2025-01-16 14:17:30,428 - api.v1.auth.service - INFO - Checking role permission for user
2025-01-16 14:17:30,898 - api.v1.auth.service - INFO - Normalized required roles: ['SUPERADMIN', 'ADMIN']
2025-01-16 14:17:30,947 - api.v1.auth.service - INFO - a5f8a315-4058-4650-9687-b10871bf667d
2025-01-16 14:17:32,454 - api.v1.auth.service - INFO - User found: None
2025-01-16 14:17:32,553 - api.v1.auth.service - ERROR - User not found
2025-01-16 14:17:32,643 - api.v1.auth.service - INFO - a5f8a315-4058-4650-9687-b10871bf667d
2025-01-16 14:17:34,053 - api.v1.auth.service - INFO - User found: <User(name='Ojogu Nkang', role='<Role(name='RoleEnum.ADMIN')>')>
2025-01-16 14:17:34,112 - api.v1.auth.service - INFO - Parsed user role: ADMIN
2025-01-16 14:17:34,166 - api.v1.auth.service - INFO - Permission granted for role: ADMIN
2025-01-16 14:17:34,341 - api.v1.auth.service - INFO - a5f8a315-4058-4650-9687-b10871bf667d
2025-01-16 14:17:34,604 - api.v1.auth.service - INFO - User found: <User(name='Ojogu Nkang', role='<Role(name='RoleEnum.ADMIN')>')>
2025-01-16 14:17:41,942 - api.v1.auth.service - INFO - Checking role permission for user
2025-01-16 14:17:41,995 - api.v1.auth.service - INFO - Normalized required roles: ['ADMIN', 'SUBADMIN']
2025-01-16 14:17:42,057 - api.v1.auth.service - INFO - a5f8a315-4058-4650-9687-b10871bf667d
2025-01-16 14:17:42,780 - api.v1.auth.service - INFO - User found: <User(name='Ojogu Nkang', role='<Role(name='RoleEnum.ADMIN')>')>
2025-01-16 14:17:42,838 - api.v1.auth.service - INFO - Parsed user role: ADMIN
2025-01-16 14:17:42,889 - api.v1.auth.service - INFO - Permission granted for role: ADMIN
2025-01-16 14:17:42,988 - api.v1.auth.service - INFO - a5f8a315-4058-4650-9687-b10871bf667d
2025-01-16 14:17:43,411 - api.v1.auth.service - INFO - User found: <User(name='Ojogu Nkang', role='<Role(name='RoleEnum.ADMIN')>')>
2025-01-16 14:19:19,210 - api.v1.auth.service - INFO - Checking role permission for user
2025-01-16 14:19:19,268 - api.v1.auth.service - INFO - Normalized required roles: ['SUPERADMIN', 'ADMIN']
2025-01-16 14:19:19,325 - api.v1.auth.service - INFO - a5f8a315-4058-4650-9687-b10871bf667d
2025-01-16 14:19:19,563 - api.v1.auth.service - INFO - Checking role permission for user
2025-01-16 14:19:19,614 - api.v1.auth.service - INFO - Normalized required roles: ['SUPERADMIN', 'ADMIN', 'BURSAR', 'SUBADMIN', 'STUDENT']
2025-01-16 14:19:19,667 - api.v1.auth.service - INFO - a5f8a315-4058-4650-9687-b10871bf667d
2025-01-16 14:19:20,040 - api.v1.auth.service - INFO - User found: None
2025-01-16 14:19:20,096 - api.v1.auth.service - ERROR - User not found
2025-01-16 14:19:20,150 - api.v1.auth.service - INFO - a5f8a315-4058-4650-9687-b10871bf667d
2025-01-16 14:19:21,778 - api.v1.auth.service - INFO - User found: None
2025-01-16 14:19:21,837 - api.v1.auth.service - ERROR - User not found
2025-01-16 14:19:21,894 - api.v1.auth.service - INFO - a5f8a315-4058-4650-9687-b10871bf667d
2025-01-16 14:19:24,754 - api.v1.auth.service - INFO - User found: <User(name='Ojogu Nkang', role='<Role(name='RoleEnum.ADMIN')>')>
2025-01-16 14:19:24,799 - api.v1.auth.service - INFO - Checking role permission for user
2025-01-16 14:19:24,818 - api.v1.auth.service - INFO - Parsed user role: ADMIN
2025-01-16 14:19:24,884 - api.v1.auth.service - INFO - Normalized required roles: ['SUPERADMIN', 'ADMIN']
2025-01-16 14:19:24,930 - api.v1.auth.service - INFO - Permission granted for role: ADMIN
2025-01-16 14:19:24,976 - api.v1.auth.service - INFO - a5f8a315-4058-4650-9687-b10871bf667d
2025-01-16 14:19:25,109 - api.v1.auth.service - INFO - a5f8a315-4058-4650-9687-b10871bf667d
2025-01-16 14:19:25,784 - api.v1.auth.service - INFO - Checking role permission for user
2025-01-16 14:19:25,821 - api.v1.auth.service - INFO - User found: <User(name='Ojogu Nkang', role='<Role(name='RoleEnum.ADMIN')>')>
2025-01-16 14:19:25,855 - api.v1.auth.service - INFO - Normalized required roles: ['SUPERADMIN', 'ADMIN']
2025-01-16 14:19:25,921 - api.v1.auth.service - INFO - Parsed user role: ADMIN
2025-01-16 14:19:25,969 - api.v1.auth.service - INFO - a5f8a315-4058-4650-9687-b10871bf667d
2025-01-16 14:19:26,017 - api.v1.auth.service - INFO - Permission granted for role: ADMIN
2025-01-16 14:19:26,140 - api.v1.auth.service - INFO - a5f8a315-4058-4650-9687-b10871bf667d
2025-01-16 14:19:26,169 - api.v1.auth.service - INFO - User found: None
2025-01-16 14:19:26,197 - api.v1.auth.service - INFO - User found: <User(name='Ojogu Nkang', role='<Role(name='RoleEnum.ADMIN')>')>
2025-01-16 14:19:26,281 - api.v1.auth.service - ERROR - User not found
2025-01-16 14:19:26,351 - api.v1.auth.service - INFO - a5f8a315-4058-4650-9687-b10871bf667d
2025-01-16 14:19:26,827 - api.v1.auth.service - INFO - User found: None
2025-01-16 14:19:26,828 - api.v1.auth.service - INFO - User found: <User(name='Ojogu Nkang', role='<Role(name='RoleEnum.ADMIN')>')>
2025-01-16 14:19:26,909 - api.v1.auth.service - ERROR - User not found
2025-01-16 14:19:26,991 - api.v1.auth.service - INFO - a5f8a315-4058-4650-9687-b10871bf667d
2025-01-16 14:19:30,614 - api.v1.auth.service - INFO - User found: <User(name='Ojogu Nkang', role='<Role(name='RoleEnum.ADMIN')>')>
2025-01-16 14:19:30,615 - api.v1.auth.service - INFO - User found: <User(name='Ojogu Nkang', role='<Role(name='RoleEnum.ADMIN')>')>
2025-01-16 14:19:30,794 - api.v1.auth.service - INFO - Parsed user role: ADMIN
2025-01-16 14:19:30,837 - api.v1.auth.service - INFO - Parsed user role: ADMIN
2025-01-16 14:19:30,882 - api.v1.auth.service - INFO - Permission granted for role: ADMIN
2025-01-16 14:19:30,926 - api.v1.auth.service - INFO - Permission granted for role: ADMIN
2025-01-16 14:19:31,066 - api.v1.auth.service - INFO - a5f8a315-4058-4650-9687-b10871bf667d
2025-01-16 14:19:31,110 - api.v1.auth.service - INFO - a5f8a315-4058-4650-9687-b10871bf667d
2025-01-16 14:19:32,801 - api.v1.auth.service - INFO - User found: <User(name='Ojogu Nkang', role='<Role(name='RoleEnum.ADMIN')>')>
2025-01-16 14:19:32,814 - api.v1.auth.service - INFO - User found: <User(name='Ojogu Nkang', role='<Role(name='RoleEnum.ADMIN')>')>
2025-01-16 14:19:54,203 - api.v1.auth.service - INFO - Checking role permission for user
2025-01-16 14:19:54,256 - api.v1.auth.service - INFO - Normalized required roles: ['SUPERADMIN', 'ADMIN']
2025-01-16 14:19:54,309 - api.v1.auth.service - INFO - a5f8a315-4058-4650-9687-b10871bf667d
2025-01-16 14:19:57,803 - api.v1.auth.service - INFO - User found: None
2025-01-16 14:19:57,860 - api.v1.auth.service - ERROR - User not found
2025-01-16 14:19:57,913 - api.v1.auth.service - INFO - a5f8a315-4058-4650-9687-b10871bf667d
2025-01-16 14:19:58,652 - api.v1.auth.service - INFO - User found: <User(name='Ojogu Nkang', role='<Role(name='RoleEnum.ADMIN')>')>
2025-01-16 14:19:58,709 - api.v1.auth.service - INFO - Parsed user role: ADMIN
2025-01-16 14:19:58,761 - api.v1.auth.service - INFO - Permission granted for role: ADMIN
2025-01-16 14:19:58,874 - api.v1.auth.service - INFO - a5f8a315-4058-4650-9687-b10871bf667d
2025-01-16 14:19:59,164 - api.v1.auth.service - INFO - User found: <User(name='Ojogu Nkang', role='<Role(name='RoleEnum.ADMIN')>')>
2025-01-16 14:20:02,615 - api.v1.auth.service - INFO - Checking role permission for user
2025-01-16 14:20:02,681 - api.v1.auth.service - INFO - Normalized required roles: ['ADMIN', 'SUBADMIN']
2025-01-16 14:20:02,741 - api.v1.auth.service - INFO - a5f8a315-4058-4650-9687-b10871bf667d
2025-01-16 14:20:03,431 - api.v1.auth.service - INFO - User found: <User(name='Ojogu Nkang', role='<Role(name='RoleEnum.ADMIN')>')>
2025-01-16 14:20:03,487 - api.v1.auth.service - INFO - Parsed user role: ADMIN
2025-01-16 14:20:03,543 - api.v1.auth.service - INFO - Permission granted for role: ADMIN
2025-01-16 14:20:03,652 - api.v1.auth.service - INFO - a5f8a315-4058-4650-9687-b10871bf667d
2025-01-16 14:20:04,000 - api.v1.auth.service - INFO - User found: <User(name='Ojogu Nkang', role='<Role(name='RoleEnum.ADMIN')>')>
2025-01-16 15:02:38,004 - api.v1.auth.users_auth - ERROR - Database error: reverse_property 'payment_items' on relationship ClearanceItem.organization references relationship Organization.payment_items, which does not reference mapper Mapper[ClearanceItem(clearance)]
2025-01-16 15:34:58,788 - api.v1.auth.service - INFO - User found: <User(name='Ojogu Nkang', role='<Role(name='RoleEnum.ADMIN')>')>
2025-01-16 15:34:59,448 - api.v1.auth.service - INFO - User authenticated
2025-01-16 15:35:04,635 - api.v1.auth.service - INFO - Checking role permission for user
2025-01-16 15:35:04,638 - api.v1.auth.service - INFO - Normalized required roles: ['SUPERADMIN', 'ADMIN']
2025-01-16 15:35:04,642 - api.v1.auth.service - INFO - a5f8a315-4058-4650-9687-b10871bf667d
2025-01-16 15:35:04,849 - api.v1.auth.service - INFO - Checking role permission for user
2025-01-16 15:35:04,852 - api.v1.auth.service - INFO - Normalized required roles: ['SUPERADMIN', 'ADMIN']
2025-01-16 15:35:04,855 - api.v1.auth.service - INFO - a5f8a315-4058-4650-9687-b10871bf667d
2025-01-16 15:35:04,948 - api.v1.auth.service - INFO - User found: None
2025-01-16 15:35:04,952 - api.v1.auth.service - ERROR - User not found
2025-01-16 15:35:04,955 - api.v1.auth.service - INFO - a5f8a315-4058-4650-9687-b10871bf667d
2025-01-16 15:35:05,279 - api.v1.auth.service - INFO - User found: <User(name='Ojogu Nkang', role='<Role(name='RoleEnum.ADMIN')>')>
2025-01-16 15:35:05,284 - api.v1.auth.service - INFO - Parsed user role: ADMIN
2025-01-16 15:35:05,287 - api.v1.auth.service - INFO - Permission granted for role: ADMIN
2025-01-16 15:35:05,319 - api.v1.auth.service - INFO - a5f8a315-4058-4650-9687-b10871bf667d
2025-01-16 15:35:05,490 - api.v1.auth.service - INFO - User found: <User(name='Ojogu Nkang', role='<Role(name='RoleEnum.ADMIN')>')>
2025-01-16 15:35:05,761 - api.v1.auth.service - INFO - Checking role permission for user
2025-01-16 15:35:05,765 - api.v1.auth.service - INFO - Normalized required roles: ['SUPERADMIN', 'ADMIN', 'BURSAR', 'SUBADMIN', 'STUDENT']
2025-01-16 15:35:05,770 - api.v1.auth.service - INFO - a5f8a315-4058-4650-9687-b10871bf667d
2025-01-16 15:35:06,159 - api.v1.auth.service - INFO - User found: None
2025-01-16 15:35:06,165 - api.v1.auth.service - ERROR - User not found
2025-01-16 15:35:06,168 - api.v1.auth.service - INFO - a5f8a315-4058-4650-9687-b10871bf667d
2025-01-16 15:35:06,500 - api.v1.auth.service - INFO - User found: <User(name='Ojogu Nkang', role='<Role(name='RoleEnum.ADMIN')>')>
2025-01-16 15:35:06,503 - api.v1.auth.service - INFO - Parsed user role: ADMIN
2025-01-16 15:35:06,507 - api.v1.auth.service - INFO - Permission granted for role: ADMIN
2025-01-16 15:35:06,513 - api.v1.auth.service - INFO - a5f8a315-4058-4650-9687-b10871bf667d
2025-01-16 15:35:06,769 - api.v1.auth.service - INFO - User found: <User(name='Ojogu Nkang', role='<Role(name='RoleEnum.ADMIN')>')>
2025-01-16 15:35:07,107 - api.v1.auth.service - INFO - User found: None
2025-01-16 15:35:07,112 - api.v1.auth.service - ERROR - User not found
2025-01-16 15:35:07,118 - api.v1.auth.service - INFO - a5f8a315-4058-4650-9687-b10871bf667d
2025-01-16 15:35:07,249 - api.v1.auth.service - INFO - Checking role permission for user
2025-01-16 15:35:07,254 - api.v1.auth.service - INFO - Normalized required roles: ['SUPERADMIN', 'ADMIN']
2025-01-16 15:35:07,258 - api.v1.auth.service - INFO - a5f8a315-4058-4650-9687-b10871bf667d
2025-01-16 15:35:07,446 - api.v1.auth.service - INFO - User found: <User(name='Ojogu Nkang', role='<Role(name='RoleEnum.ADMIN')>')>
2025-01-16 15:35:07,450 - api.v1.auth.service - INFO - Parsed user role: ADMIN
2025-01-16 15:35:07,454 - api.v1.auth.service - INFO - Permission granted for role: ADMIN
2025-01-16 15:35:07,461 - api.v1.auth.service - INFO - a5f8a315-4058-4650-9687-b10871bf667d
2025-01-16 15:35:07,577 - api.v1.auth.service - INFO - User found: None
2025-01-16 15:35:07,580 - api.v1.auth.service - ERROR - User not found
2025-01-16 15:35:07,585 - api.v1.auth.service - INFO - a5f8a315-4058-4650-9687-b10871bf667d
2025-01-16 15:35:07,657 - api.v1.auth.service - INFO - User found: <User(name='Ojogu Nkang', role='<Role(name='RoleEnum.ADMIN')>')>
2025-01-16 15:35:07,908 - api.v1.auth.service - INFO - User found: <User(name='Ojogu Nkang', role='<Role(name='RoleEnum.ADMIN')>')>
2025-01-16 15:35:07,911 - api.v1.auth.service - INFO - Parsed user role: ADMIN
2025-01-16 15:35:07,915 - api.v1.auth.service - INFO - Permission granted for role: ADMIN
2025-01-16 15:35:07,922 - api.v1.auth.service - INFO - a5f8a315-4058-4650-9687-b10871bf667d
2025-01-16 15:35:08,099 - api.v1.auth.service - INFO - User found: <User(name='Ojogu Nkang', role='<Role(name='RoleEnum.ADMIN')>')>
2025-01-16 15:35:09,988 - api.v1.auth.service - INFO - Checking role permission for user
2025-01-16 15:35:09,992 - api.v1.auth.service - INFO - Normalized required roles: ['ADMIN', 'SUBADMIN']
2025-01-16 15:35:09,995 - api.v1.auth.service - INFO - a5f8a315-4058-4650-9687-b10871bf667d
2025-01-16 15:35:10,467 - api.v1.auth.service - INFO - User found: <User(name='Ojogu Nkang', role='<Role(name='RoleEnum.ADMIN')>')>
2025-01-16 15:35:10,471 - api.v1.auth.service - INFO - Parsed user role: ADMIN
2025-01-16 15:35:10,474 - api.v1.auth.service - INFO - Permission granted for role: ADMIN
2025-01-16 15:35:10,486 - api.v1.auth.service - INFO - a5f8a315-4058-4650-9687-b10871bf667d
2025-01-16 15:35:10,673 - api.v1.auth.service - INFO - User found: <User(name='Ojogu Nkang', role='<Role(name='RoleEnum.ADMIN')>')>
2025-01-16 15:36:35,630 - api.v1.auth.service - INFO - Checking role permission for user
2025-01-16 15:36:35,633 - api.v1.auth.service - INFO - Checking role permission for user
2025-01-16 15:36:35,638 - api.v1.auth.service - INFO - Normalized required roles: ['SUPERADMIN', 'ADMIN']
2025-01-16 15:36:35,640 - api.v1.auth.service - INFO - Normalized required roles: ['SUPERADMIN', 'ADMIN']
2025-01-16 15:36:35,642 - api.v1.auth.service - INFO - a5f8a315-4058-4650-9687-b10871bf667d
2025-01-16 15:36:35,644 - api.v1.auth.service - INFO - a5f8a315-4058-4650-9687-b10871bf667d
2025-01-16 15:36:35,957 - api.v1.auth.service - INFO - User found: None
2025-01-16 15:36:35,961 - api.v1.auth.service - ERROR - User not found
2025-01-16 15:36:35,965 - api.v1.auth.service - INFO - a5f8a315-4058-4650-9687-b10871bf667d
2025-01-16 15:36:35,968 - api.v1.auth.service - INFO - User found: None
2025-01-16 15:36:35,974 - api.v1.auth.service - ERROR - User not found
2025-01-16 15:36:35,978 - api.v1.auth.service - INFO - a5f8a315-4058-4650-9687-b10871bf667d
2025-01-16 15:36:36,294 - api.v1.auth.service - INFO - User found: <User(name='Ojogu Nkang', role='<Role(name='RoleEnum.ADMIN')>')>
2025-01-16 15:36:36,296 - api.v1.auth.service - INFO - Checking role permission for user
2025-01-16 15:36:36,301 - api.v1.auth.service - INFO - Parsed user role: ADMIN
2025-01-16 15:36:36,301 - api.v1.auth.service - INFO - Normalized required roles: ['SUPERADMIN', 'ADMIN', 'BURSAR', 'SUBADMIN', 'STUDENT']
2025-01-16 15:36:36,305 - api.v1.auth.service - INFO - Permission granted for role: ADMIN
2025-01-16 15:36:36,306 - api.v1.auth.service - INFO - a5f8a315-4058-4650-9687-b10871bf667d
2025-01-16 15:36:36,316 - api.v1.auth.service - INFO - User found: <User(name='Ojogu Nkang', role='<Role(name='RoleEnum.ADMIN')>')>
2025-01-16 15:36:36,317 - api.v1.auth.service - INFO - a5f8a315-4058-4650-9687-b10871bf667d
2025-01-16 15:36:36,321 - api.v1.auth.service - INFO - Parsed user role: ADMIN
2025-01-16 15:36:36,327 - api.v1.auth.service - INFO - Permission granted for role: ADMIN
2025-01-16 15:36:36,334 - api.v1.auth.service - INFO - a5f8a315-4058-4650-9687-b10871bf667d
2025-01-16 15:36:36,473 - api.v1.auth.service - INFO - User found: <User(name='Ojogu Nkang', role='<Role(name='RoleEnum.ADMIN')>')>
2025-01-16 15:36:36,515 - api.v1.auth.service - INFO - User found: <User(name='Ojogu Nkang', role='<Role(name='RoleEnum.ADMIN')>')>
2025-01-16 15:36:36,620 - api.v1.auth.service - INFO - User found: None
2025-01-16 15:36:36,624 - api.v1.auth.service - ERROR - User not found
2025-01-16 15:36:36,628 - api.v1.auth.service - INFO - a5f8a315-4058-4650-9687-b10871bf667d
2025-01-16 15:36:36,960 - api.v1.auth.service - INFO - User found: <User(name='Ojogu Nkang', role='<Role(name='RoleEnum.ADMIN')>')>
2025-01-16 15:36:36,963 - api.v1.auth.service - INFO - Parsed user role: ADMIN
2025-01-16 15:36:36,967 - api.v1.auth.service - INFO - Permission granted for role: ADMIN
2025-01-16 15:36:36,977 - api.v1.auth.service - INFO - a5f8a315-4058-4650-9687-b10871bf667d
2025-01-16 15:36:37,137 - api.v1.auth.service - INFO - User found: <User(name='Ojogu Nkang', role='<Role(name='RoleEnum.ADMIN')>')>
2025-01-16 15:36:38,197 - api.v1.auth.service - INFO - Checking role permission for user
2025-01-16 15:36:38,200 - api.v1.auth.service - INFO - Normalized required roles: ['SUPERADMIN', 'ADMIN']
2025-01-16 15:36:38,204 - api.v1.auth.service - INFO - a5f8a315-4058-4650-9687-b10871bf667d
2025-01-16 15:36:38,534 - api.v1.auth.service - INFO - User found: None
2025-01-16 15:36:38,537 - api.v1.auth.service - ERROR - User not found
2025-01-16 15:36:38,541 - api.v1.auth.service - INFO - a5f8a315-4058-4650-9687-b10871bf667d
2025-01-16 15:36:38,862 - api.v1.auth.service - INFO - User found: <User(name='Ojogu Nkang', role='<Role(name='RoleEnum.ADMIN')>')>
2025-01-16 15:36:38,866 - api.v1.auth.service - INFO - Parsed user role: ADMIN
2025-01-16 15:36:38,870 - api.v1.auth.service - INFO - Permission granted for role: ADMIN
2025-01-16 15:36:38,877 - api.v1.auth.service - INFO - a5f8a315-4058-4650-9687-b10871bf667d
2025-01-16 15:36:39,056 - api.v1.auth.service - INFO - User found: <User(name='Ojogu Nkang', role='<Role(name='RoleEnum.ADMIN')>')>
2025-01-16 15:36:41,711 - api.v1.auth.service - INFO - Checking role permission for user
2025-01-16 15:36:41,715 - api.v1.auth.service - INFO - Normalized required roles: ['ADMIN', 'SUBADMIN']
2025-01-16 15:36:41,719 - api.v1.auth.service - INFO - a5f8a315-4058-4650-9687-b10871bf667d
2025-01-16 15:36:42,220 - api.v1.auth.service - INFO - User found: <User(name='Ojogu Nkang', role='<Role(name='RoleEnum.ADMIN')>')>
2025-01-16 15:36:42,224 - api.v1.auth.service - INFO - Parsed user role: ADMIN
2025-01-16 15:36:42,227 - api.v1.auth.service - INFO - Permission granted for role: ADMIN
2025-01-16 15:36:42,237 - api.v1.auth.service - INFO - a5f8a315-4058-4650-9687-b10871bf667d
2025-01-16 15:36:42,422 - api.v1.auth.service - INFO - User found: <User(name='Ojogu Nkang', role='<Role(name='RoleEnum.ADMIN')>')>
2025-01-16 15:37:51,034 - api.v1.auth.service - INFO - User found: <User(name='Ojogu Nkang', role='<Role(name='RoleEnum.ADMIN')>')>
2025-01-16 15:37:51,671 - api.v1.auth.service - INFO - User authenticated
2025-01-16 15:37:57,718 - api.v1.auth.service - INFO - Checking role permission for user
2025-01-16 15:37:57,721 - api.v1.auth.service - INFO - Checking role permission for user
2025-01-16 15:37:57,725 - api.v1.auth.service - INFO - Normalized required roles: ['SUPERADMIN', 'ADMIN']
2025-01-16 15:37:57,727 - api.v1.auth.service - INFO - Normalized required roles: ['SUPERADMIN', 'ADMIN']
2025-01-16 15:37:57,730 - api.v1.auth.service - INFO - a5f8a315-4058-4650-9687-b10871bf667d
2025-01-16 15:37:57,732 - api.v1.auth.service - INFO - a5f8a315-4058-4650-9687-b10871bf667d
2025-01-16 15:37:58,060 - api.v1.auth.service - INFO - User found: None
2025-01-16 15:37:58,063 - api.v1.auth.service - ERROR - User not found
2025-01-16 15:37:58,066 - api.v1.auth.service - INFO - a5f8a315-4058-4650-9687-b10871bf667d
2025-01-16 15:37:58,085 - api.v1.auth.service - INFO - User found: None
2025-01-16 15:37:58,091 - api.v1.auth.service - ERROR - User not found
2025-01-16 15:37:58,096 - api.v1.auth.service - INFO - a5f8a315-4058-4650-9687-b10871bf667d
2025-01-16 15:37:58,427 - api.v1.auth.service - INFO - User found: <User(name='Ojogu Nkang', role='<Role(name='RoleEnum.ADMIN')>')>
2025-01-16 15:37:58,431 - api.v1.auth.service - INFO - User found: <User(name='Ojogu Nkang', role='<Role(name='RoleEnum.ADMIN')>')>
2025-01-16 15:37:58,433 - api.v1.auth.service - INFO - Parsed user role: ADMIN
2025-01-16 15:37:58,436 - api.v1.auth.service - INFO - Parsed user role: ADMIN
2025-01-16 15:37:58,439 - api.v1.auth.service - INFO - Permission granted for role: ADMIN
2025-01-16 15:37:58,442 - api.v1.auth.service - INFO - Permission granted for role: ADMIN
2025-01-16 15:37:58,451 - api.v1.auth.service - INFO - a5f8a315-4058-4650-9687-b10871bf667d
2025-01-16 15:37:58,454 - api.v1.auth.service - INFO - a5f8a315-4058-4650-9687-b10871bf667d
2025-01-16 15:37:58,557 - api.v1.auth.service - INFO - Checking role permission for user
2025-01-16 15:37:58,560 - api.v1.auth.service - INFO - Normalized required roles: ['SUPERADMIN', 'ADMIN', 'BURSAR', 'SUBADMIN', 'STUDENT']
2025-01-16 15:37:58,563 - api.v1.auth.service - INFO - a5f8a315-4058-4650-9687-b10871bf667d
2025-01-16 15:37:58,620 - api.v1.auth.service - INFO - User found: <User(name='Ojogu Nkang', role='<Role(name='RoleEnum.ADMIN')>')>
2025-01-16 15:37:58,632 - api.v1.auth.service - INFO - User found: <User(name='Ojogu Nkang', role='<Role(name='RoleEnum.ADMIN')>')>
2025-01-16 15:37:58,935 - api.v1.auth.service - INFO - User found: None
2025-01-16 15:37:58,940 - api.v1.auth.service - ERROR - User not found
2025-01-16 15:37:58,943 - api.v1.auth.service - INFO - a5f8a315-4058-4650-9687-b10871bf667d
2025-01-16 15:37:59,278 - api.v1.auth.service - INFO - User found: <User(name='Ojogu Nkang', role='<Role(name='RoleEnum.ADMIN')>')>
2025-01-16 15:37:59,281 - api.v1.auth.service - INFO - Parsed user role: ADMIN
2025-01-16 15:37:59,284 - api.v1.auth.service - INFO - Permission granted for role: ADMIN
2025-01-16 15:37:59,296 - api.v1.auth.service - INFO - a5f8a315-4058-4650-9687-b10871bf667d
2025-01-16 15:37:59,669 - api.v1.auth.service - INFO - User found: <User(name='Ojogu Nkang', role='<Role(name='RoleEnum.ADMIN')>')>
2025-01-16 15:37:59,910 - api.v1.auth.service - INFO - Checking role permission for user
2025-01-16 15:37:59,913 - api.v1.auth.service - INFO - Normalized required roles: ['SUPERADMIN', 'ADMIN']
2025-01-16 15:37:59,917 - api.v1.auth.service - INFO - a5f8a315-4058-4650-9687-b10871bf667d
2025-01-16 15:38:00,251 - api.v1.auth.service - INFO - User found: None
2025-01-16 15:38:00,257 - api.v1.auth.service - ERROR - User not found
2025-01-16 15:38:00,261 - api.v1.auth.service - INFO - a5f8a315-4058-4650-9687-b10871bf667d
2025-01-16 15:38:00,590 - api.v1.auth.service - INFO - User found: <User(name='Ojogu Nkang', role='<Role(name='RoleEnum.ADMIN')>')>
2025-01-16 15:38:00,595 - api.v1.auth.service - INFO - Parsed user role: ADMIN
2025-01-16 15:38:00,598 - api.v1.auth.service - INFO - Permission granted for role: ADMIN
2025-01-16 15:38:00,606 - api.v1.auth.service - INFO - a5f8a315-4058-4650-9687-b10871bf667d
2025-01-16 15:38:00,796 - api.v1.auth.service - INFO - User found: <User(name='Ojogu Nkang', role='<Role(name='RoleEnum.ADMIN')>')>
2025-01-16 15:38:00,850 - api.v1.auth.service - INFO - Checking role permission for user
2025-01-16 15:38:00,855 - api.v1.auth.service - INFO - Normalized required roles: ['SUPERADMIN', 'ADMIN']
2025-01-16 15:38:00,858 - api.v1.auth.service - INFO - a5f8a315-4058-4650-9687-b10871bf667d
2025-01-16 15:38:01,204 - api.v1.auth.service - INFO - User found: None
2025-01-16 15:38:01,207 - api.v1.auth.service - ERROR - User not found
2025-01-16 15:38:01,213 - api.v1.auth.service - INFO - a5f8a315-4058-4650-9687-b10871bf667d
2025-01-16 15:38:01,538 - api.v1.auth.service - INFO - User found: <User(name='Ojogu Nkang', role='<Role(name='RoleEnum.ADMIN')>')>
2025-01-16 15:38:01,542 - api.v1.auth.service - INFO - Parsed user role: ADMIN
2025-01-16 15:38:01,546 - api.v1.auth.service - INFO - Permission granted for role: ADMIN
2025-01-16 15:38:01,555 - api.v1.auth.service - INFO - a5f8a315-4058-4650-9687-b10871bf667d
2025-01-16 15:38:01,766 - api.v1.auth.service - INFO - User found: <User(name='Ojogu Nkang', role='<Role(name='RoleEnum.ADMIN')>')>
2025-01-16 15:38:05,628 - api.v1.auth.service - INFO - Checking role permission for user
2025-01-16 15:38:05,632 - api.v1.auth.service - INFO - Normalized required roles: ['ADMIN', 'SUBADMIN']
2025-01-16 15:38:05,637 - api.v1.auth.service - INFO - a5f8a315-4058-4650-9687-b10871bf667d
2025-01-16 15:38:06,232 - api.v1.auth.service - INFO - User found: <User(name='Ojogu Nkang', role='<Role(name='RoleEnum.ADMIN')>')>
2025-01-16 15:38:06,235 - api.v1.auth.service - INFO - Parsed user role: ADMIN
2025-01-16 15:38:06,240 - api.v1.auth.service - INFO - Permission granted for role: ADMIN
2025-01-16 15:38:06,247 - api.v1.auth.service - INFO - a5f8a315-4058-4650-9687-b10871bf667d
2025-01-16 15:38:06,440 - api.v1.auth.service - INFO - User found: <User(name='Ojogu Nkang', role='<Role(name='RoleEnum.ADMIN')>')>
2025-01-16 15:39:09,908 - api.v1.auth.service - INFO - Checking role permission for user
2025-01-16 15:39:09,912 - api.v1.auth.service - INFO - Normalized required roles: ['ADMIN', 'SUBADMIN']
2025-01-16 15:39:09,915 - api.v1.auth.service - INFO - a5f8a315-4058-4650-9687-b10871bf667d
2025-01-16 15:39:10,417 - api.v1.auth.service - INFO - User found: <User(name='Ojogu Nkang', role='<Role(name='RoleEnum.ADMIN')>')>
2025-01-16 15:39:10,423 - api.v1.auth.service - INFO - Parsed user role: ADMIN
2025-01-16 15:39:10,427 - api.v1.auth.service - INFO - Permission granted for role: ADMIN
2025-01-16 15:39:10,494 - api.v1.auth.service - INFO - a5f8a315-4058-4650-9687-b10871bf667d
2025-01-16 15:39:10,642 - api.v1.auth.service - INFO - User found: <User(name='Ojogu Nkang', role='<Role(name='RoleEnum.ADMIN')>')>
2025-01-16 15:39:26,324 - api.v1.auth.service - INFO - Checking role permission for user
2025-01-16 15:39:26,328 - api.v1.auth.service - INFO - Normalized required roles: ['SUPERADMIN', 'ADMIN']
2025-01-16 15:39:26,330 - api.v1.auth.service - INFO - a5f8a315-4058-4650-9687-b10871bf667d
2025-01-16 15:39:26,577 - api.v1.auth.service - INFO - Checking role permission for user
2025-01-16 15:39:26,581 - api.v1.auth.service - INFO - Normalized required roles: ['SUPERADMIN', 'ADMIN', 'BURSAR', 'SUBADMIN', 'STUDENT']
2025-01-16 15:39:26,584 - api.v1.auth.service - INFO - a5f8a315-4058-4650-9687-b10871bf667d
2025-01-16 15:39:26,694 - api.v1.auth.service - INFO - User found: None
2025-01-16 15:39:26,699 - api.v1.auth.service - ERROR - User not found
2025-01-16 15:39:26,702 - api.v1.auth.service - INFO - a5f8a315-4058-4650-9687-b10871bf667d
2025-01-16 15:39:26,823 - api.v1.auth.service - INFO - Checking role permission for user
2025-01-16 15:39:26,826 - api.v1.auth.service - INFO - Normalized required roles: ['SUPERADMIN', 'ADMIN']
2025-01-16 15:39:26,832 - api.v1.auth.service - INFO - a5f8a315-4058-4650-9687-b10871bf667d
2025-01-16 15:39:26,904 - api.v1.auth.service - INFO - User found: None
2025-01-16 15:39:26,908 - api.v1.auth.service - ERROR - User not found
2025-01-16 15:39:26,912 - api.v1.auth.service - INFO - a5f8a315-4058-4650-9687-b10871bf667d
2025-01-16 15:39:27,020 - api.v1.auth.service - INFO - User found: <User(name='Ojogu Nkang', role='<Role(name='RoleEnum.ADMIN')>')>
2025-01-16 15:39:27,024 - api.v1.auth.service - INFO - Parsed user role: ADMIN
2025-01-16 15:39:27,027 - api.v1.auth.service - INFO - Permission granted for role: ADMIN
2025-01-16 15:39:27,034 - api.v1.auth.service - INFO - a5f8a315-4058-4650-9687-b10871bf667d
2025-01-16 15:39:27,156 - api.v1.auth.service - INFO - User found: None
2025-01-16 15:39:27,159 - api.v1.auth.service - ERROR - User not found
2025-01-16 15:39:27,162 - api.v1.auth.service - INFO - a5f8a315-4058-4650-9687-b10871bf667d
2025-01-16 15:39:27,208 - api.v1.auth.service - INFO - User found: <User(name='Ojogu Nkang', role='<Role(name='RoleEnum.ADMIN')>')>
2025-01-16 15:39:27,230 - api.v1.auth.service - INFO - User found: <User(name='Ojogu Nkang', role='<Role(name='RoleEnum.ADMIN')>')>
2025-01-16 15:39:27,233 - api.v1.auth.service - INFO - Parsed user role: ADMIN
2025-01-16 15:39:27,238 - api.v1.auth.service - INFO - Permission granted for role: ADMIN
2025-01-16 15:39:27,246 - api.v1.auth.service - INFO - a5f8a315-4058-4650-9687-b10871bf667d
2025-01-16 15:39:27,410 - api.v1.auth.service - INFO - User found: <User(name='Ojogu Nkang', role='<Role(name='RoleEnum.ADMIN')>')>
2025-01-16 15:39:27,463 - api.v1.auth.service - INFO - Checking role permission for user
2025-01-16 15:39:27,465 - api.v1.auth.service - INFO - Normalized required roles: ['SUPERADMIN', 'ADMIN']
2025-01-16 15:39:27,469 - api.v1.auth.service - INFO - a5f8a315-4058-4650-9687-b10871bf667d
2025-01-16 15:39:27,484 - api.v1.auth.service - INFO - User found: <User(name='Ojogu Nkang', role='<Role(name='RoleEnum.ADMIN')>')>
2025-01-16 15:39:27,488 - api.v1.auth.service - INFO - Parsed user role: ADMIN
2025-01-16 15:39:27,492 - api.v1.auth.service - INFO - Permission granted for role: ADMIN
2025-01-16 15:39:27,500 - api.v1.auth.service - INFO - a5f8a315-4058-4650-9687-b10871bf667d
2025-01-16 15:39:27,652 - api.v1.auth.service - INFO - User found: <User(name='Ojogu Nkang', role='<Role(name='RoleEnum.ADMIN')>')>
2025-01-16 15:39:29,346 - api.v1.auth.service - INFO - Checking role permission for user
2025-01-16 15:39:29,349 - api.v1.auth.service - INFO - Normalized required roles: ['SUPERADMIN', 'ADMIN']
2025-01-16 15:39:29,353 - api.v1.auth.service - INFO - a5f8a315-4058-4650-9687-b10871bf667d
2025-01-16 15:39:29,541 - api.v1.auth.service - INFO - User found: None
2025-01-16 15:39:29,544 - api.v1.auth.service - ERROR - User not found
2025-01-16 15:39:29,547 - api.v1.auth.service - INFO - a5f8a315-4058-4650-9687-b10871bf667d
2025-01-16 15:39:29,674 - api.v1.auth.service - INFO - User found: None
2025-01-16 15:39:29,677 - api.v1.auth.service - ERROR - User not found
2025-01-16 15:39:29,681 - api.v1.auth.service - INFO - a5f8a315-4058-4650-9687-b10871bf667d
2025-01-16 15:39:29,893 - api.v1.auth.service - INFO - User found: <User(name='Ojogu Nkang', role='<Role(name='RoleEnum.ADMIN')>')>
2025-01-16 15:39:29,896 - api.v1.auth.service - INFO - Parsed user role: ADMIN
2025-01-16 15:39:29,899 - api.v1.auth.service - INFO - Permission granted for role: ADMIN
2025-01-16 15:39:29,906 - api.v1.auth.service - INFO - a5f8a315-4058-4650-9687-b10871bf667d
2025-01-16 15:39:30,102 - api.v1.auth.service - INFO - User found: <User(name='Ojogu Nkang', role='<Role(name='RoleEnum.ADMIN')>')>
2025-01-16 15:39:30,103 - api.v1.auth.service - INFO - User found: <User(name='Ojogu Nkang', role='<Role(name='RoleEnum.ADMIN')>')>
2025-01-16 15:39:30,109 - api.v1.auth.service - INFO - Parsed user role: ADMIN
2025-01-16 15:39:30,115 - api.v1.auth.service - INFO - Permission granted for role: ADMIN
2025-01-16 15:39:30,124 - api.v1.auth.service - INFO - a5f8a315-4058-4650-9687-b10871bf667d
2025-01-16 15:39:30,298 - api.v1.auth.service - INFO - User found: <User(name='Ojogu Nkang', role='<Role(name='RoleEnum.ADMIN')>')>
2025-01-16 15:39:34,144 - api.v1.auth.service - INFO - Checking role permission for user
2025-01-16 15:39:34,148 - api.v1.auth.service - INFO - Normalized required roles: ['ADMIN', 'SUBADMIN']
2025-01-16 15:39:34,151 - api.v1.auth.service - INFO - a5f8a315-4058-4650-9687-b10871bf667d
2025-01-16 15:39:34,649 - api.v1.auth.service - INFO - User found: <User(name='Ojogu Nkang', role='<Role(name='RoleEnum.ADMIN')>')>
2025-01-16 15:39:34,654 - api.v1.auth.service - INFO - Parsed user role: ADMIN
2025-01-16 15:39:34,658 - api.v1.auth.service - INFO - Permission granted for role: ADMIN
2025-01-16 15:39:34,665 - api.v1.auth.service - INFO - a5f8a315-4058-4650-9687-b10871bf667d
2025-01-16 15:39:34,830 - api.v1.auth.service - INFO - User found: <User(name='Ojogu Nkang', role='<Role(name='RoleEnum.ADMIN')>')>
2025-01-16 15:41:51,944 - api.v1.auth.service - INFO - Checking role permission for user
2025-01-16 15:41:51,948 - api.v1.auth.service - INFO - Normalized required roles: ['SUPERADMIN', 'ADMIN', 'BURSAR', 'SUBADMIN', 'STUDENT']
2025-01-16 15:41:51,952 - api.v1.auth.service - INFO - Checking role permission for user
2025-01-16 15:41:51,955 - api.v1.auth.service - INFO - a5f8a315-4058-4650-9687-b10871bf667d
2025-01-16 15:41:51,956 - api.v1.auth.service - INFO - Normalized required roles: ['SUPERADMIN', 'ADMIN']
2025-01-16 15:41:51,964 - api.v1.auth.service - INFO - a5f8a315-4058-4650-9687-b10871bf667d
2025-01-16 15:41:52,184 - api.v1.auth.service - INFO - Checking role permission for user
2025-01-16 15:41:52,188 - api.v1.auth.service - INFO - Normalized required roles: ['SUPERADMIN', 'ADMIN']
2025-01-16 15:41:52,192 - api.v1.auth.service - INFO - a5f8a315-4058-4650-9687-b10871bf667d
2025-01-16 15:41:52,306 - api.v1.auth.service - INFO - User found: None
2025-01-16 15:41:52,312 - api.v1.auth.service - ERROR - User not found
2025-01-16 15:41:52,315 - api.v1.auth.service - INFO - a5f8a315-4058-4650-9687-b10871bf667d
2025-01-16 15:41:52,316 - api.v1.auth.service - INFO - User found: None
2025-01-16 15:41:52,320 - api.v1.auth.service - ERROR - User not found
2025-01-16 15:41:52,323 - api.v1.auth.service - INFO - a5f8a315-4058-4650-9687-b10871bf667d
2025-01-16 15:41:52,708 - api.v1.auth.service - INFO - User found: <User(name='Ojogu Nkang', role='<Role(name='RoleEnum.ADMIN')>')>
2025-01-16 15:41:52,713 - api.v1.auth.service - INFO - Parsed user role: ADMIN
2025-01-16 15:41:52,717 - api.v1.auth.service - INFO - Permission granted for role: ADMIN
2025-01-16 15:41:52,724 - api.v1.auth.service - INFO - a5f8a315-4058-4650-9687-b10871bf667d
2025-01-16 15:41:52,731 - api.v1.auth.service - INFO - User found: <User(name='Ojogu Nkang', role='<Role(name='RoleEnum.ADMIN')>')>
2025-01-16 15:41:52,733 - api.v1.auth.service - INFO - User found: None
2025-01-16 15:41:52,736 - api.v1.auth.service - INFO - Parsed user role: ADMIN
2025-01-16 15:41:52,739 - api.v1.auth.service - ERROR - User not found
2025-01-16 15:41:52,743 - api.v1.auth.service - INFO - Permission granted for role: ADMIN
2025-01-16 15:41:52,746 - api.v1.auth.service - INFO - a5f8a315-4058-4650-9687-b10871bf667d
2025-01-16 15:41:52,757 - api.v1.auth.service - INFO - a5f8a315-4058-4650-9687-b10871bf667d
2025-01-16 15:41:52,874 - api.v1.auth.service - INFO - User found: <User(name='Ojogu Nkang', role='<Role(name='RoleEnum.ADMIN')>')>
2025-01-16 15:41:52,941 - api.v1.auth.service - INFO - User found: <User(name='Ojogu Nkang', role='<Role(name='RoleEnum.ADMIN')>')>
2025-01-16 15:41:52,994 - api.v1.auth.service - INFO - Checking role permission for user
2025-01-16 15:41:52,998 - api.v1.auth.service - INFO - Normalized required roles: ['SUPERADMIN', 'ADMIN']
2025-01-16 15:41:53,002 - api.v1.auth.service - INFO - a5f8a315-4058-4650-9687-b10871bf667d
2025-01-16 15:41:53,093 - api.v1.auth.service - INFO - User found: <User(name='Ojogu Nkang', role='<Role(name='RoleEnum.ADMIN')>')>
2025-01-16 15:41:53,097 - api.v1.auth.service - INFO - Parsed user role: ADMIN
2025-01-16 15:41:53,102 - api.v1.auth.service - INFO - Permission granted for role: ADMIN
2025-01-16 15:41:53,109 - api.v1.auth.service - INFO - a5f8a315-4058-4650-9687-b10871bf667d
2025-01-16 15:41:53,276 - api.v1.auth.service - INFO - User found: <User(name='Ojogu Nkang', role='<Role(name='RoleEnum.ADMIN')>')>
2025-01-16 15:41:53,339 - api.v1.auth.service - INFO - User found: None
2025-01-16 15:41:53,346 - api.v1.auth.service - ERROR - User not found
2025-01-16 15:41:53,350 - api.v1.auth.service - INFO - a5f8a315-4058-4650-9687-b10871bf667d
2025-01-16 15:41:53,929 - api.v1.auth.service - INFO - User found: <User(name='Ojogu Nkang', role='<Role(name='RoleEnum.ADMIN')>')>
2025-01-16 15:41:53,939 - api.v1.auth.service - INFO - Parsed user role: ADMIN
2025-01-16 15:41:53,944 - api.v1.auth.service - INFO - Permission granted for role: ADMIN
2025-01-16 15:41:53,951 - api.v1.auth.service - INFO - a5f8a315-4058-4650-9687-b10871bf667d
2025-01-16 15:41:54,128 - api.v1.auth.service - INFO - User found: <User(name='Ojogu Nkang', role='<Role(name='RoleEnum.ADMIN')>')>
2025-01-16 15:41:56,506 - api.v1.auth.service - INFO - Checking role permission for user
2025-01-16 15:41:56,510 - api.v1.auth.service - INFO - Normalized required roles: ['SUPERADMIN', 'ADMIN']
2025-01-16 15:41:56,515 - api.v1.auth.service - INFO - a5f8a315-4058-4650-9687-b10871bf667d
2025-01-16 15:41:56,810 - api.v1.auth.service - INFO - User found: None
2025-01-16 15:41:56,813 - api.v1.auth.service - ERROR - User not found
2025-01-16 15:41:56,817 - api.v1.auth.service - INFO - a5f8a315-4058-4650-9687-b10871bf667d
2025-01-16 15:41:57,145 - api.v1.auth.service - INFO - User found: <User(name='Ojogu Nkang', role='<Role(name='RoleEnum.ADMIN')>')>
2025-01-16 15:41:57,147 - api.v1.auth.service - INFO - Parsed user role: ADMIN
2025-01-16 15:41:57,150 - api.v1.auth.service - INFO - Permission granted for role: ADMIN
2025-01-16 15:41:57,155 - api.v1.auth.service - INFO - a5f8a315-4058-4650-9687-b10871bf667d
2025-01-16 15:41:58,187 - api.v1.auth.service - INFO - User found: <User(name='Ojogu Nkang', role='<Role(name='RoleEnum.ADMIN')>')>
2025-01-16 15:42:42,828 - api.v1.auth.service - INFO - Checking role permission for user
2025-01-16 15:42:42,831 - api.v1.auth.service - INFO - Normalized required roles: ['SUPERADMIN', 'ADMIN']
2025-01-16 15:42:42,834 - api.v1.auth.service - INFO - a5f8a315-4058-4650-9687-b10871bf667d
2025-01-16 15:42:43,021 - api.v1.auth.service - INFO - Checking role permission for user
2025-01-16 15:42:43,023 - api.v1.auth.service - INFO - Checking role permission for user
2025-01-16 15:42:43,026 - api.v1.auth.service - INFO - Normalized required roles: ['SUPERADMIN', 'ADMIN']
2025-01-16 15:42:43,027 - api.v1.auth.service - INFO - Normalized required roles: ['SUPERADMIN', 'ADMIN']
2025-01-16 15:42:43,031 - api.v1.auth.service - INFO - a5f8a315-4058-4650-9687-b10871bf667d
2025-01-16 15:42:43,032 - api.v1.auth.service - INFO - a5f8a315-4058-4650-9687-b10871bf667d
2025-01-16 15:42:43,062 - api.v1.auth.service - INFO - Checking role permission for user
2025-01-16 15:42:43,064 - api.v1.auth.service - INFO - Normalized required roles: ['SUPERADMIN', 'ADMIN', 'BURSAR', 'SUBADMIN', 'STUDENT']
2025-01-16 15:42:43,067 - api.v1.auth.service - INFO - a5f8a315-4058-4650-9687-b10871bf667d
2025-01-16 15:42:43,141 - api.v1.auth.service - INFO - User found: None
2025-01-16 15:42:43,144 - api.v1.auth.service - ERROR - User not found
2025-01-16 15:42:43,147 - api.v1.auth.service - INFO - a5f8a315-4058-4650-9687-b10871bf667d
2025-01-16 15:42:43,365 - api.v1.auth.service - INFO - User found: None
2025-01-16 15:42:43,365 - api.v1.auth.service - INFO - User found: None
2025-01-16 15:42:43,368 - api.v1.auth.service - ERROR - User not found
2025-01-16 15:42:43,369 - api.v1.auth.service - ERROR - User not found
2025-01-16 15:42:43,371 - api.v1.auth.service - INFO - a5f8a315-4058-4650-9687-b10871bf667d
2025-01-16 15:42:43,372 - api.v1.auth.service - INFO - a5f8a315-4058-4650-9687-b10871bf667d
2025-01-16 15:42:43,374 - api.v1.auth.service - INFO - User found: None
2025-01-16 15:42:43,381 - api.v1.auth.service - ERROR - User not found
2025-01-16 15:42:43,384 - api.v1.auth.service - INFO - a5f8a315-4058-4650-9687-b10871bf667d
2025-01-16 15:42:43,470 - api.v1.auth.service - INFO - User found: <User(name='Ojogu Nkang', role='<Role(name='RoleEnum.ADMIN')>')>
2025-01-16 15:42:43,472 - api.v1.auth.service - INFO - Parsed user role: ADMIN
2025-01-16 15:42:43,475 - api.v1.auth.service - INFO - Permission granted for role: ADMIN
2025-01-16 15:42:43,480 - api.v1.auth.service - INFO - a5f8a315-4058-4650-9687-b10871bf667d
2025-01-16 15:42:44,549 - api.v1.auth.service - INFO - User found: <User(name='Ojogu Nkang', role='<Role(name='RoleEnum.ADMIN')>')>
2025-01-16 15:42:44,744 - api.v1.auth.service - INFO - User found: <User(name='Ojogu Nkang', role='<Role(name='RoleEnum.ADMIN')>')>
2025-01-16 15:42:44,747 - api.v1.auth.service - INFO - Parsed user role: ADMIN
2025-01-16 15:42:44,750 - api.v1.auth.service - INFO - Permission granted for role: ADMIN
2025-01-16 15:42:44,755 - api.v1.auth.service - INFO - a5f8a315-4058-4650-9687-b10871bf667d
2025-01-16 15:42:44,768 - api.v1.auth.service - INFO - User found: <User(name='Ojogu Nkang', role='<Role(name='RoleEnum.ADMIN')>')>
2025-01-16 15:42:44,771 - api.v1.auth.service - INFO - Parsed user role: ADMIN
2025-01-16 15:42:44,774 - api.v1.auth.service - INFO - Permission granted for role: ADMIN
2025-01-16 15:42:44,781 - api.v1.auth.service - INFO - a5f8a315-4058-4650-9687-b10871bf667d
2025-01-16 15:42:44,802 - api.v1.auth.service - INFO - User found: <User(name='Ojogu Nkang', role='<Role(name='RoleEnum.ADMIN')>')>
2025-01-16 15:42:44,832 - api.v1.auth.service - INFO - Parsed user role: ADMIN
2025-01-16 15:42:44,838 - api.v1.auth.service - INFO - Permission granted for role: ADMIN
2025-01-16 15:42:44,848 - api.v1.auth.service - INFO - a5f8a315-4058-4650-9687-b10871bf667d
2025-01-16 15:42:44,942 - api.v1.auth.service - INFO - User found: <User(name='Ojogu Nkang', role='<Role(name='RoleEnum.ADMIN')>')>
2025-01-16 15:42:44,948 - api.v1.auth.service - INFO - User found: <User(name='Ojogu Nkang', role='<Role(name='RoleEnum.ADMIN')>')>
2025-01-16 15:42:45,052 - api.v1.auth.service - INFO - User found: <User(name='Ojogu Nkang', role='<Role(name='RoleEnum.ADMIN')>')>
2025-01-16 15:42:59,132 - api.v1.auth.service - INFO - Checking role permission for user
2025-01-16 15:42:59,133 - api.v1.auth.service - INFO - Checking role permission for user
2025-01-16 15:42:59,155 - api.v1.auth.service - INFO - Normalized required roles: ['SUPERADMIN', 'ADMIN']
2025-01-16 15:42:59,156 - api.v1.auth.service - INFO - Normalized required roles: ['SUPERADMIN', 'ADMIN']
2025-01-16 15:42:59,159 - api.v1.auth.service - INFO - a5f8a315-4058-4650-9687-b10871bf667d
2025-01-16 15:42:59,160 - api.v1.auth.service - INFO - a5f8a315-4058-4650-9687-b10871bf667d
2025-01-16 15:42:59,346 - api.v1.auth.service - INFO - Checking role permission for user
2025-01-16 15:42:59,349 - api.v1.auth.service - INFO - Normalized required roles: ['SUPERADMIN', 'ADMIN']
2025-01-16 15:42:59,352 - api.v1.auth.service - INFO - a5f8a315-4058-4650-9687-b10871bf667d
2025-01-16 15:42:59,461 - api.v1.auth.service - INFO - User found: None
2025-01-16 15:42:59,465 - api.v1.auth.service - INFO - User found: None
2025-01-16 15:42:59,465 - api.v1.auth.service - ERROR - User not found
2025-01-16 15:42:59,467 - api.v1.auth.service - ERROR - User not found
2025-01-16 15:42:59,469 - api.v1.auth.service - INFO - a5f8a315-4058-4650-9687-b10871bf667d
2025-01-16 15:42:59,471 - api.v1.auth.service - INFO - a5f8a315-4058-4650-9687-b10871bf667d
2025-01-16 15:42:59,578 - api.v1.auth.service - INFO - Checking role permission for user
2025-01-16 15:42:59,581 - api.v1.auth.service - INFO - Normalized required roles: ['SUPERADMIN', 'ADMIN', 'BURSAR', 'SUBADMIN', 'STUDENT']
2025-01-16 15:42:59,584 - api.v1.auth.service - INFO - a5f8a315-4058-4650-9687-b10871bf667d
2025-01-16 15:42:59,811 - api.v1.auth.service - INFO - User found: <User(name='Ojogu Nkang', role='<Role(name='RoleEnum.ADMIN')>')>
2025-01-16 15:42:59,813 - api.v1.auth.service - INFO - User found: None
2025-01-16 15:42:59,814 - api.v1.auth.service - INFO - User found: <User(name='Ojogu Nkang', role='<Role(name='RoleEnum.ADMIN')>')>
2025-01-16 15:42:59,815 - api.v1.auth.service - INFO - Parsed user role: ADMIN
2025-01-16 15:42:59,818 - api.v1.auth.service - ERROR - User not found
2025-01-16 15:42:59,821 - api.v1.auth.service - INFO - Parsed user role: ADMIN
2025-01-16 15:42:59,823 - api.v1.auth.service - INFO - Permission granted for role: ADMIN
2025-01-16 15:42:59,826 - api.v1.auth.service - INFO - a5f8a315-4058-4650-9687-b10871bf667d
2025-01-16 15:42:59,828 - api.v1.auth.service - INFO - Permission granted for role: ADMIN
2025-01-16 15:42:59,836 - api.v1.auth.service - INFO - a5f8a315-4058-4650-9687-b10871bf667d
2025-01-16 15:42:59,840 - api.v1.auth.service - INFO - a5f8a315-4058-4650-9687-b10871bf667d
2025-01-16 15:42:59,976 - api.v1.auth.service - INFO - User found: None
2025-01-16 15:42:59,987 - api.v1.auth.service - ERROR - User not found
2025-01-16 15:43:00,009 - api.v1.auth.service - INFO - a5f8a315-4058-4650-9687-b10871bf667d
2025-01-16 15:43:00,013 - api.v1.auth.service - INFO - User found: <User(name='Ojogu Nkang', role='<Role(name='RoleEnum.ADMIN')>')>
2025-01-16 15:43:00,016 - api.v1.auth.service - INFO - User found: <User(name='Ojogu Nkang', role='<Role(name='RoleEnum.ADMIN')>')>
2025-01-16 15:43:00,155 - api.v1.auth.service - INFO - User found: <User(name='Ojogu Nkang', role='<Role(name='RoleEnum.ADMIN')>')>
2025-01-16 15:43:00,158 - api.v1.auth.service - INFO - Parsed user role: ADMIN
2025-01-16 15:43:00,166 - api.v1.auth.service - INFO - Permission granted for role: ADMIN
2025-01-16 15:43:00,174 - api.v1.auth.service - INFO - a5f8a315-4058-4650-9687-b10871bf667d
2025-01-16 15:43:00,333 - api.v1.auth.service - INFO - User found: <User(name='Ojogu Nkang', role='<Role(name='RoleEnum.ADMIN')>')>
2025-01-16 15:43:00,369 - api.v1.auth.service - INFO - User found: <User(name='Ojogu Nkang', role='<Role(name='RoleEnum.ADMIN')>')>
2025-01-16 15:43:00,372 - api.v1.auth.service - INFO - Parsed user role: ADMIN
2025-01-16 15:43:00,375 - api.v1.auth.service - INFO - Permission granted for role: ADMIN
2025-01-16 15:43:00,381 - api.v1.auth.service - INFO - a5f8a315-4058-4650-9687-b10871bf667d
2025-01-16 15:43:00,545 - api.v1.auth.service - INFO - User found: <User(name='Ojogu Nkang', role='<Role(name='RoleEnum.ADMIN')>')>
2025-01-16 15:43:03,234 - api.v1.auth.service - INFO - Checking role permission for user
2025-01-16 15:43:03,237 - api.v1.auth.service - INFO - Normalized required roles: ['SUPERADMIN', 'ADMIN']
2025-01-16 15:43:03,244 - api.v1.auth.service - INFO - a5f8a315-4058-4650-9687-b10871bf667d
2025-01-16 15:43:03,302 - api.v1.auth.service - INFO - Checking role permission for user
2025-01-16 15:43:03,458 - api.v1.auth.service - INFO - Normalized required roles: ['SUPERADMIN', 'ADMIN']
2025-01-16 15:43:03,461 - api.v1.auth.service - INFO - a5f8a315-4058-4650-9687-b10871bf667d
2025-01-16 15:43:03,478 - api.v1.auth.service - INFO - Checking role permission for user
2025-01-16 15:43:03,481 - api.v1.auth.service - INFO - Checking role permission for user
2025-01-16 15:43:03,499 - api.v1.auth.service - INFO - Normalized required roles: ['SUPERADMIN', 'ADMIN', 'BURSAR', 'SUBADMIN', 'STUDENT']
2025-01-16 15:43:03,501 - api.v1.auth.service - INFO - Normalized required roles: ['SUPERADMIN', 'ADMIN']
2025-01-16 15:43:03,503 - api.v1.auth.service - INFO - a5f8a315-4058-4650-9687-b10871bf667d
2025-01-16 15:43:03,503 - api.v1.auth.service - INFO - a5f8a315-4058-4650-9687-b10871bf667d
2025-01-16 15:43:03,745 - api.v1.auth.service - INFO - User found: None
2025-01-16 15:43:03,749 - api.v1.auth.service - ERROR - User not found
2025-01-16 15:43:03,751 - api.v1.auth.service - INFO - a5f8a315-4058-4650-9687-b10871bf667d
2025-01-16 15:43:03,763 - api.v1.auth.service - INFO - User found: None
2025-01-16 15:43:03,767 - api.v1.auth.service - ERROR - User not found
2025-01-16 15:43:03,770 - api.v1.auth.service - INFO - a5f8a315-4058-4650-9687-b10871bf667d
2025-01-16 15:43:03,797 - api.v1.auth.service - INFO - User found: None
2025-01-16 15:43:03,803 - api.v1.auth.service - ERROR - User not found
2025-01-16 15:43:03,806 - api.v1.auth.service - INFO - a5f8a315-4058-4650-9687-b10871bf667d
2025-01-16 15:43:03,807 - api.v1.auth.service - INFO - User found: None
2025-01-16 15:43:03,813 - api.v1.auth.service - ERROR - User not found
2025-01-16 15:43:03,816 - api.v1.auth.service - INFO - a5f8a315-4058-4650-9687-b10871bf667d
2025-01-16 15:43:04,053 - api.v1.auth.service - INFO - User found: <User(name='Ojogu Nkang', role='<Role(name='RoleEnum.ADMIN')>')>
2025-01-16 15:43:04,055 - api.v1.auth.service - INFO - Parsed user role: ADMIN
2025-01-16 15:43:04,058 - api.v1.auth.service - INFO - Permission granted for role: ADMIN
2025-01-16 15:43:04,065 - api.v1.auth.service - INFO - a5f8a315-4058-4650-9687-b10871bf667d
2025-01-16 15:43:04,253 - api.v1.auth.service - INFO - User found: <User(name='Ojogu Nkang', role='<Role(name='RoleEnum.ADMIN')>')>
2025-01-16 15:43:04,254 - api.v1.auth.service - INFO - User found: <User(name='Ojogu Nkang', role='<Role(name='RoleEnum.ADMIN')>')>
2025-01-16 15:43:04,255 - api.v1.auth.service - INFO - User found: <User(name='Ojogu Nkang', role='<Role(name='RoleEnum.ADMIN')>')>
2025-01-16 15:43:04,255 - api.v1.auth.service - INFO - User found: <User(name='Ojogu Nkang', role='<Role(name='RoleEnum.ADMIN')>')>
2025-01-16 15:43:04,261 - api.v1.auth.service - INFO - Parsed user role: ADMIN
2025-01-16 15:43:04,266 - api.v1.auth.service - INFO - Parsed user role: ADMIN
2025-01-16 15:43:04,267 - api.v1.auth.service - INFO - Parsed user role: ADMIN
2025-01-16 15:43:04,269 - api.v1.auth.service - INFO - Permission granted for role: ADMIN
2025-01-16 15:43:04,271 - api.v1.auth.service - INFO - Permission granted for role: ADMIN
2025-01-16 15:43:04,272 - api.v1.auth.service - INFO - Permission granted for role: ADMIN
2025-01-16 15:43:04,282 - api.v1.auth.service - INFO - a5f8a315-4058-4650-9687-b10871bf667d
2025-01-16 15:43:04,283 - api.v1.auth.service - INFO - a5f8a315-4058-4650-9687-b10871bf667d
2025-01-16 15:43:04,286 - api.v1.auth.service - INFO - a5f8a315-4058-4650-9687-b10871bf667d
2025-01-16 15:43:04,444 - api.v1.auth.service - INFO - User found: <User(name='Ojogu Nkang', role='<Role(name='RoleEnum.ADMIN')>')>
2025-01-16 15:43:04,444 - api.v1.auth.service - INFO - User found: <User(name='Ojogu Nkang', role='<Role(name='RoleEnum.ADMIN')>')>
2025-01-16 15:43:04,446 - api.v1.auth.service - INFO - User found: <User(name='Ojogu Nkang', role='<Role(name='RoleEnum.ADMIN')>')>
2025-01-16 15:43:09,672 - api.v1.auth.service - INFO - Checking role permission for user
2025-01-16 15:43:09,675 - api.v1.auth.service - INFO - Normalized required roles: ['SUPERADMIN', 'ADMIN']
2025-01-16 15:43:09,678 - api.v1.auth.service - INFO - a5f8a315-4058-4650-9687-b10871bf667d
2025-01-16 15:43:09,889 - api.v1.auth.service - INFO - Checking role permission for user
2025-01-16 15:43:09,891 - api.v1.auth.service - INFO - Checking role permission for user
2025-01-16 15:43:09,892 - api.v1.auth.service - INFO - Checking role permission for user
2025-01-16 15:43:09,897 - api.v1.auth.service - INFO - Normalized required roles: ['SUPERADMIN', 'ADMIN']
2025-01-16 15:43:09,899 - api.v1.auth.service - INFO - Normalized required roles: ['SUPERADMIN', 'ADMIN']
2025-01-16 15:43:09,900 - api.v1.auth.service - INFO - Normalized required roles: ['SUPERADMIN', 'ADMIN', 'BURSAR', 'SUBADMIN', 'STUDENT']
2025-01-16 15:43:09,904 - api.v1.auth.service - INFO - a5f8a315-4058-4650-9687-b10871bf667d
2025-01-16 15:43:09,905 - api.v1.auth.service - INFO - a5f8a315-4058-4650-9687-b10871bf667d
2025-01-16 15:43:09,907 - api.v1.auth.service - INFO - a5f8a315-4058-4650-9687-b10871bf667d
2025-01-16 15:43:09,966 - api.v1.auth.service - INFO - User found: None
2025-01-16 15:43:09,969 - api.v1.auth.service - ERROR - User not found
2025-01-16 15:43:09,972 - api.v1.auth.service - INFO - a5f8a315-4058-4650-9687-b10871bf667d
2025-01-16 15:43:10,238 - api.v1.auth.service - INFO - User found: None
2025-01-16 15:43:10,238 - api.v1.auth.service - INFO - User found: None
2025-01-16 15:43:10,241 - api.v1.auth.service - ERROR - User not found
2025-01-16 15:43:10,242 - api.v1.auth.service - INFO - User found: None
2025-01-16 15:43:10,243 - api.v1.auth.service - ERROR - User not found
2025-01-16 15:43:10,247 - api.v1.auth.service - INFO - a5f8a315-4058-4650-9687-b10871bf667d
2025-01-16 15:43:10,248 - api.v1.auth.service - ERROR - User not found
2025-01-16 15:43:10,249 - api.v1.auth.service - INFO - a5f8a315-4058-4650-9687-b10871bf667d
2025-01-16 15:43:10,255 - api.v1.auth.service - INFO - a5f8a315-4058-4650-9687-b10871bf667d
2025-01-16 15:43:10,319 - api.v1.auth.service - INFO - User found: <User(name='Ojogu Nkang', role='<Role(name='RoleEnum.ADMIN')>')>
2025-01-16 15:43:10,321 - api.v1.auth.service - INFO - Parsed user role: ADMIN
2025-01-16 15:43:10,323 - api.v1.auth.service - INFO - Permission granted for role: ADMIN
2025-01-16 15:43:10,330 - api.v1.auth.service - INFO - a5f8a315-4058-4650-9687-b10871bf667d
2025-01-16 15:43:10,528 - api.v1.auth.service - INFO - User found: <User(name='Ojogu Nkang', role='<Role(name='RoleEnum.ADMIN')>')>
2025-01-16 15:43:10,570 - api.v1.auth.service - INFO - User found: <User(name='Ojogu Nkang', role='<Role(name='RoleEnum.ADMIN')>')>
2025-01-16 15:43:10,570 - api.v1.auth.service - INFO - User found: <User(name='Ojogu Nkang', role='<Role(name='RoleEnum.ADMIN')>')>
2025-01-16 15:43:10,574 - api.v1.auth.service - INFO - Parsed user role: ADMIN
2025-01-16 15:43:10,575 - api.v1.auth.service - INFO - User found: <User(name='Ojogu Nkang', role='<Role(name='RoleEnum.ADMIN')>')>
2025-01-16 15:43:10,575 - api.v1.auth.service - INFO - Parsed user role: ADMIN
2025-01-16 15:43:10,578 - api.v1.auth.service - INFO - Permission granted for role: ADMIN
2025-01-16 15:43:10,579 - api.v1.auth.service - INFO - Parsed user role: ADMIN
2025-01-16 15:43:10,582 - api.v1.auth.service - INFO - Permission granted for role: ADMIN
2025-01-16 15:43:10,586 - api.v1.auth.service - INFO - Permission granted for role: ADMIN
2025-01-16 15:43:10,588 - api.v1.auth.service - INFO - a5f8a315-4058-4650-9687-b10871bf667d
2025-01-16 15:43:10,591 - api.v1.auth.service - INFO - a5f8a315-4058-4650-9687-b10871bf667d
2025-01-16 15:43:10,598 - api.v1.auth.service - INFO - a5f8a315-4058-4650-9687-b10871bf667d
2025-01-16 15:43:10,752 - api.v1.auth.service - INFO - User found: <User(name='Ojogu Nkang', role='<Role(name='RoleEnum.ADMIN')>')>
2025-01-16 15:43:10,753 - api.v1.auth.service - INFO - User found: <User(name='Ojogu Nkang', role='<Role(name='RoleEnum.ADMIN')>')>
2025-01-16 15:43:10,787 - api.v1.auth.service - INFO - User found: <User(name='Ojogu Nkang', role='<Role(name='RoleEnum.ADMIN')>')>
2025-01-16 15:43:34,632 - api.v1.auth.service - INFO - Checking role permission for user
2025-01-16 15:43:34,635 - api.v1.auth.service - INFO - Checking role permission for user
2025-01-16 15:43:34,639 - api.v1.auth.service - INFO - Normalized required roles: ['SUPERADMIN', 'ADMIN']
2025-01-16 15:43:34,640 - api.v1.auth.service - INFO - Normalized required roles: ['SUPERADMIN', 'ADMIN']
2025-01-16 15:43:34,642 - api.v1.auth.service - INFO - a5f8a315-4058-4650-9687-b10871bf667d
2025-01-16 15:43:34,643 - api.v1.auth.service - INFO - a5f8a315-4058-4650-9687-b10871bf667d
2025-01-16 15:43:34,895 - api.v1.auth.service - INFO - Checking role permission for user
2025-01-16 15:43:34,898 - api.v1.auth.service - INFO - Normalized required roles: ['SUPERADMIN', 'ADMIN', 'BURSAR', 'SUBADMIN', 'STUDENT']
2025-01-16 15:43:34,901 - api.v1.auth.service - INFO - a5f8a315-4058-4650-9687-b10871bf667d
2025-01-16 15:43:34,993 - api.v1.auth.service - INFO - User found: None
2025-01-16 15:43:34,996 - api.v1.auth.service - ERROR - User not found
2025-01-16 15:43:34,998 - api.v1.auth.service - INFO - a5f8a315-4058-4650-9687-b10871bf667d
2025-01-16 15:43:35,051 - api.v1.auth.service - INFO - User found: None
2025-01-16 15:43:35,054 - api.v1.auth.service - ERROR - User not found
2025-01-16 15:43:35,057 - api.v1.auth.service - INFO - a5f8a315-4058-4650-9687-b10871bf667d
2025-01-16 15:43:35,176 - api.v1.auth.service - INFO - Checking role permission for user
2025-01-16 15:43:35,179 - api.v1.auth.service - INFO - Normalized required roles: ['SUPERADMIN', 'ADMIN']
2025-01-16 15:43:35,182 - api.v1.auth.service - INFO - a5f8a315-4058-4650-9687-b10871bf667d
2025-01-16 15:43:35,254 - api.v1.auth.service - INFO - User found: None
2025-01-16 15:43:35,258 - api.v1.auth.service - ERROR - User not found
2025-01-16 15:43:35,261 - api.v1.auth.service - INFO - a5f8a315-4058-4650-9687-b10871bf667d
2025-01-16 15:43:35,330 - api.v1.auth.service - INFO - User found: <User(name='Ojogu Nkang', role='<Role(name='RoleEnum.ADMIN')>')>
2025-01-16 15:43:35,333 - api.v1.auth.service - INFO - Parsed user role: ADMIN
2025-01-16 15:43:35,336 - api.v1.auth.service - INFO - Permission granted for role: ADMIN
2025-01-16 15:43:35,343 - api.v1.auth.service - INFO - a5f8a315-4058-4650-9687-b10871bf667d
2025-01-16 15:43:35,415 - api.v1.auth.service - INFO - User found: <User(name='Ojogu Nkang', role='<Role(name='RoleEnum.ADMIN')>')>
2025-01-16 15:43:35,417 - api.v1.auth.service - INFO - Parsed user role: ADMIN
2025-01-16 15:43:35,426 - api.v1.auth.service - INFO - Permission granted for role: ADMIN
2025-01-16 15:43:35,437 - api.v1.auth.service - INFO - a5f8a315-4058-4650-9687-b10871bf667d
2025-01-16 15:43:35,501 - api.v1.auth.service - INFO - User found: <User(name='Ojogu Nkang', role='<Role(name='RoleEnum.ADMIN')>')>
2025-01-16 15:43:35,501 - api.v1.auth.service - INFO - User found: None
2025-01-16 15:43:35,506 - api.v1.auth.service - ERROR - User not found
2025-01-16 15:43:35,509 - api.v1.auth.service - INFO - a5f8a315-4058-4650-9687-b10871bf667d
2025-01-16 15:43:35,582 - api.v1.auth.service - INFO - User found: <User(name='Ojogu Nkang', role='<Role(name='RoleEnum.ADMIN')>')>
2025-01-16 15:43:35,585 - api.v1.auth.service - INFO - Parsed user role: ADMIN
2025-01-16 15:43:35,587 - api.v1.auth.service - INFO - Permission granted for role: ADMIN
2025-01-16 15:43:35,593 - api.v1.auth.service - INFO - a5f8a315-4058-4650-9687-b10871bf667d
2025-01-16 15:43:35,620 - api.v1.auth.service - INFO - User found: <User(name='Ojogu Nkang', role='<Role(name='RoleEnum.ADMIN')>')>
2025-01-16 15:43:35,754 - api.v1.auth.service - INFO - User found: <User(name='Ojogu Nkang', role='<Role(name='RoleEnum.ADMIN')>')>
2025-01-16 15:43:35,883 - api.v1.auth.service - INFO - User found: <User(name='Ojogu Nkang', role='<Role(name='RoleEnum.ADMIN')>')>
2025-01-16 15:43:35,886 - api.v1.auth.service - INFO - Parsed user role: ADMIN
2025-01-16 15:43:35,889 - api.v1.auth.service - INFO - Permission granted for role: ADMIN
2025-01-16 15:43:35,894 - api.v1.auth.service - INFO - a5f8a315-4058-4650-9687-b10871bf667d
2025-01-16 15:43:36,061 - api.v1.auth.service - INFO - User found: <User(name='Ojogu Nkang', role='<Role(name='RoleEnum.ADMIN')>')>
2025-01-16 15:43:48,788 - api.v1.auth.service - INFO - Checking role permission for user
2025-01-16 15:43:48,791 - api.v1.auth.service - INFO - Normalized required roles: ['SUPERADMIN', 'ADMIN']
2025-01-16 15:43:48,795 - api.v1.auth.service - INFO - a5f8a315-4058-4650-9687-b10871bf667d
2025-01-16 15:43:48,991 - api.v1.auth.service - INFO - Checking role permission for user
2025-01-16 15:43:48,993 - api.v1.auth.service - INFO - Normalized required roles: ['SUPERADMIN', 'ADMIN']
2025-01-16 15:43:48,995 - api.v1.auth.service - INFO - a5f8a315-4058-4650-9687-b10871bf667d
2025-01-16 15:43:49,020 - api.v1.auth.service - INFO - Checking role permission for user
2025-01-16 15:43:49,022 - api.v1.auth.service - INFO - Normalized required roles: ['SUPERADMIN', 'ADMIN']
2025-01-16 15:43:49,030 - api.v1.auth.service - INFO - a5f8a315-4058-4650-9687-b10871bf667d
2025-01-16 15:43:49,161 - api.v1.auth.service - INFO - User found: None
2025-01-16 15:43:49,165 - api.v1.auth.service - ERROR - User not found
2025-01-16 15:43:49,168 - api.v1.auth.service - INFO - a5f8a315-4058-4650-9687-b10871bf667d
2025-01-16 15:43:49,217 - api.v1.auth.service - INFO - Checking role permission for user
2025-01-16 15:43:49,220 - api.v1.auth.service - INFO - Normalized required roles: ['SUPERADMIN', 'ADMIN', 'BURSAR', 'SUBADMIN', 'STUDENT']
2025-01-16 15:43:49,223 - api.v1.auth.service - INFO - a5f8a315-4058-4650-9687-b10871bf667d
2025-01-16 15:43:49,482 - api.v1.auth.service - INFO - User found: None
2025-01-16 15:43:49,482 - api.v1.auth.service - INFO - User found: None
2025-01-16 15:43:49,485 - api.v1.auth.service - ERROR - User not found
2025-01-16 15:43:49,486 - api.v1.auth.service - ERROR - User not found
2025-01-16 15:43:49,488 - api.v1.auth.service - INFO - a5f8a315-4058-4650-9687-b10871bf667d
2025-01-16 15:43:49,489 - api.v1.auth.service - INFO - a5f8a315-4058-4650-9687-b10871bf667d
2025-01-16 15:43:49,741 - api.v1.auth.service - INFO - User found: <User(name='Ojogu Nkang', role='<Role(name='RoleEnum.ADMIN')>')>
2025-01-16 15:43:49,744 - api.v1.auth.service - INFO - Parsed user role: ADMIN
2025-01-16 15:43:49,747 - api.v1.auth.service - INFO - Permission granted for role: ADMIN
2025-01-16 15:43:49,751 - api.v1.auth.service - INFO - User found: None
2025-01-16 15:43:49,754 - api.v1.auth.service - INFO - a5f8a315-4058-4650-9687-b10871bf667d
2025-01-16 15:43:49,755 - api.v1.auth.service - ERROR - User not found
2025-01-16 15:43:49,760 - api.v1.auth.service - INFO - a5f8a315-4058-4650-9687-b10871bf667d
2025-01-16 15:43:49,924 - api.v1.auth.service - INFO - User found: <User(name='Ojogu Nkang', role='<Role(name='RoleEnum.ADMIN')>')>
2025-01-16 15:43:49,925 - api.v1.auth.service - INFO - User found: <User(name='Ojogu Nkang', role='<Role(name='RoleEnum.ADMIN')>')>
2025-01-16 15:43:49,929 - api.v1.auth.service - INFO - Parsed user role: ADMIN
2025-01-16 15:43:49,933 - api.v1.auth.service - INFO - User found: <User(name='Ojogu Nkang', role='<Role(name='RoleEnum.ADMIN')>')>
2025-01-16 15:43:49,937 - api.v1.auth.service - INFO - Permission granted for role: ADMIN
2025-01-16 15:43:49,940 - api.v1.auth.service - INFO - Parsed user role: ADMIN
2025-01-16 15:43:49,944 - api.v1.auth.service - INFO - Permission granted for role: ADMIN
2025-01-16 15:43:49,947 - api.v1.auth.service - INFO - a5f8a315-4058-4650-9687-b10871bf667d
2025-01-16 15:43:49,956 - api.v1.auth.service - INFO - a5f8a315-4058-4650-9687-b10871bf667d
2025-01-16 15:43:50,138 - api.v1.auth.service - INFO - User found: <User(name='Ojogu Nkang', role='<Role(name='RoleEnum.ADMIN')>')>
2025-01-16 15:43:50,138 - api.v1.auth.service - INFO - User found: <User(name='Ojogu Nkang', role='<Role(name='RoleEnum.ADMIN')>')>
2025-01-16 15:43:50,139 - api.v1.auth.service - INFO - User found: <User(name='Ojogu Nkang', role='<Role(name='RoleEnum.ADMIN')>')>
2025-01-16 15:43:50,146 - api.v1.auth.service - INFO - Parsed user role: ADMIN
2025-01-16 15:43:50,149 - api.v1.auth.service - INFO - Permission granted for role: ADMIN
2025-01-16 15:43:50,155 - api.v1.auth.service - INFO - a5f8a315-4058-4650-9687-b10871bf667d
2025-01-16 15:43:50,482 - api.v1.auth.service - INFO - User found: <User(name='Ojogu Nkang', role='<Role(name='RoleEnum.ADMIN')>')>
2025-01-16 15:44:01,235 - api.v1.auth.service - INFO - Checking role permission for user
2025-01-16 15:44:01,237 - api.v1.auth.service - INFO - Normalized required roles: ['SUPERADMIN', 'ADMIN']
2025-01-16 15:44:01,240 - api.v1.auth.service - INFO - a5f8a315-4058-4650-9687-b10871bf667d
2025-01-16 15:44:01,554 - api.v1.auth.service - INFO - User found: None
2025-01-16 15:44:01,557 - api.v1.auth.service - ERROR - User not found
2025-01-16 15:44:01,559 - api.v1.auth.service - INFO - a5f8a315-4058-4650-9687-b10871bf667d
2025-01-16 15:44:01,904 - api.v1.auth.service - INFO - User found: <User(name='Ojogu Nkang', role='<Role(name='RoleEnum.ADMIN')>')>
2025-01-16 15:44:01,908 - api.v1.auth.service - INFO - Parsed user role: ADMIN
2025-01-16 15:44:01,910 - api.v1.auth.service - INFO - Permission granted for role: ADMIN
2025-01-16 15:44:01,915 - api.v1.auth.service - INFO - a5f8a315-4058-4650-9687-b10871bf667d
2025-01-16 15:44:02,080 - api.v1.auth.service - INFO - User found: <User(name='Ojogu Nkang', role='<Role(name='RoleEnum.ADMIN')>')>
2025-01-16 15:44:02,646 - api.v1.auth.service - INFO - Checking role permission for user
2025-01-16 15:44:02,650 - api.v1.auth.service - INFO - Normalized required roles: ['SUPERADMIN', 'ADMIN']
2025-01-16 15:44:02,652 - api.v1.auth.service - INFO - a5f8a315-4058-4650-9687-b10871bf667d
2025-01-16 15:44:02,886 - api.v1.auth.service - INFO - Checking role permission for user
2025-01-16 15:44:02,889 - api.v1.auth.service - INFO - Normalized required roles: ['SUPERADMIN', 'ADMIN']
2025-01-16 15:44:02,891 - api.v1.auth.service - INFO - a5f8a315-4058-4650-9687-b10871bf667d
2025-01-16 15:44:03,009 - api.v1.auth.service - INFO - User found: None
2025-01-16 15:44:03,011 - api.v1.auth.service - ERROR - User not found
2025-01-16 15:44:03,014 - api.v1.auth.service - INFO - a5f8a315-4058-4650-9687-b10871bf667d
2025-01-16 15:44:03,226 - api.v1.auth.service - INFO - User found: None
2025-01-16 15:44:03,230 - api.v1.auth.service - ERROR - User not found
2025-01-16 15:44:03,233 - api.v1.auth.service - INFO - a5f8a315-4058-4650-9687-b10871bf667d
2025-01-16 15:44:03,366 - api.v1.auth.service - INFO - User found: <User(name='Ojogu Nkang', role='<Role(name='RoleEnum.ADMIN')>')>
2025-01-16 15:44:03,369 - api.v1.auth.service - INFO - Parsed user role: ADMIN
2025-01-16 15:44:03,371 - api.v1.auth.service - INFO - Permission granted for role: ADMIN
2025-01-16 15:44:03,376 - api.v1.auth.service - INFO - a5f8a315-4058-4650-9687-b10871bf667d
2025-01-16 15:44:03,538 - api.v1.auth.service - INFO - User found: <User(name='Ojogu Nkang', role='<Role(name='RoleEnum.ADMIN')>')>
2025-01-16 15:44:03,686 - api.v1.auth.service - INFO - User found: <User(name='Ojogu Nkang', role='<Role(name='RoleEnum.ADMIN')>')>
2025-01-16 15:44:03,690 - api.v1.auth.service - INFO - Parsed user role: ADMIN
2025-01-16 15:44:03,692 - api.v1.auth.service - INFO - Permission granted for role: ADMIN
2025-01-16 15:44:03,701 - api.v1.auth.service - INFO - a5f8a315-4058-4650-9687-b10871bf667d
2025-01-16 15:44:03,873 - api.v1.auth.service - INFO - User found: <User(name='Ojogu Nkang', role='<Role(name='RoleEnum.ADMIN')>')>
2025-01-16 15:44:04,105 - api.v1.auth.service - INFO - Checking role permission for user
2025-01-16 15:44:04,108 - api.v1.auth.service - INFO - Normalized required roles: ['SUPERADMIN', 'ADMIN', 'BURSAR', 'SUBADMIN', 'STUDENT']
2025-01-16 15:44:04,111 - api.v1.auth.service - INFO - a5f8a315-4058-4650-9687-b10871bf667d
2025-01-16 15:44:04,503 - api.v1.auth.service - INFO - User found: None
2025-01-16 15:44:04,505 - api.v1.auth.service - ERROR - User not found
2025-01-16 15:44:04,508 - api.v1.auth.service - INFO - a5f8a315-4058-4650-9687-b10871bf667d
2025-01-16 15:44:04,840 - api.v1.auth.service - INFO - User found: <User(name='Ojogu Nkang', role='<Role(name='RoleEnum.ADMIN')>')>
2025-01-16 15:44:04,843 - api.v1.auth.service - INFO - Parsed user role: ADMIN
2025-01-16 15:44:04,846 - api.v1.auth.service - INFO - Permission granted for role: ADMIN
2025-01-16 15:44:04,852 - api.v1.auth.service - INFO - a5f8a315-4058-4650-9687-b10871bf667d
2025-01-16 15:44:05,036 - api.v1.auth.service - INFO - User found: <User(name='Ojogu Nkang', role='<Role(name='RoleEnum.ADMIN')>')>
2025-01-16 15:45:31,084 - api.v1.auth.service - INFO - Checking role permission for user
2025-01-16 15:45:31,087 - api.v1.auth.service - INFO - Normalized required roles: ['SUPERADMIN', 'ADMIN']
2025-01-16 15:45:31,094 - api.v1.auth.service - INFO - a5f8a315-4058-4650-9687-b10871bf667d
2025-01-16 15:45:31,385 - api.v1.auth.service - INFO - User found: None
2025-01-16 15:45:31,388 - api.v1.auth.service - ERROR - User not found
2025-01-16 15:45:31,393 - api.v1.auth.service - INFO - a5f8a315-4058-4650-9687-b10871bf667d
2025-01-16 15:45:31,708 - api.v1.auth.service - INFO - User found: <User(name='Ojogu Nkang', role='<Role(name='RoleEnum.ADMIN')>')>
2025-01-16 15:45:31,710 - api.v1.auth.service - INFO - Parsed user role: ADMIN
2025-01-16 15:45:31,713 - api.v1.auth.service - INFO - Permission granted for role: ADMIN
2025-01-16 15:45:31,719 - api.v1.auth.service - INFO - a5f8a315-4058-4650-9687-b10871bf667d
2025-01-16 15:45:31,891 - api.v1.auth.service - INFO - User found: <User(name='Ojogu Nkang', role='<Role(name='RoleEnum.ADMIN')>')>
2025-01-16 15:45:31,943 - api.v1.auth.service - INFO - Checking role permission for user
2025-01-16 15:45:31,946 - api.v1.auth.service - INFO - Normalized required roles: ['SUPERADMIN', 'ADMIN']
2025-01-16 15:45:31,949 - api.v1.auth.service - INFO - a5f8a315-4058-4650-9687-b10871bf667d
2025-01-16 15:45:32,256 - api.v1.auth.service - INFO - User found: None
2025-01-16 15:45:32,260 - api.v1.auth.service - ERROR - User not found
2025-01-16 15:45:32,262 - api.v1.auth.service - INFO - a5f8a315-4058-4650-9687-b10871bf667d
2025-01-16 15:45:32,685 - api.v1.auth.service - INFO - User found: <User(name='Ojogu Nkang', role='<Role(name='RoleEnum.ADMIN')>')>
2025-01-16 15:45:32,688 - api.v1.auth.service - INFO - Parsed user role: ADMIN
2025-01-16 15:45:32,690 - api.v1.auth.service - INFO - Permission granted for role: ADMIN
2025-01-16 15:45:32,696 - api.v1.auth.service - INFO - Checking role permission for user
2025-01-16 15:45:32,698 - api.v1.auth.service - INFO - a5f8a315-4058-4650-9687-b10871bf667d
2025-01-16 15:45:32,700 - api.v1.auth.service - INFO - Normalized required roles: ['SUPERADMIN', 'ADMIN']
2025-01-16 15:45:32,704 - api.v1.auth.service - INFO - a5f8a315-4058-4650-9687-b10871bf667d
2025-01-16 15:45:32,868 - api.v1.auth.service - INFO - User found: <User(name='Ojogu Nkang', role='<Role(name='RoleEnum.ADMIN')>')>
2025-01-16 15:45:32,933 - api.v1.auth.service - INFO - Checking role permission for user
2025-01-16 15:45:32,937 - api.v1.auth.service - INFO - Normalized required roles: ['SUPERADMIN', 'ADMIN', 'BURSAR', 'SUBADMIN', 'STUDENT']
2025-01-16 15:45:32,941 - api.v1.auth.service - INFO - a5f8a315-4058-4650-9687-b10871bf667d
2025-01-16 15:45:33,024 - api.v1.auth.service - INFO - User found: None
2025-01-16 15:45:33,028 - api.v1.auth.service - ERROR - User not found
2025-01-16 15:45:33,032 - api.v1.auth.service - INFO - a5f8a315-4058-4650-9687-b10871bf667d
2025-01-16 15:45:33,279 - api.v1.auth.service - INFO - User found: None
2025-01-16 15:45:33,282 - api.v1.auth.service - ERROR - User not found
2025-01-16 15:45:33,285 - api.v1.auth.service - INFO - a5f8a315-4058-4650-9687-b10871bf667d
2025-01-16 15:45:33,338 - api.v1.auth.service - INFO - User found: <User(name='Ojogu Nkang', role='<Role(name='RoleEnum.ADMIN')>')>
2025-01-16 15:45:33,342 - api.v1.auth.service - INFO - Parsed user role: ADMIN
2025-01-16 15:45:33,345 - api.v1.auth.service - INFO - Permission granted for role: ADMIN
2025-01-16 15:45:33,351 - api.v1.auth.service - INFO - a5f8a315-4058-4650-9687-b10871bf667d
2025-01-16 15:45:33,504 - api.v1.auth.service - INFO - User found: <User(name='Ojogu Nkang', role='<Role(name='RoleEnum.ADMIN')>')>
2025-01-16 15:45:33,625 - api.v1.auth.service - INFO - User found: <User(name='Ojogu Nkang', role='<Role(name='RoleEnum.ADMIN')>')>
2025-01-16 15:45:33,628 - api.v1.auth.service - INFO - Parsed user role: ADMIN
2025-01-16 15:45:33,631 - api.v1.auth.service - INFO - Permission granted for role: ADMIN
2025-01-16 15:45:33,637 - api.v1.auth.service - INFO - a5f8a315-4058-4650-9687-b10871bf667d
2025-01-16 15:45:33,794 - api.v1.auth.service - INFO - User found: <User(name='Ojogu Nkang', role='<Role(name='RoleEnum.ADMIN')>')>
2025-01-16 15:48:26,688 - api.v1.auth.service - INFO - Checking role permission for user
2025-01-16 15:48:26,691 - api.v1.auth.service - INFO - Normalized required roles: ['SUPERADMIN', 'ADMIN']
2025-01-16 15:48:26,694 - api.v1.auth.service - INFO - a5f8a315-4058-4650-9687-b10871bf667d
2025-01-16 15:48:26,944 - api.v1.auth.service - INFO - Checking role permission for user
2025-01-16 15:48:26,952 - api.v1.auth.service - INFO - Normalized required roles: ['SUPERADMIN', 'ADMIN', 'BURSAR', 'SUBADMIN', 'STUDENT']
2025-01-16 15:48:26,982 - api.v1.auth.service - INFO - a5f8a315-4058-4650-9687-b10871bf667d
2025-01-16 15:48:28,173 - api.v1.auth.service - INFO - Checking role permission for user
2025-01-16 15:48:28,176 - api.v1.auth.service - INFO - Normalized required roles: ['SUPERADMIN', 'ADMIN']
2025-01-16 15:48:28,179 - api.v1.auth.service - INFO - a5f8a315-4058-4650-9687-b10871bf667d
2025-01-16 15:48:28,415 - api.v1.auth.service - INFO - Checking role permission for user
2025-01-16 15:48:28,418 - api.v1.auth.service - INFO - Normalized required roles: ['SUPERADMIN', 'ADMIN']
2025-01-16 15:48:28,422 - api.v1.auth.service - INFO - a5f8a315-4058-4650-9687-b10871bf667d
2025-01-16 15:48:29,782 - api.v1.auth.service - INFO - User found: None
2025-01-16 15:48:29,785 - api.v1.auth.service - ERROR - User not found
2025-01-16 15:48:29,788 - api.v1.auth.service - INFO - a5f8a315-4058-4650-9687-b10871bf667d
2025-01-16 15:48:29,796 - api.v1.auth.service - INFO - User found: None
2025-01-16 15:48:29,797 - api.v1.auth.service - INFO - User found: None
2025-01-16 15:48:29,798 - api.v1.auth.service - INFO - User found: None
2025-01-16 15:48:29,800 - api.v1.auth.service - ERROR - User not found
2025-01-16 15:48:29,802 - api.v1.auth.service - ERROR - User not found
2025-01-16 15:48:29,804 - api.v1.auth.service - ERROR - User not found
2025-01-16 15:48:29,807 - api.v1.auth.service - INFO - a5f8a315-4058-4650-9687-b10871bf667d
2025-01-16 15:48:29,810 - api.v1.auth.service - INFO - a5f8a315-4058-4650-9687-b10871bf667d
2025-01-16 15:48:29,810 - api.v1.auth.service - INFO - a5f8a315-4058-4650-9687-b10871bf667d
2025-01-16 15:48:30,167 - api.v1.auth.service - INFO - User found: <User(name='Ojogu Nkang', role='<Role(name='RoleEnum.ADMIN')>')>
2025-01-16 15:48:30,167 - api.v1.auth.service - INFO - User found: <User(name='Ojogu Nkang', role='<Role(name='RoleEnum.ADMIN')>')>
2025-01-16 15:48:30,168 - api.v1.auth.service - INFO - User found: <User(name='Ojogu Nkang', role='<Role(name='RoleEnum.ADMIN')>')>
2025-01-16 15:48:30,169 - api.v1.auth.service - INFO - User found: <User(name='Ojogu Nkang', role='<Role(name='RoleEnum.ADMIN')>')>
2025-01-16 15:48:30,175 - api.v1.auth.service - INFO - Parsed user role: ADMIN
2025-01-16 15:48:30,176 - api.v1.auth.service - INFO - Parsed user role: ADMIN
2025-01-16 15:48:30,177 - api.v1.auth.service - INFO - Parsed user role: ADMIN
2025-01-16 15:48:30,179 - api.v1.auth.service - INFO - Parsed user role: ADMIN
2025-01-16 15:48:30,181 - api.v1.auth.service - INFO - Permission granted for role: ADMIN
2025-01-16 15:48:30,183 - api.v1.auth.service - INFO - Permission granted for role: ADMIN
2025-01-16 15:48:30,184 - api.v1.auth.service - INFO - Permission granted for role: ADMIN
2025-01-16 15:48:30,185 - api.v1.auth.service - INFO - Permission granted for role: ADMIN
2025-01-16 15:48:30,194 - api.v1.auth.service - INFO - a5f8a315-4058-4650-9687-b10871bf667d
2025-01-16 15:48:30,196 - api.v1.auth.service - INFO - a5f8a315-4058-4650-9687-b10871bf667d
2025-01-16 15:48:30,199 - api.v1.auth.service - INFO - a5f8a315-4058-4650-9687-b10871bf667d
2025-01-16 15:48:30,201 - api.v1.auth.service - INFO - a5f8a315-4058-4650-9687-b10871bf667d
2025-01-16 15:48:30,352 - api.v1.auth.service - INFO - User found: <User(name='Ojogu Nkang', role='<Role(name='RoleEnum.ADMIN')>')>
2025-01-16 15:48:30,375 - api.v1.auth.service - INFO - User found: <User(name='Ojogu Nkang', role='<Role(name='RoleEnum.ADMIN')>')>
2025-01-16 15:48:30,376 - api.v1.auth.service - INFO - User found: <User(name='Ojogu Nkang', role='<Role(name='RoleEnum.ADMIN')>')>
2025-01-16 15:48:30,381 - api.v1.auth.service - INFO - User found: <User(name='Ojogu Nkang', role='<Role(name='RoleEnum.ADMIN')>')>
2025-01-16 15:48:32,131 - api.v1.auth.service - INFO - Checking role permission for user
2025-01-16 15:48:32,133 - api.v1.auth.service - INFO - Checking role permission for user
2025-01-16 15:48:32,136 - api.v1.auth.service - INFO - Normalized required roles: ['SUPERADMIN', 'ADMIN']
2025-01-16 15:48:32,138 - api.v1.auth.service - INFO - Normalized required roles: ['SUPERADMIN', 'ADMIN']
2025-01-16 15:48:32,142 - api.v1.auth.service - INFO - a5f8a315-4058-4650-9687-b10871bf667d
2025-01-16 15:48:32,142 - api.v1.auth.service - INFO - a5f8a315-4058-4650-9687-b10871bf667d
2025-01-16 15:48:32,382 - api.v1.auth.service - INFO - Checking role permission for user
2025-01-16 15:48:32,383 - api.v1.auth.service - INFO - Checking role permission for user
2025-01-16 15:48:32,387 - api.v1.auth.service - INFO - Normalized required roles: ['SUPERADMIN', 'ADMIN', 'BURSAR', 'SUBADMIN', 'STUDENT']
2025-01-16 15:48:32,391 - api.v1.auth.service - INFO - Normalized required roles: ['SUPERADMIN', 'ADMIN']
2025-01-16 15:48:32,392 - api.v1.auth.service - INFO - a5f8a315-4058-4650-9687-b10871bf667d
2025-01-16 15:48:32,395 - api.v1.auth.service - INFO - a5f8a315-4058-4650-9687-b10871bf667d
2025-01-16 15:48:32,474 - api.v1.auth.service - INFO - User found: None
2025-01-16 15:48:32,477 - api.v1.auth.service - ERROR - User not found
2025-01-16 15:48:32,481 - api.v1.auth.service - INFO - a5f8a315-4058-4650-9687-b10871bf667d
2025-01-16 15:48:32,482 - api.v1.auth.service - INFO - User found: None
2025-01-16 15:48:32,486 - api.v1.auth.service - ERROR - User not found
2025-01-16 15:48:32,494 - api.v1.auth.service - INFO - a5f8a315-4058-4650-9687-b10871bf667d
2025-01-16 15:48:32,723 - api.v1.auth.service - INFO - User found: None
2025-01-16 15:48:32,726 - api.v1.auth.service - ERROR - User not found
2025-01-16 15:48:32,728 - api.v1.auth.service - INFO - a5f8a315-4058-4650-9687-b10871bf667d
2025-01-16 15:48:32,729 - api.v1.auth.service - INFO - User found: None
2025-01-16 15:48:32,733 - api.v1.auth.service - ERROR - User not found
2025-01-16 15:48:32,736 - api.v1.auth.service - INFO - a5f8a315-4058-4650-9687-b10871bf667d
2025-01-16 15:48:32,829 - api.v1.auth.service - INFO - User found: <User(name='Ojogu Nkang', role='<Role(name='RoleEnum.ADMIN')>')>
2025-01-16 15:48:32,844 - api.v1.auth.service - INFO - User found: <User(name='Ojogu Nkang', role='<Role(name='RoleEnum.ADMIN')>')>
2025-01-16 15:48:32,964 - api.v1.auth.service - INFO - Parsed user role: ADMIN
2025-01-16 15:48:32,966 - api.v1.auth.service - INFO - Parsed user role: ADMIN
2025-01-16 15:48:32,975 - api.v1.auth.service - INFO - Permission granted for role: ADMIN
2025-01-16 15:48:32,988 - api.v1.auth.service - INFO - Permission granted for role: ADMIN
2025-01-16 15:48:33,006 - api.v1.auth.service - INFO - a5f8a315-4058-4650-9687-b10871bf667d
2025-01-16 15:48:33,010 - api.v1.auth.service - INFO - a5f8a315-4058-4650-9687-b10871bf667d
2025-01-16 15:48:33,076 - api.v1.auth.service - INFO - User found: <User(name='Ojogu Nkang', role='<Role(name='RoleEnum.ADMIN')>')>
2025-01-16 15:48:33,077 - api.v1.auth.service - INFO - User found: <User(name='Ojogu Nkang', role='<Role(name='RoleEnum.ADMIN')>')>
2025-01-16 15:48:33,084 - api.v1.auth.service - INFO - Parsed user role: ADMIN
2025-01-16 15:48:33,091 - api.v1.auth.service - INFO - Parsed user role: ADMIN
2025-01-16 15:48:33,093 - api.v1.auth.service - INFO - Permission granted for role: ADMIN
2025-01-16 15:48:33,095 - api.v1.auth.service - INFO - Permission granted for role: ADMIN
2025-01-16 15:48:33,105 - api.v1.auth.service - INFO - a5f8a315-4058-4650-9687-b10871bf667d
2025-01-16 15:48:33,106 - api.v1.auth.service - INFO - a5f8a315-4058-4650-9687-b10871bf667d
2025-01-16 15:48:33,233 - api.v1.auth.service - INFO - User found: <User(name='Ojogu Nkang', role='<Role(name='RoleEnum.ADMIN')>')>
2025-01-16 15:48:33,248 - api.v1.auth.service - INFO - User found: <User(name='Ojogu Nkang', role='<Role(name='RoleEnum.ADMIN')>')>
2025-01-16 15:48:33,293 - api.v1.auth.service - INFO - User found: <User(name='Ojogu Nkang', role='<Role(name='RoleEnum.ADMIN')>')>
2025-01-16 15:48:33,313 - api.v1.auth.service - INFO - User found: <User(name='Ojogu Nkang', role='<Role(name='RoleEnum.ADMIN')>')>
2025-01-16 15:48:36,789 - api.v1.auth.service - INFO - Checking role permission for user
2025-01-16 15:48:36,792 - api.v1.auth.service - INFO - Normalized required roles: ['SUPERADMIN', 'ADMIN']
2025-01-16 15:48:36,795 - api.v1.auth.service - INFO - a5f8a315-4058-4650-9687-b10871bf667d
2025-01-16 15:48:36,816 - api.v1.auth.service - INFO - Checking role permission for user
2025-01-16 15:48:36,819 - api.v1.auth.service - INFO - Normalized required roles: ['SUPERADMIN', 'ADMIN']
2025-01-16 15:48:36,823 - api.v1.auth.service - INFO - a5f8a315-4058-4650-9687-b10871bf667d
2025-01-16 15:48:36,996 - api.v1.auth.service - INFO - Checking role permission for user
2025-01-16 15:48:37,000 - api.v1.auth.service - INFO - Normalized required roles: ['SUPERADMIN', 'ADMIN', 'BURSAR', 'SUBADMIN', 'STUDENT']
2025-01-16 15:48:37,002 - api.v1.auth.service - INFO - a5f8a315-4058-4650-9687-b10871bf667d
2025-01-16 15:48:37,144 - api.v1.auth.service - INFO - User found: None
2025-01-16 15:48:37,147 - api.v1.auth.service - ERROR - User not found
2025-01-16 15:48:37,151 - api.v1.auth.service - INFO - a5f8a315-4058-4650-9687-b10871bf667d
2025-01-16 15:48:37,166 - api.v1.auth.service - INFO - User found: None
2025-01-16 15:48:37,168 - api.v1.auth.service - ERROR - User not found
2025-01-16 15:48:37,172 - api.v1.auth.service - INFO - a5f8a315-4058-4650-9687-b10871bf667d
2025-01-16 15:48:37,368 - api.v1.auth.service - INFO - User found: None
2025-01-16 15:48:37,385 - api.v1.auth.service - ERROR - User not found
2025-01-16 15:48:37,391 - api.v1.auth.service - INFO - a5f8a315-4058-4650-9687-b10871bf667d
2025-01-16 15:48:37,520 - api.v1.auth.service - INFO - User found: <User(name='Ojogu Nkang', role='<Role(name='RoleEnum.ADMIN')>')>
2025-01-16 15:48:37,521 - api.v1.auth.service - INFO - User found: <User(name='Ojogu Nkang', role='<Role(name='RoleEnum.ADMIN')>')>
2025-01-16 15:48:37,533 - api.v1.auth.service - INFO - Parsed user role: ADMIN
2025-01-16 15:48:37,547 - api.v1.auth.service - INFO - Parsed user role: ADMIN
2025-01-16 15:48:37,600 - api.v1.auth.service - INFO - Permission granted for role: ADMIN
2025-01-16 15:48:37,605 - api.v1.auth.service - INFO - Permission granted for role: ADMIN
2025-01-16 15:48:37,631 - api.v1.auth.service - INFO - a5f8a315-4058-4650-9687-b10871bf667d
2025-01-16 15:48:37,634 - api.v1.auth.service - INFO - a5f8a315-4058-4650-9687-b10871bf667d
2025-01-16 15:48:37,698 - api.v1.auth.service - INFO - Checking role permission for user
2025-01-16 15:48:37,700 - api.v1.auth.service - INFO - Normalized required roles: ['SUPERADMIN', 'ADMIN']
2025-01-16 15:48:37,707 - api.v1.auth.service - INFO - a5f8a315-4058-4650-9687-b10871bf667d
2025-01-16 15:48:37,738 - api.v1.auth.service - INFO - User found: <User(name='Ojogu Nkang', role='<Role(name='RoleEnum.ADMIN')>')>
2025-01-16 15:48:37,742 - api.v1.auth.service - INFO - Parsed user role: ADMIN
2025-01-16 15:48:37,745 - api.v1.auth.service - INFO - Permission granted for role: ADMIN
2025-01-16 15:48:37,750 - api.v1.auth.service - INFO - a5f8a315-4058-4650-9687-b10871bf667d
2025-01-16 15:48:37,806 - api.v1.auth.service - INFO - User found: <User(name='Ojogu Nkang', role='<Role(name='RoleEnum.ADMIN')>')>
2025-01-16 15:48:37,840 - api.v1.auth.service - INFO - User found: <User(name='Ojogu Nkang', role='<Role(name='RoleEnum.ADMIN')>')>
2025-01-16 15:48:37,930 - api.v1.auth.service - INFO - User found: <User(name='Ojogu Nkang', role='<Role(name='RoleEnum.ADMIN')>')>
2025-01-16 15:48:38,055 - api.v1.auth.service - INFO - User found: None
2025-01-16 15:48:38,058 - api.v1.auth.service - ERROR - User not found
2025-01-16 15:48:38,061 - api.v1.auth.service - INFO - a5f8a315-4058-4650-9687-b10871bf667d
2025-01-16 15:48:38,589 - api.v1.auth.service - INFO - User found: <User(name='Ojogu Nkang', role='<Role(name='RoleEnum.ADMIN')>')>
2025-01-16 15:48:38,786 - api.v1.auth.service - INFO - Parsed user role: ADMIN
2025-01-16 15:48:38,791 - api.v1.auth.service - INFO - Permission granted for role: ADMIN
2025-01-16 15:48:38,798 - api.v1.auth.service - INFO - a5f8a315-4058-4650-9687-b10871bf667d
2025-01-16 15:48:39,018 - api.v1.auth.service - INFO - User found: <User(name='Ojogu Nkang', role='<Role(name='RoleEnum.ADMIN')>')>
2025-01-16 15:48:39,739 - api.v1.auth.service - INFO - Checking role permission for user
2025-01-16 15:48:39,741 - api.v1.auth.service - INFO - Normalized required roles: ['SUPERADMIN', 'ADMIN']
2025-01-16 15:48:39,744 - api.v1.auth.service - INFO - a5f8a315-4058-4650-9687-b10871bf667d
2025-01-16 15:48:40,083 - api.v1.auth.service - INFO - User found: None
2025-01-16 15:48:40,086 - api.v1.auth.service - ERROR - User not found
2025-01-16 15:48:40,089 - api.v1.auth.service - INFO - a5f8a315-4058-4650-9687-b10871bf667d
2025-01-16 15:48:40,451 - api.v1.auth.service - INFO - User found: <User(name='Ojogu Nkang', role='<Role(name='RoleEnum.ADMIN')>')>
2025-01-16 15:48:40,458 - api.v1.auth.service - INFO - Parsed user role: ADMIN
2025-01-16 15:48:40,461 - api.v1.auth.service - INFO - Permission granted for role: ADMIN
2025-01-16 15:48:40,467 - api.v1.auth.service - INFO - a5f8a315-4058-4650-9687-b10871bf667d
2025-01-16 15:48:40,632 - api.v1.auth.service - INFO - User found: <User(name='Ojogu Nkang', role='<Role(name='RoleEnum.ADMIN')>')>
2025-01-16 15:48:41,443 - api.v1.auth.service - INFO - Checking role permission for user
2025-01-16 15:48:41,446 - api.v1.auth.service - INFO - Normalized required roles: ['SUPERADMIN', 'ADMIN']
2025-01-16 15:48:41,448 - api.v1.auth.service - INFO - a5f8a315-4058-4650-9687-b10871bf667d
2025-01-16 15:48:41,476 - api.v1.auth.service - INFO - Checking role permission for user
2025-01-16 15:48:41,480 - api.v1.auth.service - INFO - Normalized required roles: ['SUPERADMIN', 'ADMIN']
2025-01-16 15:48:41,483 - api.v1.auth.service - INFO - a5f8a315-4058-4650-9687-b10871bf667d
2025-01-16 15:48:41,652 - api.v1.auth.service - INFO - Checking role permission for user
2025-01-16 15:48:41,655 - api.v1.auth.service - INFO - Normalized required roles: ['SUPERADMIN', 'ADMIN', 'BURSAR', 'SUBADMIN', 'STUDENT']
2025-01-16 15:48:41,659 - api.v1.auth.service - INFO - a5f8a315-4058-4650-9687-b10871bf667d
2025-01-16 15:48:41,768 - api.v1.auth.service - INFO - User found: None
2025-01-16 15:48:41,773 - api.v1.auth.service - ERROR - User not found
2025-01-16 15:48:41,776 - api.v1.auth.service - INFO - a5f8a315-4058-4650-9687-b10871bf667d
2025-01-16 15:48:41,777 - api.v1.auth.service - INFO - User found: None
2025-01-16 15:48:41,781 - api.v1.auth.service - ERROR - User not found
2025-01-16 15:48:41,784 - api.v1.auth.service - INFO - a5f8a315-4058-4650-9687-b10871bf667d
2025-01-16 15:48:42,038 - api.v1.auth.service - INFO - User found: None
2025-01-16 15:48:42,084 - api.v1.auth.service - INFO - User found: <User(name='Ojogu Nkang', role='<Role(name='RoleEnum.ADMIN')>')>
2025-01-16 15:48:42,098 - api.v1.auth.service - INFO - User found: <User(name='Ojogu Nkang', role='<Role(name='RoleEnum.ADMIN')>')>
2025-01-16 15:48:42,178 - api.v1.auth.service - ERROR - User not found
2025-01-16 15:48:42,219 - api.v1.auth.service - INFO - Parsed user role: ADMIN
2025-01-16 15:48:42,244 - api.v1.auth.service - INFO - Parsed user role: ADMIN
2025-01-16 15:48:42,248 - api.v1.auth.service - INFO - a5f8a315-4058-4650-9687-b10871bf667d
2025-01-16 15:48:42,291 - api.v1.auth.service - INFO - Permission granted for role: ADMIN
2025-01-16 15:48:42,316 - api.v1.auth.service - INFO - Permission granted for role: ADMIN
2025-01-16 15:48:42,360 - api.v1.auth.service - INFO - a5f8a315-4058-4650-9687-b10871bf667d
2025-01-16 15:48:42,363 - api.v1.auth.service - INFO - a5f8a315-4058-4650-9687-b10871bf667d
2025-01-16 15:48:42,536 - api.v1.auth.service - INFO - User found: <User(name='Ojogu Nkang', role='<Role(name='RoleEnum.ADMIN')>')>
2025-01-16 15:48:42,537 - api.v1.auth.service - INFO - User found: <User(name='Ojogu Nkang', role='<Role(name='RoleEnum.ADMIN')>')>
2025-01-16 15:48:42,627 - api.v1.auth.service - INFO - Checking role permission for user
2025-01-16 15:48:42,633 - api.v1.auth.service - INFO - User found: <User(name='Ojogu Nkang', role='<Role(name='RoleEnum.ADMIN')>')>
2025-01-16 15:48:42,912 - api.v1.auth.service - INFO - Normalized required roles: ['SUPERADMIN', 'ADMIN']
2025-01-16 15:48:42,951 - api.v1.auth.service - INFO - Parsed user role: ADMIN
2025-01-16 15:48:42,966 - api.v1.auth.service - INFO - a5f8a315-4058-4650-9687-b10871bf667d
2025-01-16 15:48:42,979 - api.v1.auth.service - INFO - Permission granted for role: ADMIN
2025-01-16 15:48:43,328 - api.v1.auth.service - INFO - User found: None
2025-01-16 15:48:43,684 - api.v1.auth.service - ERROR - User not found
2025-01-16 15:48:43,729 - api.v1.auth.service - INFO - a5f8a315-4058-4650-9687-b10871bf667d
2025-01-16 15:48:43,732 - api.v1.auth.service - INFO - a5f8a315-4058-4650-9687-b10871bf667d
2025-01-16 15:48:43,982 - api.v1.auth.service - INFO - User found: <User(name='Ojogu Nkang', role='<Role(name='RoleEnum.ADMIN')>')>
2025-01-16 15:48:44,150 - api.v1.auth.service - INFO - User found: <User(name='Ojogu Nkang', role='<Role(name='RoleEnum.ADMIN')>')>
2025-01-16 15:48:44,846 - api.v1.auth.service - INFO - Parsed user role: ADMIN
2025-01-16 15:48:45,327 - api.v1.auth.service - INFO - Permission granted for role: ADMIN
2025-01-16 17:01:15,187 - api.v1.auth.service - INFO - User found: <User(name='Ojogu Nkang', role='<Role(name='RoleEnum.ADMIN')>')>
2025-01-16 17:01:15,839 - api.v1.auth.service - INFO - User authenticated
2025-01-16 17:03:32,121 - api.v1.auth.service - INFO - Checking role permission for user
2025-01-16 17:03:32,125 - api.v1.auth.service - INFO - Normalized required roles: ['SUPERADMIN', 'ADMIN']
2025-01-16 17:03:32,128 - api.v1.auth.service - INFO - a5f8a315-4058-4650-9687-b10871bf667d
2025-01-16 17:03:32,147 - api.v1.auth.service - INFO - Checking role permission for user
2025-01-16 17:03:32,151 - api.v1.auth.service - INFO - Normalized required roles: ['SUPERADMIN', 'ADMIN']
2025-01-16 17:03:32,155 - api.v1.auth.service - INFO - a5f8a315-4058-4650-9687-b10871bf667d
2025-01-16 17:03:32,363 - api.v1.auth.service - INFO - Checking role permission for user
2025-01-16 17:03:32,365 - api.v1.auth.service - INFO - Normalized required roles: ['SUPERADMIN', 'ADMIN']
2025-01-16 17:03:32,370 - api.v1.auth.service - INFO - a5f8a315-4058-4650-9687-b10871bf667d
2025-01-16 17:03:32,522 - api.v1.auth.service - INFO - User found: None
2025-01-16 17:03:32,525 - api.v1.auth.service - ERROR - User not found
2025-01-16 17:03:32,529 - api.v1.auth.service - INFO - a5f8a315-4058-4650-9687-b10871bf667d
2025-01-16 17:03:32,865 - api.v1.auth.service - INFO - Checking role permission for user
2025-01-16 17:03:32,869 - api.v1.auth.service - INFO - Normalized required roles: ['SUPERADMIN', 'ADMIN', 'BURSAR', 'SUBADMIN', 'STUDENT']
2025-01-16 17:03:32,873 - api.v1.auth.service - INFO - a5f8a315-4058-4650-9687-b10871bf667d
2025-01-16 17:03:32,903 - api.v1.auth.service - INFO - User found: <User(name='Ojogu Nkang', role='<Role(name='RoleEnum.ADMIN')>')>
2025-01-16 17:03:32,907 - api.v1.auth.service - INFO - Parsed user role: ADMIN
2025-01-16 17:03:32,910 - api.v1.auth.service - INFO - Permission granted for role: ADMIN
2025-01-16 17:03:32,980 - api.v1.auth.service - INFO - a5f8a315-4058-4650-9687-b10871bf667d
2025-01-16 17:03:33,151 - api.v1.auth.service - INFO - User found: <User(name='Ojogu Nkang', role='<Role(name='RoleEnum.ADMIN')>')>
2025-01-16 17:03:33,796 - api.v1.auth.service - INFO - User found: None
2025-01-16 17:03:33,799 - api.v1.auth.service - ERROR - User not found
2025-01-16 17:03:33,805 - api.v1.auth.service - INFO - a5f8a315-4058-4650-9687-b10871bf667d
2025-01-16 17:03:33,830 - api.v1.auth.service - INFO - User found: None
2025-01-16 17:03:33,832 - api.v1.auth.service - ERROR - User not found
2025-01-16 17:03:33,837 - api.v1.auth.service - INFO - a5f8a315-4058-4650-9687-b10871bf667d
2025-01-16 17:03:34,166 - api.v1.auth.service - INFO - User found: <User(name='Ojogu Nkang', role='<Role(name='RoleEnum.ADMIN')>')>
2025-01-16 17:03:34,171 - api.v1.auth.service - INFO - Parsed user role: ADMIN
2025-01-16 17:03:34,174 - api.v1.auth.service - INFO - Permission granted for role: ADMIN
2025-01-16 17:03:34,180 - api.v1.auth.service - INFO - a5f8a315-4058-4650-9687-b10871bf667d
2025-01-16 17:03:34,205 - api.v1.auth.service - INFO - User found: <User(name='Ojogu Nkang', role='<Role(name='RoleEnum.ADMIN')>')>
2025-01-16 17:03:34,209 - api.v1.auth.service - INFO - Parsed user role: ADMIN
2025-01-16 17:03:34,212 - api.v1.auth.service - INFO - Permission granted for role: ADMIN
2025-01-16 17:03:34,218 - api.v1.auth.service - INFO - a5f8a315-4058-4650-9687-b10871bf667d
2025-01-16 17:03:34,357 - api.v1.auth.service - INFO - User found: <User(name='Ojogu Nkang', role='<Role(name='RoleEnum.ADMIN')>')>
2025-01-16 17:03:34,368 - api.v1.auth.service - INFO - User found: None
2025-01-16 17:03:34,373 - api.v1.auth.service - ERROR - User not found
2025-01-16 17:03:34,376 - api.v1.auth.service - INFO - a5f8a315-4058-4650-9687-b10871bf667d
2025-01-16 17:03:34,403 - api.v1.auth.service - INFO - User found: <User(name='Ojogu Nkang', role='<Role(name='RoleEnum.ADMIN')>')>
2025-01-16 17:03:34,773 - api.v1.auth.service - INFO - User found: <User(name='Ojogu Nkang', role='<Role(name='RoleEnum.ADMIN')>')>
2025-01-16 17:03:34,777 - api.v1.auth.service - INFO - Parsed user role: ADMIN
2025-01-16 17:03:34,780 - api.v1.auth.service - INFO - Permission granted for role: ADMIN
2025-01-16 17:03:34,790 - api.v1.auth.service - INFO - a5f8a315-4058-4650-9687-b10871bf667d
2025-01-16 17:03:35,136 - api.v1.auth.service - INFO - User found: <User(name='Ojogu Nkang', role='<Role(name='RoleEnum.ADMIN')>')>
2025-01-16 17:03:38,744 - api.v1.auth.service - INFO - Checking role permission for user
2025-01-16 17:03:38,748 - api.v1.auth.service - INFO - Normalized required roles: ['SUPERADMIN', 'ADMIN']
2025-01-16 17:03:38,751 - api.v1.auth.service - INFO - a5f8a315-4058-4650-9687-b10871bf667d
2025-01-16 17:03:39,242 - api.v1.auth.service - INFO - User found: None
2025-01-16 17:03:39,246 - api.v1.auth.service - ERROR - User not found
2025-01-16 17:03:39,248 - api.v1.auth.service - INFO - a5f8a315-4058-4650-9687-b10871bf667d
2025-01-16 17:03:39,567 - api.v1.auth.service - INFO - User found: <User(name='Ojogu Nkang', role='<Role(name='RoleEnum.ADMIN')>')>
2025-01-16 17:03:39,574 - api.v1.auth.service - INFO - Parsed user role: ADMIN
2025-01-16 17:03:39,577 - api.v1.auth.service - INFO - Permission granted for role: ADMIN
2025-01-16 17:03:39,583 - api.v1.auth.service - INFO - a5f8a315-4058-4650-9687-b10871bf667d
2025-01-16 17:03:39,747 - api.v1.auth.service - INFO - User found: <User(name='Ojogu Nkang', role='<Role(name='RoleEnum.ADMIN')>')>
2025-01-16 17:03:43,360 - api.v1.auth.service - INFO - Checking role permission for user
2025-01-16 17:03:43,363 - api.v1.auth.service - INFO - Normalized required roles: ['ADMIN', 'SUBADMIN']
2025-01-16 17:03:43,366 - api.v1.auth.service - INFO - a5f8a315-4058-4650-9687-b10871bf667d
2025-01-16 17:03:43,868 - api.v1.auth.service - INFO - User found: <User(name='Ojogu Nkang', role='<Role(name='RoleEnum.ADMIN')>')>
2025-01-16 17:03:43,873 - api.v1.auth.service - INFO - Parsed user role: ADMIN
2025-01-16 17:03:43,876 - api.v1.auth.service - INFO - Permission granted for role: ADMIN
2025-01-16 17:03:43,886 - api.v1.auth.service - INFO - a5f8a315-4058-4650-9687-b10871bf667d
2025-01-16 17:03:45,761 - api.v1.auth.service - INFO - User found: <User(name='Ojogu Nkang', role='<Role(name='RoleEnum.ADMIN')>')>
2025-01-16 17:26:06,986 - api.v1.auth.service - INFO - User found: <User(name='Ojogu Nkang', role='<Role(name='RoleEnum.ADMIN')>')>
2025-01-16 17:26:07,635 - api.v1.auth.service - INFO - User authenticated
2025-01-16 17:26:30,129 - api.v1.auth.service - INFO - Checking role permission for user
2025-01-16 17:26:30,131 - api.v1.auth.service - INFO - Checking role permission for user
2025-01-16 17:26:30,132 - api.v1.auth.service - INFO - Checking role permission for user
2025-01-16 17:26:30,138 - api.v1.auth.service - INFO - Normalized required roles: ['SUPERADMIN', 'ADMIN']
2025-01-16 17:26:30,138 - api.v1.auth.service - INFO - Normalized required roles: ['SUPERADMIN', 'ADMIN']
2025-01-16 17:26:30,141 - api.v1.auth.service - INFO - Normalized required roles: ['SUPERADMIN', 'ADMIN']
2025-01-16 17:26:30,145 - api.v1.auth.service - INFO - a5f8a315-4058-4650-9687-b10871bf667d
2025-01-16 17:26:30,147 - api.v1.auth.service - INFO - a5f8a315-4058-4650-9687-b10871bf667d
2025-01-16 17:26:30,149 - api.v1.auth.service - INFO - a5f8a315-4058-4650-9687-b10871bf667d
2025-01-16 17:26:30,504 - api.v1.auth.service - INFO - User found: None
2025-01-16 17:26:30,507 - api.v1.auth.service - ERROR - User not found
2025-01-16 17:26:30,511 - api.v1.auth.service - INFO - a5f8a315-4058-4650-9687-b10871bf667d
2025-01-16 17:26:30,888 - api.v1.auth.service - INFO - User found: <User(name='Ojogu Nkang', role='<Role(name='RoleEnum.ADMIN')>')>
2025-01-16 17:26:30,891 - api.v1.auth.service - INFO - Parsed user role: ADMIN
2025-01-16 17:26:30,897 - api.v1.auth.service - INFO - Permission granted for role: ADMIN
2025-01-16 17:26:30,903 - api.v1.auth.service - INFO - a5f8a315-4058-4650-9687-b10871bf667d
2025-01-16 17:26:31,090 - api.v1.auth.service - INFO - User found: <User(name='Ojogu Nkang', role='<Role(name='RoleEnum.ADMIN')>')>
2025-01-16 17:26:31,285 - api.v1.auth.service - INFO - Checking role permission for user
2025-01-16 17:26:31,289 - api.v1.auth.service - INFO - Normalized required roles: ['SUPERADMIN', 'ADMIN', 'BURSAR', 'SUBADMIN', 'STUDENT']
2025-01-16 17:26:31,294 - api.v1.auth.service - INFO - a5f8a315-4058-4650-9687-b10871bf667d
2025-01-16 17:26:31,711 - api.v1.auth.service - INFO - User found: None
2025-01-16 17:26:31,714 - api.v1.auth.service - ERROR - User not found
2025-01-16 17:26:31,717 - api.v1.auth.service - INFO - a5f8a315-4058-4650-9687-b10871bf667d
2025-01-16 17:26:31,736 - api.v1.auth.service - INFO - User found: None
2025-01-16 17:26:31,740 - api.v1.auth.service - ERROR - User not found
2025-01-16 17:26:31,745 - api.v1.auth.service - INFO - a5f8a315-4058-4650-9687-b10871bf667d
2025-01-16 17:26:32,211 - api.v1.auth.service - INFO - User found: <User(name='Ojogu Nkang', role='<Role(name='RoleEnum.ADMIN')>')>
2025-01-16 17:26:32,212 - api.v1.auth.service - INFO - User found: <User(name='Ojogu Nkang', role='<Role(name='RoleEnum.ADMIN')>')>
2025-01-16 17:26:32,217 - api.v1.auth.service - INFO - Parsed user role: ADMIN
2025-01-16 17:26:32,218 - api.v1.auth.service - INFO - Parsed user role: ADMIN
2025-01-16 17:26:32,221 - api.v1.auth.service - INFO - Permission granted for role: ADMIN
2025-01-16 17:26:32,222 - api.v1.auth.service - INFO - Permission granted for role: ADMIN
2025-01-16 17:26:32,235 - api.v1.auth.service - INFO - a5f8a315-4058-4650-9687-b10871bf667d
2025-01-16 17:26:32,235 - api.v1.auth.service - INFO - a5f8a315-4058-4650-9687-b10871bf667d
2025-01-16 17:26:32,410 - api.v1.auth.service - INFO - User found: <User(name='Ojogu Nkang', role='<Role(name='RoleEnum.ADMIN')>')>
2025-01-16 17:26:32,422 - api.v1.auth.service - INFO - User found: <User(name='Ojogu Nkang', role='<Role(name='RoleEnum.ADMIN')>')>
2025-01-16 17:26:32,704 - api.v1.auth.service - INFO - User found: None
2025-01-16 17:26:32,707 - api.v1.auth.service - ERROR - User not found
2025-01-16 17:26:32,711 - api.v1.auth.service - INFO - a5f8a315-4058-4650-9687-b10871bf667d
2025-01-16 17:26:33,044 - api.v1.auth.service - INFO - User found: <User(name='Ojogu Nkang', role='<Role(name='RoleEnum.ADMIN')>')>
2025-01-16 17:26:33,052 - api.v1.auth.service - INFO - Parsed user role: ADMIN
2025-01-16 17:26:33,059 - api.v1.auth.service - INFO - Permission granted for role: ADMIN
2025-01-16 17:26:33,068 - api.v1.auth.service - INFO - a5f8a315-4058-4650-9687-b10871bf667d
2025-01-16 17:26:33,225 - api.v1.auth.service - INFO - User found: <User(name='Ojogu Nkang', role='<Role(name='RoleEnum.ADMIN')>')>
2025-01-16 17:26:39,794 - api.v1.auth.service - INFO - Checking role permission for user
2025-01-16 17:26:39,797 - api.v1.auth.service - INFO - Normalized required roles: ['SUPERADMIN', 'ADMIN']
2025-01-16 17:26:39,800 - api.v1.auth.service - INFO - a5f8a315-4058-4650-9687-b10871bf667d
2025-01-16 17:26:40,131 - api.v1.auth.service - INFO - User found: None
2025-01-16 17:26:40,134 - api.v1.auth.service - ERROR - User not found
2025-01-16 17:26:40,137 - api.v1.auth.service - INFO - a5f8a315-4058-4650-9687-b10871bf667d
2025-01-16 17:26:40,478 - api.v1.auth.service - INFO - User found: <User(name='Ojogu Nkang', role='<Role(name='RoleEnum.ADMIN')>')>
2025-01-16 17:26:40,482 - api.v1.auth.service - INFO - Parsed user role: ADMIN
2025-01-16 17:26:40,485 - api.v1.auth.service - INFO - Permission granted for role: ADMIN
2025-01-16 17:26:40,493 - api.v1.auth.service - INFO - a5f8a315-4058-4650-9687-b10871bf667d
2025-01-16 17:26:40,690 - api.v1.auth.service - INFO - User found: <User(name='Ojogu Nkang', role='<Role(name='RoleEnum.ADMIN')>')>
2025-01-16 17:26:43,221 - api.v1.auth.service - INFO - Checking role permission for user
2025-01-16 17:26:43,223 - api.v1.auth.service - INFO - Normalized required roles: ['ADMIN', 'SUBADMIN']
2025-01-16 17:26:43,227 - api.v1.auth.service - INFO - a5f8a315-4058-4650-9687-b10871bf667d
2025-01-16 17:26:43,878 - api.v1.auth.service - INFO - User found: <User(name='Ojogu Nkang', role='<Role(name='RoleEnum.ADMIN')>')>
2025-01-16 17:26:43,882 - api.v1.auth.service - INFO - Parsed user role: ADMIN
2025-01-16 17:26:43,885 - api.v1.auth.service - INFO - Permission granted for role: ADMIN
2025-01-16 17:26:43,896 - api.v1.auth.service - INFO - a5f8a315-4058-4650-9687-b10871bf667d
2025-01-16 17:26:44,060 - api.v1.auth.service - INFO - User found: <User(name='Ojogu Nkang', role='<Role(name='RoleEnum.ADMIN')>')>
2025-01-16 17:28:05,458 - api.v1.auth.service - INFO - Checking role permission for user
2025-01-16 17:28:05,462 - api.v1.auth.service - INFO - Normalized required roles: ['ADMIN', 'SUBADMIN']
2025-01-16 17:28:05,467 - api.v1.auth.service - INFO - a5f8a315-4058-4650-9687-b10871bf667d
2025-01-16 17:28:05,980 - api.v1.auth.service - INFO - User found: <User(name='Ojogu Nkang', role='<Role(name='RoleEnum.ADMIN')>')>
2025-01-16 17:28:05,984 - api.v1.auth.service - INFO - Parsed user role: ADMIN
2025-01-16 17:28:05,987 - api.v1.auth.service - INFO - Permission granted for role: ADMIN
2025-01-16 17:29:47,751 - api.v1.auth.service - INFO - Checking role permission for user
2025-01-16 17:29:47,754 - api.v1.auth.service - INFO - Normalized required roles: ['SUPERADMIN', 'ADMIN']
2025-01-16 17:29:47,758 - api.v1.auth.service - INFO - a5f8a315-4058-4650-9687-b10871bf667d
2025-01-16 17:29:47,984 - api.v1.auth.service - INFO - Checking role permission for user
2025-01-16 17:29:47,987 - api.v1.auth.service - INFO - Normalized required roles: ['SUPERADMIN', 'ADMIN']
2025-01-16 17:29:47,990 - api.v1.auth.service - INFO - a5f8a315-4058-4650-9687-b10871bf667d
2025-01-16 17:29:49,788 - api.v1.auth.service - INFO - Checking role permission for user
2025-01-16 17:29:49,792 - api.v1.auth.service - INFO - Normalized required roles: ['SUPERADMIN', 'ADMIN']
2025-01-16 17:29:49,796 - api.v1.auth.service - INFO - a5f8a315-4058-4650-9687-b10871bf667d
2025-01-16 17:29:50,087 - api.v1.auth.service - INFO - Checking role permission for user
2025-01-16 17:29:50,093 - api.v1.auth.service - INFO - Normalized required roles: ['SUPERADMIN', 'ADMIN', 'BURSAR', 'SUBADMIN', 'STUDENT']
2025-01-16 17:29:50,096 - api.v1.auth.service - INFO - a5f8a315-4058-4650-9687-b10871bf667d
2025-01-16 17:29:51,522 - api.v1.auth.service - INFO - User found: None
2025-01-16 17:29:51,523 - api.v1.auth.service - INFO - User found: None
2025-01-16 17:29:51,525 - api.v1.auth.service - INFO - User found: None
2025-01-16 17:29:51,527 - api.v1.auth.service - ERROR - User not found
2025-01-16 17:29:51,529 - api.v1.auth.service - ERROR - User not found
2025-01-16 17:29:51,533 - api.v1.auth.service - ERROR - User not found
2025-01-16 17:29:51,535 - api.v1.auth.service - INFO - a5f8a315-4058-4650-9687-b10871bf667d
2025-01-16 17:29:51,537 - api.v1.auth.service - INFO - a5f8a315-4058-4650-9687-b10871bf667d
2025-01-16 17:29:51,539 - api.v1.auth.service - INFO - a5f8a315-4058-4650-9687-b10871bf667d
2025-01-16 17:29:51,557 - api.v1.auth.service - INFO - User found: None
2025-01-16 17:29:51,561 - api.v1.auth.service - ERROR - User not found
2025-01-16 17:29:51,564 - api.v1.auth.service - INFO - a5f8a315-4058-4650-9687-b10871bf667d
2025-01-16 17:29:52,186 - api.v1.auth.service - INFO - User found: <User(name='Ojogu Nkang', role='<Role(name='RoleEnum.ADMIN')>')>
2025-01-16 17:29:52,191 - api.v1.auth.service - INFO - Parsed user role: ADMIN
2025-01-16 17:29:52,194 - api.v1.auth.service - INFO - Permission granted for role: ADMIN
2025-01-16 17:29:52,202 - api.v1.auth.service - INFO - a5f8a315-4058-4650-9687-b10871bf667d
2025-01-16 17:29:52,208 - api.v1.auth.service - INFO - User found: <User(name='Ojogu Nkang', role='<Role(name='RoleEnum.ADMIN')>')>
2025-01-16 17:29:52,212 - api.v1.auth.service - INFO - Parsed user role: ADMIN
2025-01-16 17:29:52,212 - api.v1.auth.service - INFO - User found: <User(name='Ojogu Nkang', role='<Role(name='RoleEnum.ADMIN')>')>
2025-01-16 17:29:52,216 - api.v1.auth.service - INFO - Permission granted for role: ADMIN
2025-01-16 17:29:52,217 - api.v1.auth.service - INFO - Parsed user role: ADMIN
2025-01-16 17:29:52,219 - api.v1.auth.service - INFO - User found: <User(name='Ojogu Nkang', role='<Role(name='RoleEnum.ADMIN')>')>
2025-01-16 17:29:52,223 - api.v1.auth.service - INFO - Permission granted for role: ADMIN
2025-01-16 17:29:52,226 - api.v1.auth.service - INFO - Parsed user role: ADMIN
2025-01-16 17:29:52,227 - api.v1.auth.service - INFO - a5f8a315-4058-4650-9687-b10871bf667d
2025-01-16 17:29:52,234 - api.v1.auth.service - INFO - Permission granted for role: ADMIN
2025-01-16 17:29:52,239 - api.v1.auth.service - INFO - a5f8a315-4058-4650-9687-b10871bf667d
2025-01-16 17:29:52,245 - api.v1.auth.service - INFO - a5f8a315-4058-4650-9687-b10871bf667d
2025-01-16 17:29:52,386 - api.v1.auth.service - INFO - User found: <User(name='Ojogu Nkang', role='<Role(name='RoleEnum.ADMIN')>')>
2025-01-16 17:29:52,416 - api.v1.auth.service - INFO - User found: <User(name='Ojogu Nkang', role='<Role(name='RoleEnum.ADMIN')>')>
2025-01-16 17:29:52,437 - api.v1.auth.service - INFO - User found: <User(name='Ojogu Nkang', role='<Role(name='RoleEnum.ADMIN')>')>
2025-01-16 17:29:52,460 - api.v1.auth.service - INFO - User found: <User(name='Ojogu Nkang', role='<Role(name='RoleEnum.ADMIN')>')>
2025-01-16 17:29:57,040 - api.v1.auth.service - INFO - Checking role permission for user
2025-01-16 17:29:57,043 - api.v1.auth.service - INFO - Normalized required roles: ['SUPERADMIN', 'ADMIN']
2025-01-16 17:29:57,047 - api.v1.auth.service - INFO - a5f8a315-4058-4650-9687-b10871bf667d
2025-01-16 17:29:57,367 - api.v1.auth.service - INFO - User found: None
2025-01-16 17:29:57,370 - api.v1.auth.service - ERROR - User not found
2025-01-16 17:29:57,374 - api.v1.auth.service - INFO - a5f8a315-4058-4650-9687-b10871bf667d
2025-01-16 17:29:57,699 - api.v1.auth.service - INFO - User found: <User(name='Ojogu Nkang', role='<Role(name='RoleEnum.ADMIN')>')>
2025-01-16 17:29:57,702 - api.v1.auth.service - INFO - Parsed user role: ADMIN
2025-01-16 17:29:57,705 - api.v1.auth.service - INFO - Permission granted for role: ADMIN
2025-01-16 17:29:57,712 - api.v1.auth.service - INFO - a5f8a315-4058-4650-9687-b10871bf667d
2025-01-16 17:29:57,890 - api.v1.auth.service - INFO - User found: <User(name='Ojogu Nkang', role='<Role(name='RoleEnum.ADMIN')>')>
2025-01-16 17:30:00,268 - api.v1.auth.service - INFO - Checking role permission for user
2025-01-16 17:30:00,271 - api.v1.auth.service - INFO - Normalized required roles: ['ADMIN', 'SUBADMIN']
2025-01-16 17:30:00,274 - api.v1.auth.service - INFO - a5f8a315-4058-4650-9687-b10871bf667d
2025-01-16 17:30:00,768 - api.v1.auth.service - INFO - User found: <User(name='Ojogu Nkang', role='<Role(name='RoleEnum.ADMIN')>')>
2025-01-16 17:30:00,771 - api.v1.auth.service - INFO - Parsed user role: ADMIN
2025-01-16 17:30:00,774 - api.v1.auth.service - INFO - Permission granted for role: ADMIN
2025-01-16 17:30:00,781 - api.v1.auth.service - INFO - a5f8a315-4058-4650-9687-b10871bf667d
2025-01-16 17:30:00,938 - api.v1.auth.service - INFO - User found: <User(name='Ojogu Nkang', role='<Role(name='RoleEnum.ADMIN')>')>
2025-01-16 17:31:02,626 - api.v1.auth.service - INFO - Checking role permission for user
2025-01-16 17:31:02,630 - api.v1.auth.service - INFO - Normalized required roles: ['ADMIN', 'SUBADMIN']
2025-01-16 17:31:02,634 - api.v1.auth.service - INFO - a5f8a315-4058-4650-9687-b10871bf667d
2025-01-16 17:31:03,123 - api.v1.auth.service - INFO - User found: <User(name='Ojogu Nkang', role='<Role(name='RoleEnum.ADMIN')>')>
2025-01-16 17:31:03,126 - api.v1.auth.service - INFO - Parsed user role: ADMIN
2025-01-16 17:31:03,129 - api.v1.auth.service - INFO - Permission granted for role: ADMIN
2025-01-16 17:31:16,126 - api.v1.auth.service - INFO - Checking role permission for user
2025-01-16 17:31:16,129 - api.v1.auth.service - INFO - Normalized required roles: ['SUPERADMIN', 'ADMIN']
2025-01-16 17:31:16,133 - api.v1.auth.service - INFO - a5f8a315-4058-4650-9687-b10871bf667d
2025-01-16 17:31:16,472 - api.v1.auth.service - INFO - Checking role permission for user
2025-01-16 17:31:16,477 - api.v1.auth.service - INFO - Normalized required roles: ['SUPERADMIN', 'ADMIN', 'BURSAR', 'SUBADMIN', 'STUDENT']
2025-01-16 17:31:16,480 - api.v1.auth.service - INFO - a5f8a315-4058-4650-9687-b10871bf667d
2025-01-16 17:31:16,639 - api.v1.auth.service - INFO - User found: None
2025-01-16 17:31:16,642 - api.v1.auth.service - ERROR - User not found
2025-01-16 17:31:16,647 - api.v1.auth.service - INFO - a5f8a315-4058-4650-9687-b10871bf667d
2025-01-16 17:31:16,702 - api.v1.auth.service - INFO - Checking role permission for user
2025-01-16 17:31:16,708 - api.v1.auth.service - INFO - Normalized required roles: ['SUPERADMIN', 'ADMIN']
2025-01-16 17:31:16,712 - api.v1.auth.service - INFO - a5f8a315-4058-4650-9687-b10871bf667d
2025-01-16 17:31:16,791 - api.v1.auth.service - INFO - User found: None
2025-01-16 17:31:16,794 - api.v1.auth.service - ERROR - User not found
2025-01-16 17:31:16,799 - api.v1.auth.service - INFO - a5f8a315-4058-4650-9687-b10871bf667d
2025-01-16 17:31:16,966 - api.v1.auth.service - INFO - User found: <User(name='Ojogu Nkang', role='<Role(name='RoleEnum.ADMIN')>')>
2025-01-16 17:31:16,970 - api.v1.auth.service - INFO - Parsed user role: ADMIN
2025-01-16 17:31:16,973 - api.v1.auth.service - INFO - Permission granted for role: ADMIN
2025-01-16 17:31:16,979 - api.v1.auth.service - INFO - a5f8a315-4058-4650-9687-b10871bf667d
2025-01-16 17:31:17,063 - api.v1.auth.service - INFO - User found: None
2025-01-16 17:31:17,066 - api.v1.auth.service - ERROR - User not found
2025-01-16 17:31:17,072 - api.v1.auth.service - INFO - a5f8a315-4058-4650-9687-b10871bf667d
2025-01-16 17:31:17,555 - api.v1.auth.service - INFO - User found: <User(name='Ojogu Nkang', role='<Role(name='RoleEnum.ADMIN')>')>
2025-01-16 17:31:17,560 - api.v1.auth.service - INFO - User found: <User(name='Ojogu Nkang', role='<Role(name='RoleEnum.ADMIN')>')>
2025-01-16 17:31:17,564 - api.v1.auth.service - INFO - Parsed user role: ADMIN
2025-01-16 17:31:17,569 - api.v1.auth.service - INFO - Permission granted for role: ADMIN
2025-01-16 17:31:17,577 - api.v1.auth.service - INFO - a5f8a315-4058-4650-9687-b10871bf667d
2025-01-16 17:31:17,718 - api.v1.auth.service - INFO - User found: <User(name='Ojogu Nkang', role='<Role(name='RoleEnum.ADMIN')>')>
2025-01-16 17:31:17,722 - api.v1.auth.service - INFO - Parsed user role: ADMIN
2025-01-16 17:31:17,726 - api.v1.auth.service - INFO - Permission granted for role: ADMIN
2025-01-16 17:31:17,733 - api.v1.auth.service - INFO - a5f8a315-4058-4650-9687-b10871bf667d
2025-01-16 17:31:17,736 - api.v1.auth.service - INFO - User found: <User(name='Ojogu Nkang', role='<Role(name='RoleEnum.ADMIN')>')>
2025-01-16 17:31:17,873 - api.v1.auth.service - INFO - Checking role permission for user
2025-01-16 17:31:17,881 - api.v1.auth.service - INFO - Normalized required roles: ['SUPERADMIN', 'ADMIN']
2025-01-16 17:31:17,888 - api.v1.auth.service - INFO - a5f8a315-4058-4650-9687-b10871bf667d
2025-01-16 17:31:17,913 - api.v1.auth.service - INFO - User found: <User(name='Ojogu Nkang', role='<Role(name='RoleEnum.ADMIN')>')>
2025-01-16 17:31:18,231 - api.v1.auth.service - INFO - User found: None
2025-01-16 17:31:18,236 - api.v1.auth.service - ERROR - User not found
2025-01-16 17:31:18,239 - api.v1.auth.service - INFO - a5f8a315-4058-4650-9687-b10871bf667d
2025-01-16 17:31:18,572 - api.v1.auth.service - INFO - User found: <User(name='Ojogu Nkang', role='<Role(name='RoleEnum.ADMIN')>')>
2025-01-16 17:31:18,575 - api.v1.auth.service - INFO - Parsed user role: ADMIN
2025-01-16 17:31:18,578 - api.v1.auth.service - INFO - Permission granted for role: ADMIN
2025-01-16 17:31:18,585 - api.v1.auth.service - INFO - a5f8a315-4058-4650-9687-b10871bf667d
2025-01-16 17:31:18,758 - api.v1.auth.service - INFO - User found: <User(name='Ojogu Nkang', role='<Role(name='RoleEnum.ADMIN')>')>
2025-01-16 17:31:18,954 - api.v1.auth.service - INFO - Checking role permission for user
2025-01-16 17:31:18,958 - api.v1.auth.service - INFO - Normalized required roles: ['SUPERADMIN', 'ADMIN']
2025-01-16 17:31:18,962 - api.v1.auth.service - INFO - a5f8a315-4058-4650-9687-b10871bf667d
2025-01-16 17:31:19,288 - api.v1.auth.service - INFO - User found: None
2025-01-16 17:31:19,292 - api.v1.auth.service - ERROR - User not found
2025-01-16 17:31:19,295 - api.v1.auth.service - INFO - a5f8a315-4058-4650-9687-b10871bf667d
2025-01-16 17:31:19,641 - api.v1.auth.service - INFO - User found: <User(name='Ojogu Nkang', role='<Role(name='RoleEnum.ADMIN')>')>
2025-01-16 17:31:19,646 - api.v1.auth.service - INFO - Parsed user role: ADMIN
2025-01-16 17:31:19,650 - api.v1.auth.service - INFO - Permission granted for role: ADMIN
2025-01-16 17:31:19,659 - api.v1.auth.service - INFO - a5f8a315-4058-4650-9687-b10871bf667d
2025-01-16 17:31:19,865 - api.v1.auth.service - INFO - User found: <User(name='Ojogu Nkang', role='<Role(name='RoleEnum.ADMIN')>')>
2025-01-16 17:32:02,081 - api.v1.auth.service - INFO - Checking role permission for user
2025-01-16 17:32:02,086 - api.v1.auth.service - INFO - Normalized required roles: ['ADMIN', 'SUBADMIN']
2025-01-16 17:32:02,090 - api.v1.auth.service - INFO - a5f8a315-4058-4650-9687-b10871bf667d
2025-01-16 17:32:06,522 - api.v1.auth.service - INFO - User found: <User(name='Ojogu Nkang', role='<Role(name='RoleEnum.ADMIN')>')>
2025-01-16 17:32:06,530 - api.v1.auth.service - INFO - Parsed user role: ADMIN
2025-01-16 17:32:06,538 - api.v1.auth.service - INFO - Permission granted for role: ADMIN
2025-01-16 17:32:06,548 - api.v1.auth.service - INFO - a5f8a315-4058-4650-9687-b10871bf667d
2025-01-16 17:32:06,744 - api.v1.auth.service - INFO - User found: <User(name='Ojogu Nkang', role='<Role(name='RoleEnum.ADMIN')>')>
2025-01-16 17:32:58,602 - api.v1.auth.service - INFO - Checking role permission for user
2025-01-16 17:32:58,608 - api.v1.auth.service - INFO - Normalized required roles: ['ADMIN', 'SUBADMIN']
2025-01-16 17:32:58,614 - api.v1.auth.service - INFO - a5f8a315-4058-4650-9687-b10871bf667d
2025-01-16 17:32:59,161 - api.v1.auth.service - INFO - User found: <User(name='Ojogu Nkang', role='<Role(name='RoleEnum.ADMIN')>')>
2025-01-16 17:32:59,165 - api.v1.auth.service - INFO - Parsed user role: ADMIN
2025-01-16 17:32:59,167 - api.v1.auth.service - INFO - Permission granted for role: ADMIN
2025-01-16 17:32:59,231 - api.v1.auth.service - INFO - a5f8a315-4058-4650-9687-b10871bf667d
2025-01-16 17:32:59,419 - api.v1.auth.service - INFO - User found: <User(name='Ojogu Nkang', role='<Role(name='RoleEnum.ADMIN')>')>
2025-01-16 17:36:37,755 - api.v1.auth.service - INFO - Checking role permission for user
2025-01-16 17:36:37,758 - api.v1.auth.service - INFO - Normalized required roles: ['ADMIN', 'SUBADMIN']
2025-01-16 17:36:37,762 - api.v1.auth.service - INFO - a5f8a315-4058-4650-9687-b10871bf667d
2025-01-16 17:36:41,121 - api.v1.auth.service - INFO - User found: <User(name='Ojogu Nkang', role='<Role(name='RoleEnum.ADMIN')>')>
2025-01-16 17:36:41,124 - api.v1.auth.service - INFO - Parsed user role: ADMIN
2025-01-16 17:36:41,127 - api.v1.auth.service - INFO - Permission granted for role: ADMIN
2025-01-16 17:36:41,136 - api.v1.auth.service - INFO - a5f8a315-4058-4650-9687-b10871bf667d
2025-01-16 17:36:41,312 - api.v1.auth.service - INFO - User found: <User(name='Ojogu Nkang', role='<Role(name='RoleEnum.ADMIN')>')>
2025-01-16 17:39:45,148 - api.v1.auth.service - INFO - Checking role permission for user
2025-01-16 17:39:45,151 - api.v1.auth.service - INFO - Normalized required roles: ['ADMIN', 'SUBADMIN']
2025-01-16 17:39:45,155 - api.v1.auth.service - INFO - a5f8a315-4058-4650-9687-b10871bf667d
2025-01-16 17:39:48,602 - api.v1.auth.service - INFO - User found: <User(name='Ojogu Nkang', role='<Role(name='RoleEnum.ADMIN')>')>
2025-01-16 17:39:48,606 - api.v1.auth.service - INFO - Parsed user role: ADMIN
2025-01-16 17:39:48,608 - api.v1.auth.service - INFO - Permission granted for role: ADMIN
2025-01-16 17:39:48,615 - api.v1.auth.service - INFO - a5f8a315-4058-4650-9687-b10871bf667d
2025-01-16 17:39:48,789 - api.v1.auth.service - INFO - User found: <User(name='Ojogu Nkang', role='<Role(name='RoleEnum.ADMIN')>')>
2025-01-16 17:43:15,856 - api.v1.auth.service - INFO - Checking role permission for user
2025-01-16 17:43:15,860 - api.v1.auth.service - INFO - Normalized required roles: ['ADMIN', 'SUBADMIN']
2025-01-16 17:43:15,864 - api.v1.auth.service - INFO - a5f8a315-4058-4650-9687-b10871bf667d
2025-01-16 17:43:15,905 - api.v1.auth.service - INFO - Checking role permission for user
2025-01-16 17:43:15,911 - api.v1.auth.service - INFO - Normalized required roles: ['ADMIN', 'SUBADMIN']
2025-01-16 17:43:15,915 - api.v1.auth.service - INFO - a5f8a315-4058-4650-9687-b10871bf667d
2025-01-16 17:43:21,473 - api.v1.auth.service - INFO - User found: <User(name='Ojogu Nkang', role='<Role(name='RoleEnum.ADMIN')>')>
2025-01-16 17:43:21,479 - api.v1.auth.service - INFO - Parsed user role: ADMIN
2025-01-16 17:43:21,483 - api.v1.auth.service - INFO - Permission granted for role: ADMIN
2025-01-16 17:43:21,493 - api.v1.auth.service - INFO - User found: <User(name='Ojogu Nkang', role='<Role(name='RoleEnum.ADMIN')>')>
2025-01-16 17:43:21,493 - api.v1.auth.service - INFO - a5f8a315-4058-4650-9687-b10871bf667d
2025-01-16 17:43:21,498 - api.v1.auth.service - INFO - Parsed user role: ADMIN
2025-01-16 17:43:21,506 - api.v1.auth.service - INFO - Permission granted for role: ADMIN
2025-01-16 17:43:21,517 - api.v1.auth.service - INFO - a5f8a315-4058-4650-9687-b10871bf667d
2025-01-16 17:43:21,675 - api.v1.auth.service - INFO - User found: <User(name='Ojogu Nkang', role='<Role(name='RoleEnum.ADMIN')>')>
2025-01-16 17:43:21,692 - api.v1.auth.service - INFO - User found: <User(name='Ojogu Nkang', role='<Role(name='RoleEnum.ADMIN')>')>
2025-01-16 17:44:40,892 - api.v1.auth.service - INFO - Checking role permission for user
2025-01-16 17:44:40,896 - api.v1.auth.service - INFO - Normalized required roles: ['ADMIN', 'SUBADMIN']
2025-01-16 17:44:40,900 - api.v1.auth.service - INFO - a5f8a315-4058-4650-9687-b10871bf667d
2025-01-16 17:44:44,159 - api.v1.auth.service - INFO - User found: <User(name='Ojogu Nkang', role='<Role(name='RoleEnum.ADMIN')>')>
2025-01-16 17:44:44,162 - api.v1.auth.service - INFO - Parsed user role: ADMIN
2025-01-16 17:44:44,166 - api.v1.auth.service - INFO - Permission granted for role: ADMIN
2025-01-16 17:44:44,177 - api.v1.auth.service - INFO - a5f8a315-4058-4650-9687-b10871bf667d
2025-01-16 17:44:44,347 - api.v1.auth.service - INFO - User found: <User(name='Ojogu Nkang', role='<Role(name='RoleEnum.ADMIN')>')>
2025-01-16 17:45:13,731 - api.v1.auth.service - INFO - Checking role permission for user
2025-01-16 17:45:13,735 - api.v1.auth.service - INFO - Normalized required roles: ['ADMIN', 'SUBADMIN']
2025-01-16 17:45:13,738 - api.v1.auth.service - INFO - a5f8a315-4058-4650-9687-b10871bf667d
2025-01-16 17:45:17,143 - api.v1.auth.service - INFO - User found: <User(name='Ojogu Nkang', role='<Role(name='RoleEnum.ADMIN')>')>
2025-01-16 17:45:17,147 - api.v1.auth.service - INFO - Parsed user role: ADMIN
2025-01-16 17:45:17,151 - api.v1.auth.service - INFO - Permission granted for role: ADMIN
2025-01-16 17:45:17,162 - api.v1.auth.service - INFO - a5f8a315-4058-4650-9687-b10871bf667d
2025-01-16 17:45:17,421 - api.v1.auth.service - INFO - User found: <User(name='Ojogu Nkang', role='<Role(name='RoleEnum.ADMIN')>')>
2025-01-16 17:47:15,098 - api.v1.auth.service - INFO - User found: <User(name='Ojogu Nkang', role='<Role(name='RoleEnum.ADMIN')>')>
2025-01-16 17:47:15,768 - api.v1.auth.service - INFO - User authenticated
2025-01-16 17:47:22,598 - api.v1.auth.service - INFO - Checking role permission for user
2025-01-16 17:47:22,601 - api.v1.auth.service - INFO - Normalized required roles: ['SUPERADMIN', 'ADMIN']
2025-01-16 17:47:22,604 - api.v1.auth.service - INFO - a5f8a315-4058-4650-9687-b10871bf667d
2025-01-16 17:47:22,813 - api.v1.auth.service - INFO - Checking role permission for user
2025-01-16 17:47:22,816 - api.v1.auth.service - INFO - Normalized required roles: ['SUPERADMIN', 'ADMIN']
2025-01-16 17:47:22,820 - api.v1.auth.service - INFO - a5f8a315-4058-4650-9687-b10871bf667d
2025-01-16 17:47:22,958 - api.v1.auth.service - INFO - User found: None
2025-01-16 17:47:22,963 - api.v1.auth.service - ERROR - User not found
2025-01-16 17:47:22,966 - api.v1.auth.service - INFO - a5f8a315-4058-4650-9687-b10871bf667d
2025-01-16 17:47:23,296 - api.v1.auth.service - INFO - User found: <User(name='Ojogu Nkang', role='<Role(name='RoleEnum.ADMIN')>')>
2025-01-16 17:47:23,300 - api.v1.auth.service - INFO - Parsed user role: ADMIN
2025-01-16 17:47:23,302 - api.v1.auth.service - INFO - Permission granted for role: ADMIN
2025-01-16 17:47:23,309 - api.v1.auth.service - INFO - a5f8a315-4058-4650-9687-b10871bf667d
2025-01-16 17:47:23,488 - api.v1.auth.service - INFO - User found: <User(name='Ojogu Nkang', role='<Role(name='RoleEnum.ADMIN')>')>
2025-01-16 17:47:24,389 - api.v1.auth.service - INFO - User found: None
2025-01-16 17:47:24,394 - api.v1.auth.service - ERROR - User not found
2025-01-16 17:47:24,398 - api.v1.auth.service - INFO - a5f8a315-4058-4650-9687-b10871bf667d
2025-01-16 17:47:24,631 - api.v1.auth.service - INFO - Checking role permission for user
2025-01-16 17:47:24,633 - api.v1.auth.service - INFO - Checking role permission for user
2025-01-16 17:47:24,637 - api.v1.auth.service - INFO - Normalized required roles: ['SUPERADMIN', 'ADMIN']
2025-01-16 17:47:24,638 - api.v1.auth.service - INFO - Normalized required roles: ['SUPERADMIN', 'ADMIN', 'BURSAR', 'SUBADMIN', 'STUDENT']
2025-01-16 17:47:24,641 - api.v1.auth.service - INFO - a5f8a315-4058-4650-9687-b10871bf667d
2025-01-16 17:47:24,642 - api.v1.auth.service - INFO - a5f8a315-4058-4650-9687-b10871bf667d
2025-01-16 17:47:24,730 - api.v1.auth.service - INFO - User found: <User(name='Ojogu Nkang', role='<Role(name='RoleEnum.ADMIN')>')>
2025-01-16 17:47:24,734 - api.v1.auth.service - INFO - Parsed user role: ADMIN
2025-01-16 17:47:24,738 - api.v1.auth.service - INFO - Permission granted for role: ADMIN
2025-01-16 17:47:24,745 - api.v1.auth.service - INFO - a5f8a315-4058-4650-9687-b10871bf667d
2025-01-16 17:47:24,822 - api.v1.auth.service - INFO - Checking role permission for user
2025-01-16 17:47:24,825 - api.v1.auth.service - INFO - Normalized required roles: ['SUPERADMIN', 'ADMIN']
2025-01-16 17:47:24,829 - api.v1.auth.service - INFO - a5f8a315-4058-4650-9687-b10871bf667d
2025-01-16 17:47:24,915 - api.v1.auth.service - INFO - User found: <User(name='Ojogu Nkang', role='<Role(name='RoleEnum.ADMIN')>')>
2025-01-16 17:47:24,970 - api.v1.auth.service - INFO - User found: None
2025-01-16 17:47:24,973 - api.v1.auth.service - ERROR - User not found
2025-01-16 17:47:24,977 - api.v1.auth.service - INFO - a5f8a315-4058-4650-9687-b10871bf667d
2025-01-16 17:47:25,353 - api.v1.auth.service - INFO - User found: <User(name='Ojogu Nkang', role='<Role(name='RoleEnum.ADMIN')>')>
2025-01-16 17:47:25,357 - api.v1.auth.service - INFO - Parsed user role: ADMIN
2025-01-16 17:47:25,361 - api.v1.auth.service - INFO - Permission granted for role: ADMIN
2025-01-16 17:47:25,369 - api.v1.auth.service - INFO - a5f8a315-4058-4650-9687-b10871bf667d
2025-01-16 17:47:25,540 - api.v1.auth.service - INFO - User found: <User(name='Ojogu Nkang', role='<Role(name='RoleEnum.ADMIN')>')>
2025-01-16 17:47:26,190 - api.v1.auth.service - INFO - User found: None
2025-01-16 17:47:26,194 - api.v1.auth.service - ERROR - User not found
2025-01-16 17:47:26,201 - api.v1.auth.service - INFO - a5f8a315-4058-4650-9687-b10871bf667d
2025-01-16 17:47:26,368 - api.v1.auth.service - INFO - User found: None
2025-01-16 17:47:26,371 - api.v1.auth.service - ERROR - User not found
2025-01-16 17:47:26,374 - api.v1.auth.service - INFO - a5f8a315-4058-4650-9687-b10871bf667d
2025-01-16 17:47:26,519 - api.v1.auth.service - INFO - User found: <User(name='Ojogu Nkang', role='<Role(name='RoleEnum.ADMIN')>')>
2025-01-16 17:47:26,523 - api.v1.auth.service - INFO - Parsed user role: ADMIN
2025-01-16 17:47:26,526 - api.v1.auth.service - INFO - Permission granted for role: ADMIN
2025-01-16 17:47:26,535 - api.v1.auth.service - INFO - a5f8a315-4058-4650-9687-b10871bf667d
2025-01-16 17:47:26,731 - api.v1.auth.service - INFO - User found: <User(name='Ojogu Nkang', role='<Role(name='RoleEnum.ADMIN')>')>
2025-01-16 17:47:26,731 - api.v1.auth.service - INFO - User found: <User(name='Ojogu Nkang', role='<Role(name='RoleEnum.ADMIN')>')>
2025-01-16 17:47:26,752 - api.v1.auth.service - INFO - Parsed user role: ADMIN
2025-01-16 17:47:26,756 - api.v1.auth.service - INFO - Permission granted for role: ADMIN
2025-01-16 17:47:26,765 - api.v1.auth.service - INFO - a5f8a315-4058-4650-9687-b10871bf667d
2025-01-16 17:47:26,964 - api.v1.auth.service - INFO - User found: <User(name='Ojogu Nkang', role='<Role(name='RoleEnum.ADMIN')>')>
2025-01-16 17:47:29,698 - api.v1.auth.service - INFO - Checking role permission for user
2025-01-16 17:47:29,701 - api.v1.auth.service - INFO - Normalized required roles: ['ADMIN', 'SUBADMIN']
2025-01-16 17:47:29,705 - api.v1.auth.service - INFO - a5f8a315-4058-4650-9687-b10871bf667d
2025-01-16 17:47:30,208 - api.v1.auth.service - INFO - User found: <User(name='Ojogu Nkang', role='<Role(name='RoleEnum.ADMIN')>')>
2025-01-16 17:47:30,212 - api.v1.auth.service - INFO - Parsed user role: ADMIN
2025-01-16 17:47:30,216 - api.v1.auth.service - INFO - Permission granted for role: ADMIN
2025-01-16 17:47:30,224 - api.v1.auth.service - INFO - a5f8a315-4058-4650-9687-b10871bf667d
2025-01-16 17:47:30,397 - api.v1.auth.service - INFO - User found: <User(name='Ojogu Nkang', role='<Role(name='RoleEnum.ADMIN')>')>
2025-01-16 17:49:08,612 - api.v1.auth.service - INFO - Checking role permission for user
2025-01-16 17:49:08,616 - api.v1.auth.service - INFO - Normalized required roles: ['SUPERADMIN', 'ADMIN']
2025-01-16 17:49:08,621 - api.v1.auth.service - INFO - a5f8a315-4058-4650-9687-b10871bf667d
2025-01-16 17:49:08,838 - api.v1.auth.service - INFO - Checking role permission for user
2025-01-16 17:49:08,840 - api.v1.auth.service - INFO - Checking role permission for user
2025-01-16 17:49:08,844 - api.v1.auth.service - INFO - Normalized required roles: ['SUPERADMIN', 'ADMIN']
2025-01-16 17:49:08,847 - api.v1.auth.service - INFO - Normalized required roles: ['SUPERADMIN', 'ADMIN']
2025-01-16 17:49:08,851 - api.v1.auth.service - INFO - a5f8a315-4058-4650-9687-b10871bf667d
2025-01-16 17:49:08,855 - api.v1.auth.service - INFO - a5f8a315-4058-4650-9687-b10871bf667d
2025-01-16 17:49:09,128 - api.v1.auth.service - INFO - User found: None
2025-01-16 17:49:09,132 - api.v1.auth.service - ERROR - User not found
2025-01-16 17:49:09,136 - api.v1.auth.service - INFO - a5f8a315-4058-4650-9687-b10871bf667d
2025-01-16 17:49:09,386 - api.v1.auth.service - INFO - User found: None
2025-01-16 17:49:09,390 - api.v1.auth.service - INFO - User found: None
2025-01-16 17:49:09,390 - api.v1.auth.service - ERROR - User not found
2025-01-16 17:49:09,394 - api.v1.auth.service - ERROR - User not found
2025-01-16 17:49:09,396 - api.v1.auth.service - INFO - a5f8a315-4058-4650-9687-b10871bf667d
2025-01-16 17:49:09,398 - api.v1.auth.service - INFO - a5f8a315-4058-4650-9687-b10871bf667d
2025-01-16 17:49:09,480 - api.v1.auth.service - INFO - User found: <User(name='Ojogu Nkang', role='<Role(name='RoleEnum.ADMIN')>')>
2025-01-16 17:49:09,485 - api.v1.auth.service - INFO - Parsed user role: ADMIN
2025-01-16 17:49:09,488 - api.v1.auth.service - INFO - Permission granted for role: ADMIN
2025-01-16 17:49:09,494 - api.v1.auth.service - INFO - a5f8a315-4058-4650-9687-b10871bf667d
2025-01-16 17:49:09,672 - api.v1.auth.service - INFO - User found: <User(name='Ojogu Nkang', role='<Role(name='RoleEnum.ADMIN')>')>
2025-01-16 17:49:09,720 - api.v1.auth.service - INFO - User found: <User(name='Ojogu Nkang', role='<Role(name='RoleEnum.ADMIN')>')>
2025-01-16 17:49:09,723 - api.v1.auth.service - INFO - Parsed user role: ADMIN
2025-01-16 17:49:09,725 - api.v1.auth.service - INFO - User found: <User(name='Ojogu Nkang', role='<Role(name='RoleEnum.ADMIN')>')>
2025-01-16 17:49:09,728 - api.v1.auth.service - INFO - Permission granted for role: ADMIN
2025-01-16 17:49:09,729 - api.v1.auth.service - INFO - Parsed user role: ADMIN
2025-01-16 17:49:09,734 - api.v1.auth.service - INFO - Permission granted for role: ADMIN
2025-01-16 17:49:09,739 - api.v1.auth.service - INFO - a5f8a315-4058-4650-9687-b10871bf667d
2025-01-16 17:49:09,745 - api.v1.auth.service - INFO - a5f8a315-4058-4650-9687-b10871bf667d
2025-01-16 17:49:09,749 - api.v1.auth.service - INFO - Checking role permission for user
2025-01-16 17:49:09,755 - api.v1.auth.service - INFO - Normalized required roles: ['SUPERADMIN', 'ADMIN', 'BURSAR', 'SUBADMIN', 'STUDENT']
2025-01-16 17:49:09,760 - api.v1.auth.service - INFO - a5f8a315-4058-4650-9687-b10871bf667d
2025-01-16 17:49:09,899 - api.v1.auth.service - INFO - User found: <User(name='Ojogu Nkang', role='<Role(name='RoleEnum.ADMIN')>')>
2025-01-16 17:49:09,938 - api.v1.auth.service - INFO - User found: <User(name='Ojogu Nkang', role='<Role(name='RoleEnum.ADMIN')>')>
2025-01-16 17:49:10,090 - api.v1.auth.service - INFO - User found: None
2025-01-16 17:49:10,095 - api.v1.auth.service - ERROR - User not found
2025-01-16 17:49:10,101 - api.v1.auth.service - INFO - a5f8a315-4058-4650-9687-b10871bf667d
2025-01-16 17:49:10,552 - api.v1.auth.service - INFO - User found: <User(name='Ojogu Nkang', role='<Role(name='RoleEnum.ADMIN')>')>
2025-01-16 17:49:10,555 - api.v1.auth.service - INFO - Parsed user role: ADMIN
2025-01-16 17:49:10,560 - api.v1.auth.service - INFO - Permission granted for role: ADMIN
2025-01-16 17:49:10,569 - api.v1.auth.service - INFO - a5f8a315-4058-4650-9687-b10871bf667d
2025-01-16 17:49:10,851 - api.v1.auth.service - INFO - User found: <User(name='Ojogu Nkang', role='<Role(name='RoleEnum.ADMIN')>')>
2025-01-16 17:49:14,022 - api.v1.auth.service - INFO - Checking role permission for user
2025-01-16 17:49:14,026 - api.v1.auth.service - INFO - Normalized required roles: ['SUPERADMIN', 'ADMIN']
2025-01-16 17:49:14,029 - api.v1.auth.service - INFO - a5f8a315-4058-4650-9687-b10871bf667d
2025-01-16 17:49:14,405 - api.v1.auth.service - INFO - User found: None
2025-01-16 17:49:14,408 - api.v1.auth.service - ERROR - User not found
2025-01-16 17:49:14,412 - api.v1.auth.service - INFO - a5f8a315-4058-4650-9687-b10871bf667d
2025-01-16 17:49:14,765 - api.v1.auth.service - INFO - User found: <User(name='Ojogu Nkang', role='<Role(name='RoleEnum.ADMIN')>')>
2025-01-16 17:49:14,769 - api.v1.auth.service - INFO - Parsed user role: ADMIN
2025-01-16 17:49:14,771 - api.v1.auth.service - INFO - Permission granted for role: ADMIN
2025-01-16 17:49:14,778 - api.v1.auth.service - INFO - a5f8a315-4058-4650-9687-b10871bf667d
2025-01-16 17:49:14,964 - api.v1.auth.service - INFO - User found: <User(name='Ojogu Nkang', role='<Role(name='RoleEnum.ADMIN')>')>
2025-01-16 17:49:17,020 - api.v1.auth.service - INFO - Checking role permission for user
2025-01-16 17:49:17,023 - api.v1.auth.service - INFO - Normalized required roles: ['ADMIN', 'SUBADMIN']
2025-01-16 17:49:17,027 - api.v1.auth.service - INFO - a5f8a315-4058-4650-9687-b10871bf667d
2025-01-16 17:49:17,522 - api.v1.auth.service - INFO - User found: <User(name='Ojogu Nkang', role='<Role(name='RoleEnum.ADMIN')>')>
2025-01-16 17:49:17,525 - api.v1.auth.service - INFO - Parsed user role: ADMIN
2025-01-16 17:49:17,529 - api.v1.auth.service - INFO - Permission granted for role: ADMIN
2025-01-16 17:49:17,537 - api.v1.auth.service - INFO - a5f8a315-4058-4650-9687-b10871bf667d
2025-01-16 17:49:17,747 - api.v1.auth.service - INFO - User found: <User(name='Ojogu Nkang', role='<Role(name='RoleEnum.ADMIN')>')>
2025-01-16 17:50:22,515 - api.v1.auth.service - INFO - Checking role permission for user
2025-01-16 17:50:22,519 - api.v1.auth.service - INFO - Normalized required roles: ['ADMIN', 'SUBADMIN']
2025-01-16 17:50:22,522 - api.v1.auth.service - INFO - a5f8a315-4058-4650-9687-b10871bf667d
2025-01-16 17:50:22,992 - api.v1.auth.service - INFO - User found: <User(name='Ojogu Nkang', role='<Role(name='RoleEnum.ADMIN')>')>
2025-01-16 17:50:22,996 - api.v1.auth.service - INFO - Parsed user role: ADMIN
2025-01-16 17:50:22,999 - api.v1.auth.service - INFO - Permission granted for role: ADMIN
2025-01-16 17:50:23,011 - api.v1.auth.service - INFO - a5f8a315-4058-4650-9687-b10871bf667d
2025-01-16 17:50:23,174 - api.v1.auth.service - INFO - User found: <User(name='Ojogu Nkang', role='<Role(name='RoleEnum.ADMIN')>')>
2025-01-16 17:54:32,452 - api.v1.auth.service - INFO - Checking role permission for user
2025-01-16 17:54:32,457 - api.v1.auth.service - INFO - Normalized required roles: ['ADMIN', 'SUBADMIN']
2025-01-16 17:54:32,465 - api.v1.auth.service - INFO - a5f8a315-4058-4650-9687-b10871bf667d
2025-01-16 17:54:37,862 - api.v1.auth.service - INFO - User found: <User(name='Ojogu Nkang', role='<Role(name='RoleEnum.ADMIN')>')>
2025-01-16 17:54:37,866 - api.v1.auth.service - INFO - Parsed user role: ADMIN
2025-01-16 17:54:37,870 - api.v1.auth.service - INFO - Permission granted for role: ADMIN
2025-01-16 17:54:37,882 - api.v1.auth.service - INFO - a5f8a315-4058-4650-9687-b10871bf667d
2025-01-16 17:54:38,050 - api.v1.auth.service - INFO - User found: <User(name='Ojogu Nkang', role='<Role(name='RoleEnum.ADMIN')>')>
2025-01-16 17:58:15,622 - api.v1.auth.service - INFO - Checking role permission for user
2025-01-16 17:58:15,625 - api.v1.auth.service - INFO - Normalized required roles: ['ADMIN', 'SUBADMIN']
2025-01-16 17:58:15,628 - api.v1.auth.service - INFO - a5f8a315-4058-4650-9687-b10871bf667d
2025-01-16 17:58:19,049 - api.v1.auth.service - INFO - User found: <User(name='Ojogu Nkang', role='<Role(name='RoleEnum.ADMIN')>')>
2025-01-16 17:58:19,052 - api.v1.auth.service - INFO - Parsed user role: ADMIN
2025-01-16 17:58:19,055 - api.v1.auth.service - INFO - Permission granted for role: ADMIN
2025-01-16 17:58:19,065 - api.v1.auth.service - INFO - a5f8a315-4058-4650-9687-b10871bf667d
2025-01-16 17:58:19,224 - api.v1.auth.service - INFO - User found: <User(name='Ojogu Nkang', role='<Role(name='RoleEnum.ADMIN')>')>
2025-01-16 17:59:22,732 - api.v1.auth.service - INFO - Checking role permission for user
2025-01-16 17:59:22,737 - api.v1.auth.service - INFO - Normalized required roles: ['ADMIN', 'SUBADMIN']
2025-01-16 17:59:22,741 - api.v1.auth.service - INFO - a5f8a315-4058-4650-9687-b10871bf667d
2025-01-16 17:59:25,887 - api.v1.auth.service - INFO - User found: <User(name='Ojogu Nkang', role='<Role(name='RoleEnum.ADMIN')>')>
2025-01-16 17:59:25,891 - api.v1.auth.service - INFO - Parsed user role: ADMIN
2025-01-16 17:59:25,894 - api.v1.auth.service - INFO - Permission granted for role: ADMIN
2025-01-16 17:59:25,907 - api.v1.auth.service - INFO - a5f8a315-4058-4650-9687-b10871bf667d
2025-01-16 17:59:26,088 - api.v1.auth.service - INFO - User found: <User(name='Ojogu Nkang', role='<Role(name='RoleEnum.ADMIN')>')>
2025-01-17 11:31:36,201 - api.v1.auth.service - INFO - User found: <User(name='Ojogu Nkang', role='<Role(name='RoleEnum.ADMIN')>')>
2025-01-17 11:31:36,952 - api.v1.auth.service - INFO - User authenticated
2025-01-17 11:31:44,629 - api.v1.auth.service - INFO - Checking role permission for user
2025-01-17 11:31:44,633 - api.v1.auth.service - INFO - Normalized required roles: ['SUPERADMIN', 'ADMIN']
2025-01-17 11:31:44,636 - api.v1.auth.service - INFO - a5f8a315-4058-4650-9687-b10871bf667d
2025-01-17 11:31:46,232 - api.v1.auth.service - INFO - User found: None
2025-01-17 11:31:46,235 - api.v1.auth.service - ERROR - User not found
2025-01-17 11:31:46,238 - api.v1.auth.service - INFO - a5f8a315-4058-4650-9687-b10871bf667d
2025-01-17 11:31:46,558 - api.v1.auth.service - INFO - Checking role permission for user
2025-01-17 11:31:46,562 - api.v1.auth.service - INFO - Normalized required roles: ['SUPERADMIN', 'ADMIN']
2025-01-17 11:31:46,565 - api.v1.auth.service - INFO - a5f8a315-4058-4650-9687-b10871bf667d
2025-01-17 11:31:46,605 - api.v1.auth.service - INFO - User found: <User(name='Ojogu Nkang', role='<Role(name='RoleEnum.ADMIN')>')>
2025-01-17 11:31:46,609 - api.v1.auth.service - INFO - Parsed user role: ADMIN
2025-01-17 11:31:46,611 - api.v1.auth.service - INFO - Permission granted for role: ADMIN
2025-01-17 11:31:46,639 - api.v1.auth.service - INFO - a5f8a315-4058-4650-9687-b10871bf667d
2025-01-17 11:31:46,825 - api.v1.auth.service - INFO - User found: <User(name='Ojogu Nkang', role='<Role(name='RoleEnum.ADMIN')>')>
2025-01-17 11:31:47,175 - api.v1.auth.service - INFO - Checking role permission for user
2025-01-17 11:31:47,179 - api.v1.auth.service - INFO - Normalized required roles: ['SUPERADMIN', 'ADMIN', 'BURSAR', 'SUBADMIN', 'STUDENT']
2025-01-17 11:31:47,182 - api.v1.auth.service - INFO - a5f8a315-4058-4650-9687-b10871bf667d
2025-01-17 11:31:48,467 - api.v1.auth.service - INFO - User found: None
2025-01-17 11:31:48,470 - api.v1.auth.service - ERROR - User not found
2025-01-17 11:31:48,474 - api.v1.auth.service - INFO - a5f8a315-4058-4650-9687-b10871bf667d
2025-01-17 11:31:48,655 - api.v1.auth.service - INFO - User found: None
2025-01-17 11:31:48,658 - api.v1.auth.service - ERROR - User not found
2025-01-17 11:31:48,661 - api.v1.auth.service - INFO - a5f8a315-4058-4650-9687-b10871bf667d
2025-01-17 11:31:48,849 - api.v1.auth.service - INFO - User found: <User(name='Ojogu Nkang', role='<Role(name='RoleEnum.ADMIN')>')>
2025-01-17 11:31:48,852 - api.v1.auth.service - INFO - Parsed user role: ADMIN
2025-01-17 11:31:48,856 - api.v1.auth.service - INFO - Permission granted for role: ADMIN
2025-01-17 11:31:48,864 - api.v1.auth.service - INFO - a5f8a315-4058-4650-9687-b10871bf667d
2025-01-17 11:31:49,043 - api.v1.auth.service - INFO - User found: <User(name='Ojogu Nkang', role='<Role(name='RoleEnum.ADMIN')>')>
2025-01-17 11:31:49,044 - api.v1.auth.service - INFO - User found: <User(name='Ojogu Nkang', role='<Role(name='RoleEnum.ADMIN')>')>
2025-01-17 11:31:49,047 - api.v1.auth.service - INFO - Parsed user role: ADMIN
2025-01-17 11:31:49,051 - api.v1.auth.service - INFO - Permission granted for role: ADMIN
2025-01-17 11:31:49,061 - api.v1.auth.service - INFO - a5f8a315-4058-4650-9687-b10871bf667d
2025-01-17 11:31:49,252 - api.v1.auth.service - INFO - User found: <User(name='Ojogu Nkang', role='<Role(name='RoleEnum.ADMIN')>')>
2025-01-17 11:31:52,173 - api.v1.auth.service - INFO - Checking role permission for user
2025-01-17 11:31:52,176 - api.v1.auth.service - INFO - Normalized required roles: ['SUPERADMIN', 'ADMIN']
2025-01-17 11:31:52,180 - api.v1.auth.service - INFO - a5f8a315-4058-4650-9687-b10871bf667d
2025-01-17 11:31:52,563 - api.v1.auth.service - INFO - User found: None
2025-01-17 11:31:52,566 - api.v1.auth.service - ERROR - User not found
2025-01-17 11:31:52,568 - api.v1.auth.service - INFO - a5f8a315-4058-4650-9687-b10871bf667d
2025-01-17 11:31:52,937 - api.v1.auth.service - INFO - User found: <User(name='Ojogu Nkang', role='<Role(name='RoleEnum.ADMIN')>')>
2025-01-17 11:31:52,941 - api.v1.auth.service - INFO - Parsed user role: ADMIN
2025-01-17 11:31:52,944 - api.v1.auth.service - INFO - Permission granted for role: ADMIN
2025-01-17 11:31:52,952 - api.v1.auth.service - INFO - a5f8a315-4058-4650-9687-b10871bf667d
2025-01-17 11:31:53,163 - api.v1.auth.service - INFO - User found: <User(name='Ojogu Nkang', role='<Role(name='RoleEnum.ADMIN')>')>
2025-01-17 11:31:54,923 - api.v1.auth.service - INFO - Checking role permission for user
2025-01-17 11:31:54,926 - api.v1.auth.service - INFO - Normalized required roles: ['SUPERADMIN', 'ADMIN']
2025-01-17 11:31:54,929 - api.v1.auth.service - INFO - a5f8a315-4058-4650-9687-b10871bf667d
2025-01-17 11:31:55,300 - api.v1.auth.service - INFO - User found: None
2025-01-17 11:31:55,305 - api.v1.auth.service - ERROR - User not found
2025-01-17 11:31:55,309 - api.v1.auth.service - INFO - a5f8a315-4058-4650-9687-b10871bf667d
2025-01-17 11:31:55,680 - api.v1.auth.service - INFO - User found: <User(name='Ojogu Nkang', role='<Role(name='RoleEnum.ADMIN')>')>
2025-01-17 11:31:55,684 - api.v1.auth.service - INFO - Parsed user role: ADMIN
2025-01-17 11:31:55,687 - api.v1.auth.service - INFO - Permission granted for role: ADMIN
2025-01-17 11:31:55,693 - api.v1.auth.service - INFO - a5f8a315-4058-4650-9687-b10871bf667d
2025-01-17 11:31:55,875 - api.v1.auth.service - INFO - User found: <User(name='Ojogu Nkang', role='<Role(name='RoleEnum.ADMIN')>')>
2025-01-17 11:31:58,333 - api.v1.auth.service - INFO - Checking role permission for user
2025-01-17 11:31:58,348 - api.v1.auth.service - INFO - Normalized required roles: ['ADMIN', 'SUBADMIN']
2025-01-17 11:31:58,355 - api.v1.auth.service - INFO - a5f8a315-4058-4650-9687-b10871bf667d
2025-01-17 11:31:58,899 - api.v1.auth.service - INFO - User found: <User(name='Ojogu Nkang', role='<Role(name='RoleEnum.ADMIN')>')>
2025-01-17 11:31:58,902 - api.v1.auth.service - INFO - Parsed user role: ADMIN
2025-01-17 11:31:58,908 - api.v1.auth.service - INFO - Permission granted for role: ADMIN
2025-01-17 11:31:58,914 - api.v1.auth.service - INFO - a5f8a315-4058-4650-9687-b10871bf667d
2025-01-17 11:31:59,147 - api.v1.auth.service - INFO - User found: <User(name='Ojogu Nkang', role='<Role(name='RoleEnum.ADMIN')>')>
2025-01-17 11:32:50,291 - api.v1.auth.service - INFO - Checking role permission for user
2025-01-17 11:32:50,294 - api.v1.auth.service - INFO - Normalized required roles: ['ADMIN', 'SUBADMIN']
2025-01-17 11:32:50,298 - api.v1.auth.service - INFO - a5f8a315-4058-4650-9687-b10871bf667d
2025-01-17 11:32:50,831 - api.v1.auth.service - INFO - User found: <User(name='Ojogu Nkang', role='<Role(name='RoleEnum.ADMIN')>')>
2025-01-17 11:32:50,834 - api.v1.auth.service - INFO - Parsed user role: ADMIN
2025-01-17 11:32:50,839 - api.v1.auth.service - INFO - Permission granted for role: ADMIN
2025-01-17 11:32:50,880 - api.v1.auth.service - INFO - a5f8a315-4058-4650-9687-b10871bf667d
2025-01-17 11:32:51,058 - api.v1.auth.service - INFO - User found: <User(name='Ojogu Nkang', role='<Role(name='RoleEnum.ADMIN')>')>
2025-01-17 11:37:06,472 - api.v1.auth.service - INFO - Checking role permission for user
2025-01-17 11:37:06,477 - api.v1.auth.service - INFO - Normalized required roles: ['ADMIN', 'SUBADMIN']
2025-01-17 11:37:06,483 - api.v1.auth.service - INFO - a5f8a315-4058-4650-9687-b10871bf667d
2025-01-17 11:37:10,056 - api.v1.auth.service - INFO - User found: <User(name='Ojogu Nkang', role='<Role(name='RoleEnum.ADMIN')>')>
2025-01-17 11:37:10,060 - api.v1.auth.service - INFO - Parsed user role: ADMIN
2025-01-17 11:37:10,064 - api.v1.auth.service - INFO - Permission granted for role: ADMIN
2025-01-17 11:37:10,075 - api.v1.auth.service - INFO - a5f8a315-4058-4650-9687-b10871bf667d
2025-01-17 11:37:10,253 - api.v1.auth.service - INFO - User found: <User(name='Ojogu Nkang', role='<Role(name='RoleEnum.ADMIN')>')>
2025-01-17 11:38:02,262 - api.v1.auth.service - INFO - Checking role permission for user
2025-01-17 11:38:02,267 - api.v1.auth.service - INFO - Normalized required roles: ['ADMIN', 'SUBADMIN']
2025-01-17 11:38:02,273 - api.v1.auth.service - INFO - a5f8a315-4058-4650-9687-b10871bf667d
2025-01-17 11:38:06,353 - api.v1.auth.service - INFO - User found: <User(name='Ojogu Nkang', role='<Role(name='RoleEnum.ADMIN')>')>
2025-01-17 11:38:06,359 - api.v1.auth.service - INFO - Parsed user role: ADMIN
2025-01-17 11:38:06,362 - api.v1.auth.service - INFO - Permission granted for role: ADMIN
2025-01-17 11:38:06,374 - api.v1.auth.service - INFO - a5f8a315-4058-4650-9687-b10871bf667d
2025-01-17 11:38:07,239 - api.v1.auth.service - INFO - User found: <User(name='Ojogu Nkang', role='<Role(name='RoleEnum.ADMIN')>')>
2025-01-17 11:46:34,754 - api.v1.auth.service - INFO - Checking role permission for user
2025-01-17 11:46:34,759 - api.v1.auth.service - INFO - Normalized required roles: ['ADMIN', 'SUBADMIN']
2025-01-17 11:46:34,764 - api.v1.auth.service - INFO - a5f8a315-4058-4650-9687-b10871bf667d
2025-01-17 11:46:38,304 - api.v1.auth.service - INFO - User found: <User(name='Ojogu Nkang', role='<Role(name='RoleEnum.ADMIN')>')>
2025-01-17 11:46:38,307 - api.v1.auth.service - INFO - Parsed user role: ADMIN
2025-01-17 11:46:38,310 - api.v1.auth.service - INFO - Permission granted for role: ADMIN
2025-01-17 11:46:38,321 - api.v1.auth.service - INFO - a5f8a315-4058-4650-9687-b10871bf667d
2025-01-17 11:46:38,495 - api.v1.auth.service - INFO - User found: <User(name='Ojogu Nkang', role='<Role(name='RoleEnum.ADMIN')>')>
2025-01-17 11:47:08,268 - api.v1.auth.service - INFO - Checking role permission for user
2025-01-17 11:47:08,272 - api.v1.auth.service - INFO - Normalized required roles: ['SUPERADMIN', 'ADMIN', 'BURSAR', 'SUBADMIN', 'STUDENT']
2025-01-17 11:47:08,277 - api.v1.auth.service - INFO - a5f8a315-4058-4650-9687-b10871bf667d
2025-01-17 11:47:08,464 - api.v1.auth.service - INFO - Checking role permission for user
2025-01-17 11:47:08,468 - api.v1.auth.service - INFO - Normalized required roles: ['SUPERADMIN', 'ADMIN']
2025-01-17 11:47:08,472 - api.v1.auth.service - INFO - a5f8a315-4058-4650-9687-b10871bf667d
2025-01-17 11:47:08,479 - api.v1.auth.service - INFO - Checking role permission for user
2025-01-17 11:47:08,483 - api.v1.auth.service - INFO - Normalized required roles: ['SUPERADMIN', 'ADMIN']
2025-01-17 11:47:08,487 - api.v1.auth.service - INFO - a5f8a315-4058-4650-9687-b10871bf667d
2025-01-17 11:47:08,689 - api.v1.auth.service - INFO - User found: None
2025-01-17 11:47:08,693 - api.v1.auth.service - ERROR - User not found
2025-01-17 11:47:08,697 - api.v1.auth.service - INFO - a5f8a315-4058-4650-9687-b10871bf667d
2025-01-17 11:47:09,258 - api.v1.auth.service - INFO - User found: <User(name='Ojogu Nkang', role='<Role(name='RoleEnum.ADMIN')>')>
2025-01-17 11:47:09,263 - api.v1.auth.service - INFO - Parsed user role: ADMIN
2025-01-17 11:47:09,266 - api.v1.auth.service - INFO - Permission granted for role: ADMIN
2025-01-17 11:47:09,275 - api.v1.auth.service - INFO - a5f8a315-4058-4650-9687-b10871bf667d
2025-01-17 11:47:09,564 - api.v1.auth.service - INFO - User found: <User(name='Ojogu Nkang', role='<Role(name='RoleEnum.ADMIN')>')>
2025-01-17 11:47:10,441 - api.v1.auth.service - INFO - User found: None
2025-01-17 11:47:10,445 - api.v1.auth.service - ERROR - User not found
2025-01-17 11:47:10,449 - api.v1.auth.service - INFO - a5f8a315-4058-4650-9687-b10871bf667d
2025-01-17 11:47:10,451 - api.v1.auth.service - INFO - User found: None
2025-01-17 11:47:10,459 - api.v1.auth.service - ERROR - User not found
2025-01-17 11:47:10,462 - api.v1.auth.service - INFO - a5f8a315-4058-4650-9687-b10871bf667d
2025-01-17 11:47:10,789 - api.v1.auth.service - INFO - User found: <User(name='Ojogu Nkang', role='<Role(name='RoleEnum.ADMIN')>')>
2025-01-17 11:47:10,792 - api.v1.auth.service - INFO - Parsed user role: ADMIN
2025-01-17 11:47:10,795 - api.v1.auth.service - INFO - Permission granted for role: ADMIN
2025-01-17 11:47:10,802 - api.v1.auth.service - INFO - a5f8a315-4058-4650-9687-b10871bf667d
2025-01-17 11:47:10,821 - api.v1.auth.service - INFO - User found: <User(name='Ojogu Nkang', role='<Role(name='RoleEnum.ADMIN')>')>
2025-01-17 11:47:10,825 - api.v1.auth.service - INFO - Parsed user role: ADMIN
2025-01-17 11:47:10,828 - api.v1.auth.service - INFO - Permission granted for role: ADMIN
2025-01-17 11:47:10,837 - api.v1.auth.service - INFO - a5f8a315-4058-4650-9687-b10871bf667d
2025-01-17 11:47:10,973 - api.v1.auth.service - INFO - User found: <User(name='Ojogu Nkang', role='<Role(name='RoleEnum.ADMIN')>')>
2025-01-17 11:47:11,010 - api.v1.auth.service - INFO - User found: <User(name='Ojogu Nkang', role='<Role(name='RoleEnum.ADMIN')>')>
2025-01-17 11:47:13,367 - api.v1.auth.service - INFO - Checking role permission for user
2025-01-17 11:47:13,370 - api.v1.auth.service - INFO - Normalized required roles: ['SUPERADMIN', 'ADMIN']
2025-01-17 11:47:13,373 - api.v1.auth.service - INFO - a5f8a315-4058-4650-9687-b10871bf667d
2025-01-17 11:47:13,731 - api.v1.auth.service - INFO - User found: None
2025-01-17 11:47:13,736 - api.v1.auth.service - ERROR - User not found
2025-01-17 11:47:13,739 - api.v1.auth.service - INFO - a5f8a315-4058-4650-9687-b10871bf667d
2025-01-17 11:47:14,220 - api.v1.auth.service - INFO - User found: <User(name='Ojogu Nkang', role='<Role(name='RoleEnum.ADMIN')>')>
2025-01-17 11:47:14,223 - api.v1.auth.service - INFO - Parsed user role: ADMIN
2025-01-17 11:47:14,227 - api.v1.auth.service - INFO - Permission granted for role: ADMIN
2025-01-17 11:47:14,236 - api.v1.auth.service - INFO - a5f8a315-4058-4650-9687-b10871bf667d
2025-01-17 11:47:14,416 - api.v1.auth.service - INFO - User found: <User(name='Ojogu Nkang', role='<Role(name='RoleEnum.ADMIN')>')>
2025-01-17 11:47:16,396 - api.v1.auth.service - INFO - Checking role permission for user
2025-01-17 11:47:16,401 - api.v1.auth.service - INFO - Normalized required roles: ['SUPERADMIN', 'ADMIN']
2025-01-17 11:47:16,405 - api.v1.auth.service - INFO - a5f8a315-4058-4650-9687-b10871bf667d
2025-01-17 11:47:16,861 - api.v1.auth.service - INFO - User found: None
2025-01-17 11:47:16,864 - api.v1.auth.service - ERROR - User not found
2025-01-17 11:47:16,868 - api.v1.auth.service - INFO - a5f8a315-4058-4650-9687-b10871bf667d
2025-01-17 11:47:17,269 - api.v1.auth.service - INFO - User found: <User(name='Ojogu Nkang', role='<Role(name='RoleEnum.ADMIN')>')>
2025-01-17 11:47:17,272 - api.v1.auth.service - INFO - Parsed user role: ADMIN
2025-01-17 11:47:17,275 - api.v1.auth.service - INFO - Permission granted for role: ADMIN
2025-01-17 11:47:17,282 - api.v1.auth.service - INFO - a5f8a315-4058-4650-9687-b10871bf667d
2025-01-17 11:47:17,465 - api.v1.auth.service - INFO - User found: <User(name='Ojogu Nkang', role='<Role(name='RoleEnum.ADMIN')>')>
2025-01-17 11:47:19,757 - api.v1.auth.service - INFO - Checking role permission for user
2025-01-17 11:47:19,792 - api.v1.auth.service - INFO - Normalized required roles: ['ADMIN', 'SUBADMIN']
2025-01-17 11:47:19,802 - api.v1.auth.service - INFO - a5f8a315-4058-4650-9687-b10871bf667d
2025-01-17 11:47:20,345 - api.v1.auth.service - INFO - User found: <User(name='Ojogu Nkang', role='<Role(name='RoleEnum.ADMIN')>')>
2025-01-17 11:47:20,359 - api.v1.auth.service - INFO - Parsed user role: ADMIN
2025-01-17 11:47:20,370 - api.v1.auth.service - INFO - Permission granted for role: ADMIN
2025-01-17 11:47:20,381 - api.v1.auth.service - INFO - a5f8a315-4058-4650-9687-b10871bf667d
2025-01-17 11:47:20,610 - api.v1.auth.service - INFO - User found: <User(name='Ojogu Nkang', role='<Role(name='RoleEnum.ADMIN')>')>
2025-01-17 11:49:09,346 - api.v1.auth.service - INFO - Checking role permission for user
2025-01-17 11:49:09,352 - api.v1.auth.service - INFO - Normalized required roles: ['SUPERADMIN', 'ADMIN']
2025-01-17 11:49:09,357 - api.v1.auth.service - INFO - a5f8a315-4058-4650-9687-b10871bf667d
2025-01-17 11:49:09,578 - api.v1.auth.service - INFO - Checking role permission for user
2025-01-17 11:49:09,685 - api.v1.auth.service - INFO - Normalized required roles: ['SUPERADMIN', 'ADMIN']
2025-01-17 11:49:09,690 - api.v1.auth.service - INFO - a5f8a315-4058-4650-9687-b10871bf667d
2025-01-17 11:49:09,730 - api.v1.auth.service - INFO - Checking role permission for user
2025-01-17 11:49:09,733 - api.v1.auth.service - INFO - Normalized required roles: ['SUPERADMIN', 'ADMIN', 'BURSAR', 'SUBADMIN', 'STUDENT']
2025-01-17 11:49:09,738 - api.v1.auth.service - INFO - Checking role permission for user
2025-01-17 11:49:09,740 - api.v1.auth.service - INFO - a5f8a315-4058-4650-9687-b10871bf667d
2025-01-17 11:49:09,745 - api.v1.auth.service - INFO - Normalized required roles: ['SUPERADMIN', 'ADMIN']
2025-01-17 11:49:09,750 - api.v1.auth.service - INFO - a5f8a315-4058-4650-9687-b10871bf667d
2025-01-17 11:49:13,283 - api.v1.auth.service - INFO - User found: None
2025-01-17 11:49:13,288 - api.v1.auth.service - ERROR - User not found
2025-01-17 11:49:13,291 - api.v1.auth.service - INFO - User found: None
2025-01-17 11:49:13,292 - api.v1.auth.service - INFO - User found: None
2025-01-17 11:49:13,293 - api.v1.auth.service - INFO - User found: None
2025-01-17 11:49:13,293 - api.v1.auth.service - INFO - a5f8a315-4058-4650-9687-b10871bf667d
2025-01-17 11:49:13,296 - api.v1.auth.service - ERROR - User not found
2025-01-17 11:49:13,298 - api.v1.auth.service - ERROR - User not found
2025-01-17 11:49:13,300 - api.v1.auth.service - ERROR - User not found
2025-01-17 11:49:13,312 - api.v1.auth.service - INFO - a5f8a315-4058-4650-9687-b10871bf667d
2025-01-17 11:49:13,313 - api.v1.auth.service - INFO - a5f8a315-4058-4650-9687-b10871bf667d
2025-01-17 11:49:13,316 - api.v1.auth.service - INFO - a5f8a315-4058-4650-9687-b10871bf667d
2025-01-17 11:49:13,657 - api.v1.auth.service - INFO - User found: <User(name='Ojogu Nkang', role='<Role(name='RoleEnum.ADMIN')>')>
2025-01-17 11:49:13,662 - api.v1.auth.service - INFO - Parsed user role: ADMIN
2025-01-17 11:49:13,666 - api.v1.auth.service - INFO - Permission granted for role: ADMIN
2025-01-17 11:49:13,674 - api.v1.auth.service - INFO - a5f8a315-4058-4650-9687-b10871bf667d
2025-01-17 11:49:13,700 - api.v1.auth.service - INFO - User found: <User(name='Ojogu Nkang', role='<Role(name='RoleEnum.ADMIN')>')>
2025-01-17 11:49:13,703 - api.v1.auth.service - INFO - User found: <User(name='Ojogu Nkang', role='<Role(name='RoleEnum.ADMIN')>')>
2025-01-17 11:49:13,704 - api.v1.auth.service - INFO - User found: <User(name='Ojogu Nkang', role='<Role(name='RoleEnum.ADMIN')>')>
2025-01-17 11:49:13,707 - api.v1.auth.service - INFO - Parsed user role: ADMIN
2025-01-17 11:49:13,708 - api.v1.auth.service - INFO - Parsed user role: ADMIN
2025-01-17 11:49:13,711 - api.v1.auth.service - INFO - Parsed user role: ADMIN
2025-01-17 11:49:13,713 - api.v1.auth.service - INFO - Permission granted for role: ADMIN
2025-01-17 11:49:13,715 - api.v1.auth.service - INFO - Permission granted for role: ADMIN
2025-01-17 11:49:13,717 - api.v1.auth.service - INFO - Permission granted for role: ADMIN
2025-01-17 11:49:13,728 - api.v1.auth.service - INFO - a5f8a315-4058-4650-9687-b10871bf667d
2025-01-17 11:49:13,730 - api.v1.auth.service - INFO - a5f8a315-4058-4650-9687-b10871bf667d
2025-01-17 11:49:13,734 - api.v1.auth.service - INFO - a5f8a315-4058-4650-9687-b10871bf667d
2025-01-17 11:49:13,845 - api.v1.auth.service - INFO - User found: <User(name='Ojogu Nkang', role='<Role(name='RoleEnum.ADMIN')>')>
2025-01-17 11:49:13,922 - api.v1.auth.service - INFO - User found: <User(name='Ojogu Nkang', role='<Role(name='RoleEnum.ADMIN')>')>
2025-01-17 11:49:13,923 - api.v1.auth.service - INFO - User found: <User(name='Ojogu Nkang', role='<Role(name='RoleEnum.ADMIN')>')>
2025-01-17 11:49:13,924 - api.v1.auth.service - INFO - User found: <User(name='Ojogu Nkang', role='<Role(name='RoleEnum.ADMIN')>')>
2025-01-17 11:49:18,700 - api.v1.auth.service - INFO - Checking role permission for user
2025-01-17 11:49:18,705 - api.v1.auth.service - INFO - Normalized required roles: ['SUPERADMIN', 'ADMIN']
2025-01-17 11:49:18,709 - api.v1.auth.service - INFO - a5f8a315-4058-4650-9687-b10871bf667d
2025-01-17 11:49:19,065 - api.v1.auth.service - INFO - User found: None
2025-01-17 11:49:19,068 - api.v1.auth.service - ERROR - User not found
2025-01-17 11:49:19,072 - api.v1.auth.service - INFO - a5f8a315-4058-4650-9687-b10871bf667d
2025-01-17 11:49:19,491 - api.v1.auth.service - INFO - User found: <User(name='Ojogu Nkang', role='<Role(name='RoleEnum.ADMIN')>')>
2025-01-17 11:49:19,494 - api.v1.auth.service - INFO - Parsed user role: ADMIN
2025-01-17 11:49:19,498 - api.v1.auth.service - INFO - Permission granted for role: ADMIN
2025-01-17 11:49:19,506 - api.v1.auth.service - INFO - a5f8a315-4058-4650-9687-b10871bf667d
2025-01-17 11:49:19,762 - api.v1.auth.service - INFO - User found: <User(name='Ojogu Nkang', role='<Role(name='RoleEnum.ADMIN')>')>
2025-01-17 11:49:24,366 - api.v1.auth.service - INFO - Checking role permission for user
2025-01-17 11:49:24,370 - api.v1.auth.service - INFO - Normalized required roles: ['ADMIN', 'SUBADMIN']
2025-01-17 11:49:24,374 - api.v1.auth.service - INFO - a5f8a315-4058-4650-9687-b10871bf667d
2025-01-17 11:49:26,299 - api.v1.auth.service - INFO - User found: <User(name='Ojogu Nkang', role='<Role(name='RoleEnum.ADMIN')>')>
2025-01-17 11:49:26,302 - api.v1.auth.service - INFO - Parsed user role: ADMIN
2025-01-17 11:49:26,307 - api.v1.auth.service - INFO - Permission granted for role: ADMIN
2025-01-17 11:49:26,315 - api.v1.auth.service - INFO - a5f8a315-4058-4650-9687-b10871bf667d
2025-01-17 11:49:26,505 - api.v1.auth.service - INFO - User found: <User(name='Ojogu Nkang', role='<Role(name='RoleEnum.ADMIN')>')>
2025-01-17 11:50:39,946 - api.v1.auth.service - INFO - Checking role permission for user
2025-01-17 11:50:39,948 - api.v1.auth.service - INFO - Checking role permission for user
2025-01-17 11:50:39,952 - api.v1.auth.service - INFO - Normalized required roles: ['SUPERADMIN', 'ADMIN', 'BURSAR', 'SUBADMIN', 'STUDENT']
2025-01-17 11:50:39,954 - api.v1.auth.service - INFO - Normalized required roles: ['SUPERADMIN', 'ADMIN']
2025-01-17 11:50:39,958 - api.v1.auth.service - INFO - a5f8a315-4058-4650-9687-b10871bf667d
2025-01-17 11:50:39,960 - api.v1.auth.service - INFO - a5f8a315-4058-4650-9687-b10871bf667d
2025-01-17 11:50:40,380 - api.v1.auth.service - INFO - User found: None
2025-01-17 11:50:40,382 - api.v1.auth.service - INFO - User found: None
2025-01-17 11:50:40,385 - api.v1.auth.service - ERROR - User not found
2025-01-17 11:50:40,388 - api.v1.auth.service - ERROR - User not found
2025-01-17 11:50:40,394 - api.v1.auth.service - INFO - a5f8a315-4058-4650-9687-b10871bf667d
2025-01-17 11:50:40,396 - api.v1.auth.service - INFO - a5f8a315-4058-4650-9687-b10871bf667d
2025-01-17 11:50:40,742 - api.v1.auth.service - INFO - User found: <User(name='Ojogu Nkang', role='<Role(name='RoleEnum.ADMIN')>')>
2025-01-17 11:50:40,743 - api.v1.auth.service - INFO - User found: <User(name='Ojogu Nkang', role='<Role(name='RoleEnum.ADMIN')>')>
2025-01-17 11:50:40,748 - api.v1.auth.service - INFO - Parsed user role: ADMIN
2025-01-17 11:50:40,750 - api.v1.auth.service - INFO - Parsed user role: ADMIN
2025-01-17 11:50:40,752 - api.v1.auth.service - INFO - Permission granted for role: ADMIN
2025-01-17 11:50:40,753 - api.v1.auth.service - INFO - Permission granted for role: ADMIN
2025-01-17 11:50:40,761 - api.v1.auth.service - INFO - a5f8a315-4058-4650-9687-b10871bf667d
2025-01-17 11:50:40,764 - api.v1.auth.service - INFO - a5f8a315-4058-4650-9687-b10871bf667d
2025-01-17 11:50:40,951 - api.v1.auth.service - INFO - User found: <User(name='Ojogu Nkang', role='<Role(name='RoleEnum.ADMIN')>')>
2025-01-17 11:50:40,952 - api.v1.auth.service - INFO - User found: <User(name='Ojogu Nkang', role='<Role(name='RoleEnum.ADMIN')>')>
2025-01-17 11:50:41,007 - api.v1.auth.service - INFO - Checking role permission for user
2025-01-17 11:50:41,011 - api.v1.auth.service - INFO - Normalized required roles: ['SUPERADMIN', 'ADMIN']
2025-01-17 11:50:41,014 - api.v1.auth.service - INFO - a5f8a315-4058-4650-9687-b10871bf667d
2025-01-17 11:50:41,438 - api.v1.auth.service - INFO - User found: None
2025-01-17 11:50:41,443 - api.v1.auth.service - ERROR - User not found
2025-01-17 11:50:41,446 - api.v1.auth.service - INFO - a5f8a315-4058-4650-9687-b10871bf667d
2025-01-17 11:50:41,658 - api.v1.auth.service - INFO - Checking role permission for user
2025-01-17 11:50:41,661 - api.v1.auth.service - INFO - Normalized required roles: ['SUPERADMIN', 'ADMIN']
2025-01-17 11:50:41,664 - api.v1.auth.service - INFO - a5f8a315-4058-4650-9687-b10871bf667d
2025-01-17 11:50:41,831 - api.v1.auth.service - INFO - User found: <User(name='Ojogu Nkang', role='<Role(name='RoleEnum.ADMIN')>')>
2025-01-17 11:50:41,833 - api.v1.auth.service - INFO - Parsed user role: ADMIN
2025-01-17 11:50:41,837 - api.v1.auth.service - INFO - Permission granted for role: ADMIN
2025-01-17 11:50:41,844 - api.v1.auth.service - INFO - a5f8a315-4058-4650-9687-b10871bf667d
2025-01-17 11:50:41,989 - api.v1.auth.service - INFO - User found: None
2025-01-17 11:50:41,994 - api.v1.auth.service - ERROR - User not found
2025-01-17 11:50:41,997 - api.v1.auth.service - INFO - a5f8a315-4058-4650-9687-b10871bf667d
2025-01-17 11:50:42,026 - api.v1.auth.service - INFO - User found: <User(name='Ojogu Nkang', role='<Role(name='RoleEnum.ADMIN')>')>
2025-01-17 11:50:42,363 - api.v1.auth.service - INFO - User found: <User(name='Ojogu Nkang', role='<Role(name='RoleEnum.ADMIN')>')>
2025-01-17 11:50:42,367 - api.v1.auth.service - INFO - Parsed user role: ADMIN
2025-01-17 11:50:42,371 - api.v1.auth.service - INFO - Permission granted for role: ADMIN
2025-01-17 11:50:42,379 - api.v1.auth.service - INFO - a5f8a315-4058-4650-9687-b10871bf667d
2025-01-17 11:50:42,556 - api.v1.auth.service - INFO - User found: <User(name='Ojogu Nkang', role='<Role(name='RoleEnum.ADMIN')>')>
2025-01-17 11:50:49,392 - api.v1.auth.service - INFO - Checking role permission for user
2025-01-17 11:50:49,397 - api.v1.auth.service - INFO - Normalized required roles: ['SUPERADMIN', 'ADMIN']
2025-01-17 11:50:49,401 - api.v1.auth.service - INFO - a5f8a315-4058-4650-9687-b10871bf667d
2025-01-17 11:50:49,772 - api.v1.auth.service - INFO - User found: None
2025-01-17 11:50:49,776 - api.v1.auth.service - ERROR - User not found
2025-01-17 11:50:49,779 - api.v1.auth.service - INFO - a5f8a315-4058-4650-9687-b10871bf667d
2025-01-17 11:50:50,132 - api.v1.auth.service - INFO - User found: <User(name='Ojogu Nkang', role='<Role(name='RoleEnum.ADMIN')>')>
2025-01-17 11:50:50,136 - api.v1.auth.service - INFO - Parsed user role: ADMIN
2025-01-17 11:50:50,140 - api.v1.auth.service - INFO - Permission granted for role: ADMIN
2025-01-17 11:50:50,147 - api.v1.auth.service - INFO - a5f8a315-4058-4650-9687-b10871bf667d
2025-01-17 11:50:50,363 - api.v1.auth.service - INFO - User found: <User(name='Ojogu Nkang', role='<Role(name='RoleEnum.ADMIN')>')>
2025-01-17 11:50:52,830 - api.v1.auth.service - INFO - Checking role permission for user
2025-01-17 11:50:52,833 - api.v1.auth.service - INFO - Normalized required roles: ['ADMIN', 'SUBADMIN']
2025-01-17 11:50:52,836 - api.v1.auth.service - INFO - a5f8a315-4058-4650-9687-b10871bf667d
2025-01-17 11:50:53,413 - api.v1.auth.service - INFO - User found: <User(name='Ojogu Nkang', role='<Role(name='RoleEnum.ADMIN')>')>
2025-01-17 11:50:53,416 - api.v1.auth.service - INFO - Parsed user role: ADMIN
2025-01-17 11:50:53,419 - api.v1.auth.service - INFO - Permission granted for role: ADMIN
2025-01-17 11:50:53,426 - api.v1.auth.service - INFO - a5f8a315-4058-4650-9687-b10871bf667d
2025-01-17 11:50:53,614 - api.v1.auth.service - INFO - User found: <User(name='Ojogu Nkang', role='<Role(name='RoleEnum.ADMIN')>')>
2025-01-17 11:53:05,457 - api.v1.auth.service - INFO - User found: <User(name='Ojogu Nkang', role='<Role(name='RoleEnum.ADMIN')>')>
2025-01-17 11:53:06,196 - api.v1.auth.service - INFO - User authenticated
2025-01-17 11:53:10,597 - api.v1.auth.service - INFO - Checking role permission for user
2025-01-17 11:53:10,601 - api.v1.auth.service - INFO - Normalized required roles: ['SUPERADMIN', 'ADMIN']
2025-01-17 11:53:10,604 - api.v1.auth.service - INFO - a5f8a315-4058-4650-9687-b10871bf667d
2025-01-17 11:53:10,797 - api.v1.auth.service - INFO - Checking role permission for user
2025-01-17 11:53:10,801 - api.v1.auth.service - INFO - Normalized required roles: ['SUPERADMIN', 'ADMIN', 'BURSAR', 'SUBADMIN', 'STUDENT']
2025-01-17 11:53:10,804 - api.v1.auth.service - INFO - a5f8a315-4058-4650-9687-b10871bf667d
2025-01-17 11:53:11,017 - api.v1.auth.service - INFO - Checking role permission for user
2025-01-17 11:53:11,019 - api.v1.auth.service - INFO - Checking role permission for user
2025-01-17 11:53:11,024 - api.v1.auth.service - INFO - Normalized required roles: ['SUPERADMIN', 'ADMIN']
2025-01-17 11:53:11,029 - api.v1.auth.service - INFO - User found: None
2025-01-17 11:53:11,036 - api.v1.auth.service - INFO - Normalized required roles: ['SUPERADMIN', 'ADMIN']
2025-01-17 11:53:11,042 - api.v1.auth.service - INFO - a5f8a315-4058-4650-9687-b10871bf667d
2025-01-17 11:53:11,043 - api.v1.auth.service - ERROR - User not found
2025-01-17 11:53:11,045 - api.v1.auth.service - INFO - a5f8a315-4058-4650-9687-b10871bf667d
2025-01-17 11:53:11,056 - api.v1.auth.service - INFO - a5f8a315-4058-4650-9687-b10871bf667d
2025-01-17 11:53:13,219 - api.v1.auth.service - INFO - User found: None
2025-01-17 11:53:13,222 - api.v1.auth.service - ERROR - User not found
2025-01-17 11:53:13,226 - api.v1.auth.service - INFO - a5f8a315-4058-4650-9687-b10871bf667d
2025-01-17 11:53:13,400 - api.v1.auth.service - INFO - User found: <User(name='Ojogu Nkang', role='<Role(name='RoleEnum.ADMIN')>')>
2025-01-17 11:53:13,404 - api.v1.auth.service - INFO - Parsed user role: ADMIN
2025-01-17 11:53:13,407 - api.v1.auth.service - INFO - Permission granted for role: ADMIN
2025-01-17 11:53:13,414 - api.v1.auth.service - INFO - a5f8a315-4058-4650-9687-b10871bf667d
2025-01-17 11:53:13,419 - api.v1.auth.service - INFO - User found: None
2025-01-17 11:53:13,419 - api.v1.auth.service - INFO - User found: None
2025-01-17 11:53:13,424 - api.v1.auth.service - ERROR - User not found
2025-01-17 11:53:13,426 - api.v1.auth.service - ERROR - User not found
2025-01-17 11:53:13,428 - api.v1.auth.service - INFO - a5f8a315-4058-4650-9687-b10871bf667d
2025-01-17 11:53:13,431 - api.v1.auth.service - INFO - a5f8a315-4058-4650-9687-b10871bf667d
2025-01-17 11:53:13,579 - api.v1.auth.service - INFO - User found: <User(name='Ojogu Nkang', role='<Role(name='RoleEnum.ADMIN')>')>
2025-01-17 11:53:13,589 - api.v1.auth.service - INFO - User found: <User(name='Ojogu Nkang', role='<Role(name='RoleEnum.ADMIN')>')>
2025-01-17 11:53:13,593 - api.v1.auth.service - INFO - Parsed user role: ADMIN
2025-01-17 11:53:13,599 - api.v1.auth.service - INFO - Permission granted for role: ADMIN
2025-01-17 11:53:13,609 - api.v1.auth.service - INFO - a5f8a315-4058-4650-9687-b10871bf667d
2025-01-17 11:53:13,912 - api.v1.auth.service - INFO - User found: <User(name='Ojogu Nkang', role='<Role(name='RoleEnum.ADMIN')>')>
2025-01-17 11:53:13,913 - api.v1.auth.service - INFO - User found: <User(name='Ojogu Nkang', role='<Role(name='RoleEnum.ADMIN')>')>
2025-01-17 11:53:13,913 - api.v1.auth.service - INFO - User found: <User(name='Ojogu Nkang', role='<Role(name='RoleEnum.ADMIN')>')>
2025-01-17 11:53:13,918 - api.v1.auth.service - INFO - Parsed user role: ADMIN
2025-01-17 11:53:13,918 - api.v1.auth.service - INFO - Parsed user role: ADMIN
2025-01-17 11:53:13,927 - api.v1.auth.service - INFO - Permission granted for role: ADMIN
2025-01-17 11:53:13,930 - api.v1.auth.service - INFO - Permission granted for role: ADMIN
2025-01-17 11:53:13,936 - api.v1.auth.service - INFO - a5f8a315-4058-4650-9687-b10871bf667d
2025-01-17 11:53:13,938 - api.v1.auth.service - INFO - a5f8a315-4058-4650-9687-b10871bf667d
2025-01-17 11:53:14,127 - api.v1.auth.service - INFO - User found: <User(name='Ojogu Nkang', role='<Role(name='RoleEnum.ADMIN')>')>
2025-01-17 11:53:14,138 - api.v1.auth.service - INFO - User found: <User(name='Ojogu Nkang', role='<Role(name='RoleEnum.ADMIN')>')>
2025-01-17 11:53:19,537 - api.v1.auth.service - INFO - Checking role permission for user
2025-01-17 11:53:19,540 - api.v1.auth.service - INFO - Normalized required roles: ['SUPERADMIN', 'ADMIN']
2025-01-17 11:53:19,545 - api.v1.auth.service - INFO - a5f8a315-4058-4650-9687-b10871bf667d
2025-01-17 11:53:20,507 - api.v1.auth.service - INFO - User found: None
2025-01-17 11:53:20,510 - api.v1.auth.service - ERROR - User not found
2025-01-17 11:53:20,515 - api.v1.auth.service - INFO - a5f8a315-4058-4650-9687-b10871bf667d
2025-01-17 11:53:23,452 - api.v1.auth.service - INFO - User found: <User(name='Ojogu Nkang', role='<Role(name='RoleEnum.ADMIN')>')>
2025-01-17 11:53:23,455 - api.v1.auth.service - INFO - Parsed user role: ADMIN
2025-01-17 11:53:23,459 - api.v1.auth.service - INFO - Permission granted for role: ADMIN
2025-01-17 11:53:23,465 - api.v1.auth.service - INFO - a5f8a315-4058-4650-9687-b10871bf667d
2025-01-17 11:53:24,943 - api.v1.auth.service - INFO - User found: <User(name='Ojogu Nkang', role='<Role(name='RoleEnum.ADMIN')>')>
2025-01-17 11:53:26,840 - api.v1.auth.service - INFO - Checking role permission for user
2025-01-17 11:53:26,845 - api.v1.auth.service - INFO - Normalized required roles: ['ADMIN', 'SUBADMIN']
2025-01-17 11:53:26,849 - api.v1.auth.service - INFO - a5f8a315-4058-4650-9687-b10871bf667d
2025-01-17 11:53:27,347 - api.v1.auth.service - INFO - User found: <User(name='Ojogu Nkang', role='<Role(name='RoleEnum.ADMIN')>')>
2025-01-17 11:53:27,351 - api.v1.auth.service - INFO - Parsed user role: ADMIN
2025-01-17 11:53:27,354 - api.v1.auth.service - INFO - Permission granted for role: ADMIN
2025-01-17 11:53:27,360 - api.v1.auth.service - INFO - a5f8a315-4058-4650-9687-b10871bf667d
2025-01-17 11:53:27,554 - api.v1.auth.service - INFO - User found: <User(name='Ojogu Nkang', role='<Role(name='RoleEnum.ADMIN')>')>
2025-01-17 11:57:28,249 - api.v1.auth.service - INFO - Checking role permission for user
2025-01-17 11:57:28,253 - api.v1.auth.service - INFO - Normalized required roles: ['ADMIN', 'SUBADMIN']
2025-01-17 11:57:28,256 - api.v1.auth.service - INFO - a5f8a315-4058-4650-9687-b10871bf667d
2025-01-17 11:57:28,916 - api.v1.auth.service - INFO - User found: <User(name='Ojogu Nkang', role='<Role(name='RoleEnum.ADMIN')>')>
2025-01-17 11:57:28,939 - api.v1.auth.service - INFO - Parsed user role: ADMIN
2025-01-17 11:57:28,947 - api.v1.auth.service - INFO - Permission granted for role: ADMIN
2025-01-17 11:57:28,960 - api.v1.auth.service - INFO - a5f8a315-4058-4650-9687-b10871bf667d
2025-01-17 11:57:29,156 - api.v1.auth.service - INFO - User found: <User(name='Ojogu Nkang', role='<Role(name='RoleEnum.ADMIN')>')>
2025-01-17 11:57:30,178 - api.v1.auth.service - ERROR - Unexpected error while checking permissions: 'percentage_charge'
2025-01-17 11:57:58,724 - api.v1.auth.service - INFO - Checking role permission for user
2025-01-17 11:57:58,727 - api.v1.auth.service - INFO - Normalized required roles: ['SUPERADMIN', 'ADMIN']
2025-01-17 11:57:58,730 - api.v1.auth.service - INFO - a5f8a315-4058-4650-9687-b10871bf667d
2025-01-17 11:57:58,733 - api.v1.auth.service - INFO - Checking role permission for user
2025-01-17 11:57:58,741 - api.v1.auth.service - INFO - Normalized required roles: ['SUPERADMIN', 'ADMIN']
2025-01-17 11:57:58,744 - api.v1.auth.service - INFO - a5f8a315-4058-4650-9687-b10871bf667d
2025-01-17 11:57:58,782 - api.v1.auth.service - INFO - Checking role permission for user
2025-01-17 11:57:58,787 - api.v1.auth.service - INFO - Normalized required roles: ['SUPERADMIN', 'ADMIN']
2025-01-17 11:57:58,793 - api.v1.auth.service - INFO - a5f8a315-4058-4650-9687-b10871bf667d
2025-01-17 11:57:58,910 - api.v1.auth.service - INFO - Checking role permission for user
2025-01-17 11:57:58,914 - api.v1.auth.service - INFO - Normalized required roles: ['SUPERADMIN', 'ADMIN', 'BURSAR', 'SUBADMIN', 'STUDENT']
2025-01-17 11:57:58,918 - api.v1.auth.service - INFO - a5f8a315-4058-4650-9687-b10871bf667d
2025-01-17 11:57:59,087 - api.v1.auth.service - INFO - User found: None
2025-01-17 11:57:59,091 - api.v1.auth.service - INFO - User found: None
2025-01-17 11:57:59,103 - api.v1.auth.service - ERROR - User not found
2025-01-17 11:57:59,107 - api.v1.auth.service - ERROR - User not found
2025-01-17 11:57:59,109 - api.v1.auth.service - INFO - a5f8a315-4058-4650-9687-b10871bf667d
2025-01-17 11:57:59,114 - api.v1.auth.service - INFO - a5f8a315-4058-4650-9687-b10871bf667d
2025-01-17 11:57:59,294 - api.v1.auth.service - INFO - User found: None
2025-01-17 11:57:59,294 - api.v1.auth.service - INFO - User found: None
2025-01-17 11:57:59,299 - api.v1.auth.service - ERROR - User not found
2025-01-17 11:57:59,300 - api.v1.auth.service - ERROR - User not found
2025-01-17 11:57:59,304 - api.v1.auth.service - INFO - a5f8a315-4058-4650-9687-b10871bf667d
2025-01-17 11:57:59,305 - api.v1.auth.service - INFO - a5f8a315-4058-4650-9687-b10871bf667d
2025-01-17 11:57:59,490 - api.v1.auth.service - INFO - User found: <User(name='Ojogu Nkang', role='<Role(name='RoleEnum.ADMIN')>')>
2025-01-17 11:57:59,494 - api.v1.auth.service - INFO - Parsed user role: ADMIN
2025-01-17 11:57:59,498 - api.v1.auth.service - INFO - Permission granted for role: ADMIN
2025-01-17 11:57:59,506 - api.v1.auth.service - INFO - a5f8a315-4058-4650-9687-b10871bf667d
2025-01-17 11:57:59,512 - api.v1.auth.service - INFO - User found: <User(name='Ojogu Nkang', role='<Role(name='RoleEnum.ADMIN')>')>
2025-01-17 11:57:59,515 - api.v1.auth.service - INFO - Parsed user role: ADMIN
2025-01-17 11:57:59,518 - api.v1.auth.service - INFO - Permission granted for role: ADMIN
2025-01-17 11:57:59,527 - api.v1.auth.service - INFO - a5f8a315-4058-4650-9687-b10871bf667d
2025-01-17 11:57:59,668 - api.v1.auth.service - INFO - User found: <User(name='Ojogu Nkang', role='<Role(name='RoleEnum.ADMIN')>')>
2025-01-17 11:57:59,669 - api.v1.auth.service - INFO - User found: <User(name='Ojogu Nkang', role='<Role(name='RoleEnum.ADMIN')>')>
2025-01-17 11:57:59,677 - api.v1.auth.service - INFO - Parsed user role: ADMIN
2025-01-17 11:57:59,678 - api.v1.auth.service - INFO - User found: <User(name='Ojogu Nkang', role='<Role(name='RoleEnum.ADMIN')>')>
2025-01-17 11:57:59,679 - api.v1.auth.service - INFO - Parsed user role: ADMIN
2025-01-17 11:57:59,682 - api.v1.auth.service - INFO - Permission granted for role: ADMIN
2025-01-17 11:57:59,685 - api.v1.auth.service - INFO - Permission granted for role: ADMIN
2025-01-17 11:57:59,694 - api.v1.auth.service - INFO - a5f8a315-4058-4650-9687-b10871bf667d
2025-01-17 11:57:59,695 - api.v1.auth.service - INFO - a5f8a315-4058-4650-9687-b10871bf667d
2025-01-17 11:57:59,710 - api.v1.auth.service - INFO - User found: <User(name='Ojogu Nkang', role='<Role(name='RoleEnum.ADMIN')>')>
2025-01-17 11:57:59,868 - api.v1.auth.service - INFO - User found: <User(name='Ojogu Nkang', role='<Role(name='RoleEnum.ADMIN')>')>
2025-01-17 11:57:59,869 - api.v1.auth.service - INFO - User found: <User(name='Ojogu Nkang', role='<Role(name='RoleEnum.ADMIN')>')>
2025-01-17 11:58:17,689 - api.v1.auth.service - INFO - Checking role permission for user
2025-01-17 11:58:17,691 - api.v1.auth.service - INFO - Normalized required roles: ['SUPERADMIN', 'ADMIN']
2025-01-17 11:58:17,695 - api.v1.auth.service - INFO - a5f8a315-4058-4650-9687-b10871bf667d
2025-01-17 11:58:17,715 - api.v1.auth.service - INFO - Checking role permission for user
2025-01-17 11:58:17,719 - api.v1.auth.service - INFO - Normalized required roles: ['SUPERADMIN', 'ADMIN']
2025-01-17 11:58:17,722 - api.v1.auth.service - INFO - a5f8a315-4058-4650-9687-b10871bf667d
2025-01-17 11:58:17,806 - api.v1.auth.service - INFO - Checking role permission for user
2025-01-17 11:58:17,965 - api.v1.auth.service - INFO - Checking role permission for user
2025-01-17 11:58:18,131 - api.v1.auth.service - INFO - User found: None
2025-01-17 11:58:18,131 - api.v1.auth.service - INFO - User found: None
2025-01-17 11:58:18,342 - api.v1.auth.service - INFO - Normalized required roles: ['SUPERADMIN', 'ADMIN']
2025-01-17 11:58:18,368 - api.v1.auth.service - INFO - Normalized required roles: ['SUPERADMIN', 'ADMIN', 'BURSAR', 'SUBADMIN', 'STUDENT']
2025-01-17 11:58:18,369 - api.v1.auth.service - ERROR - User not found
2025-01-17 11:58:18,374 - api.v1.auth.service - ERROR - User not found
2025-01-17 11:58:18,376 - api.v1.auth.service - INFO - a5f8a315-4058-4650-9687-b10871bf667d
2025-01-17 11:58:18,377 - api.v1.auth.service - INFO - a5f8a315-4058-4650-9687-b10871bf667d
2025-01-17 11:58:18,381 - api.v1.auth.service - INFO - a5f8a315-4058-4650-9687-b10871bf667d
2025-01-17 11:58:18,383 - api.v1.auth.service - INFO - a5f8a315-4058-4650-9687-b10871bf667d
2025-01-17 11:58:18,720 - api.v1.auth.service - INFO - User found: None
2025-01-17 11:58:18,724 - api.v1.auth.service - ERROR - User not found
2025-01-17 11:58:18,727 - api.v1.auth.service - INFO - a5f8a315-4058-4650-9687-b10871bf667d
2025-01-17 11:58:18,744 - api.v1.auth.service - INFO - User found: <User(name='Ojogu Nkang', role='<Role(name='RoleEnum.ADMIN')>')>
2025-01-17 11:58:18,748 - api.v1.auth.service - INFO - Parsed user role: ADMIN
2025-01-17 11:58:18,750 - api.v1.auth.service - INFO - Permission granted for role: ADMIN
2025-01-17 11:58:18,752 - api.v1.auth.service - INFO - User found: <User(name='Ojogu Nkang', role='<Role(name='RoleEnum.ADMIN')>')>
2025-01-17 11:58:18,756 - api.v1.auth.service - INFO - Parsed user role: ADMIN
2025-01-17 11:58:18,760 - api.v1.auth.service - INFO - a5f8a315-4058-4650-9687-b10871bf667d
2025-01-17 11:58:18,762 - api.v1.auth.service - INFO - Permission granted for role: ADMIN
2025-01-17 11:58:18,772 - api.v1.auth.service - INFO - User found: None
2025-01-17 11:58:18,772 - api.v1.auth.service - INFO - a5f8a315-4058-4650-9687-b10871bf667d
2025-01-17 11:58:18,776 - api.v1.auth.service - ERROR - User not found
2025-01-17 11:58:18,779 - api.v1.auth.service - INFO - a5f8a315-4058-4650-9687-b10871bf667d
2025-01-17 11:58:18,968 - api.v1.auth.service - INFO - User found: <User(name='Ojogu Nkang', role='<Role(name='RoleEnum.ADMIN')>')>
2025-01-17 11:58:18,973 - api.v1.auth.service - INFO - User found: <User(name='Ojogu Nkang', role='<Role(name='RoleEnum.ADMIN')>')>
2025-01-17 11:58:19,073 - api.v1.auth.service - INFO - User found: <User(name='Ojogu Nkang', role='<Role(name='RoleEnum.ADMIN')>')>
2025-01-17 11:58:19,076 - api.v1.auth.service - INFO - Parsed user role: ADMIN
2025-01-17 11:58:19,079 - api.v1.auth.service - INFO - Permission granted for role: ADMIN
2025-01-17 11:58:19,085 - api.v1.auth.service - INFO - a5f8a315-4058-4650-9687-b10871bf667d
2025-01-17 11:58:19,152 - api.v1.auth.service - INFO - User found: <User(name='Ojogu Nkang', role='<Role(name='RoleEnum.ADMIN')>')>
2025-01-17 11:58:19,162 - api.v1.auth.service - INFO - Parsed user role: ADMIN
2025-01-17 11:58:19,170 - api.v1.auth.service - INFO - Permission granted for role: ADMIN
2025-01-17 11:58:19,176 - api.v1.auth.service - INFO - a5f8a315-4058-4650-9687-b10871bf667d
2025-01-17 11:58:19,253 - api.v1.auth.service - INFO - User found: <User(name='Ojogu Nkang', role='<Role(name='RoleEnum.ADMIN')>')>
2025-01-17 11:58:19,371 - api.v1.auth.service - INFO - User found: <User(name='Ojogu Nkang', role='<Role(name='RoleEnum.ADMIN')>')>
2025-01-17 11:58:22,410 - api.v1.auth.service - INFO - Checking role permission for user
2025-01-17 11:58:22,413 - api.v1.auth.service - INFO - Checking role permission for user
2025-01-17 11:58:22,415 - api.v1.auth.service - INFO - Checking role permission for user
2025-01-17 11:58:22,421 - api.v1.auth.service - INFO - Normalized required roles: ['SUPERADMIN', 'ADMIN']
2025-01-17 11:58:22,424 - api.v1.auth.service - INFO - Normalized required roles: ['SUPERADMIN', 'ADMIN']
2025-01-17 11:58:22,425 - api.v1.auth.service - INFO - Normalized required roles: ['SUPERADMIN', 'ADMIN']
2025-01-17 11:58:22,427 - api.v1.auth.service - INFO - a5f8a315-4058-4650-9687-b10871bf667d
2025-01-17 11:58:22,430 - api.v1.auth.service - INFO - a5f8a315-4058-4650-9687-b10871bf667d
2025-01-17 11:58:22,431 - api.v1.auth.service - INFO - a5f8a315-4058-4650-9687-b10871bf667d
2025-01-17 11:58:22,580 - api.v1.auth.service - INFO - Checking role permission for user
2025-01-17 11:58:22,582 - api.v1.auth.service - INFO - Normalized required roles: ['SUPERADMIN', 'ADMIN', 'BURSAR', 'SUBADMIN', 'STUDENT']
2025-01-17 11:58:22,585 - api.v1.auth.service - INFO - a5f8a315-4058-4650-9687-b10871bf667d
2025-01-17 11:58:22,777 - api.v1.auth.service - INFO - User found: None
2025-01-17 11:58:22,782 - api.v1.auth.service - INFO - User found: None
2025-01-17 11:58:22,783 - api.v1.auth.service - ERROR - User not found
2025-01-17 11:58:22,784 - api.v1.auth.service - INFO - User found: None
2025-01-17 11:58:22,787 - api.v1.auth.service - ERROR - User not found
2025-01-17 11:58:22,792 - api.v1.auth.service - INFO - a5f8a315-4058-4650-9687-b10871bf667d
2025-01-17 11:58:22,794 - api.v1.auth.service - ERROR - User not found
2025-01-17 11:58:22,797 - api.v1.auth.service - INFO - a5f8a315-4058-4650-9687-b10871bf667d
2025-01-17 11:58:22,800 - api.v1.auth.service - INFO - a5f8a315-4058-4650-9687-b10871bf667d
2025-01-17 11:58:22,954 - api.v1.auth.service - INFO - User found: None
2025-01-17 11:58:22,957 - api.v1.auth.service - ERROR - User not found
2025-01-17 11:58:22,960 - api.v1.auth.service - INFO - a5f8a315-4058-4650-9687-b10871bf667d
2025-01-17 11:58:23,144 - api.v1.auth.service - INFO - User found: <User(name='Ojogu Nkang', role='<Role(name='RoleEnum.ADMIN')>')>
2025-01-17 11:58:23,146 - api.v1.auth.service - INFO - Parsed user role: ADMIN
2025-01-17 11:58:23,149 - api.v1.auth.service - INFO - Permission granted for role: ADMIN
2025-01-17 11:58:23,154 - api.v1.auth.service - INFO - a5f8a315-4058-4650-9687-b10871bf667d
2025-01-17 11:58:23,163 - api.v1.auth.service - INFO - User found: <User(name='Ojogu Nkang', role='<Role(name='RoleEnum.ADMIN')>')>
2025-01-17 11:58:23,163 - api.v1.auth.service - INFO - User found: <User(name='Ojogu Nkang', role='<Role(name='RoleEnum.ADMIN')>')>
2025-01-17 11:58:23,166 - api.v1.auth.service - INFO - Parsed user role: ADMIN
2025-01-17 11:58:23,167 - api.v1.auth.service - INFO - Parsed user role: ADMIN
2025-01-17 11:58:23,171 - api.v1.auth.service - INFO - Permission granted for role: ADMIN
2025-01-17 11:58:23,174 - api.v1.auth.service - INFO - Permission granted for role: ADMIN
2025-01-17 11:58:23,180 - api.v1.auth.service - INFO - a5f8a315-4058-4650-9687-b10871bf667d
2025-01-17 11:58:23,182 - api.v1.auth.service - INFO - a5f8a315-4058-4650-9687-b10871bf667d
2025-01-17 11:58:23,306 - api.v1.auth.service - INFO - User found: <User(name='Ojogu Nkang', role='<Role(name='RoleEnum.ADMIN')>')>
2025-01-17 11:58:23,310 - api.v1.auth.service - INFO - Parsed user role: ADMIN
2025-01-17 11:58:23,313 - api.v1.auth.service - INFO - Permission granted for role: ADMIN
2025-01-17 11:58:23,317 - api.v1.auth.service - INFO - a5f8a315-4058-4650-9687-b10871bf667d
2025-01-17 11:58:23,322 - api.v1.auth.service - INFO - User found: <User(name='Ojogu Nkang', role='<Role(name='RoleEnum.ADMIN')>')>
2025-01-17 11:58:23,350 - api.v1.auth.service - INFO - User found: <User(name='Ojogu Nkang', role='<Role(name='RoleEnum.ADMIN')>')>
2025-01-17 11:58:23,357 - api.v1.auth.service - INFO - User found: <User(name='Ojogu Nkang', role='<Role(name='RoleEnum.ADMIN')>')>
2025-01-17 11:58:23,541 - api.v1.auth.service - INFO - User found: <User(name='Ojogu Nkang', role='<Role(name='RoleEnum.ADMIN')>')>
2025-01-17 11:58:25,466 - api.v1.auth.service - INFO - Checking role permission for user
2025-01-17 11:58:25,822 - api.v1.auth.service - INFO - Normalized required roles: ['SUPERADMIN', 'ADMIN']
2025-01-17 11:58:26,128 - api.v1.auth.service - INFO - a5f8a315-4058-4650-9687-b10871bf667d
2025-01-17 11:58:26,482 - api.v1.auth.service - INFO - User found: None
2025-01-17 11:58:26,485 - api.v1.auth.service - ERROR - User not found
2025-01-17 11:58:26,497 - api.v1.auth.service - INFO - a5f8a315-4058-4650-9687-b10871bf667d
2025-01-17 11:58:26,874 - api.v1.auth.service - INFO - User found: <User(name='Ojogu Nkang', role='<Role(name='RoleEnum.ADMIN')>')>
2025-01-17 11:58:26,927 - api.v1.auth.service - INFO - Parsed user role: ADMIN
2025-01-17 11:58:27,314 - api.v1.auth.service - INFO - Permission granted for role: ADMIN
2025-01-17 11:58:28,226 - api.v1.auth.service - INFO - a5f8a315-4058-4650-9687-b10871bf667d
2025-01-17 11:58:28,541 - api.v1.auth.service - INFO - User found: <User(name='Ojogu Nkang', role='<Role(name='RoleEnum.ADMIN')>')>
2025-01-17 11:58:32,547 - api.v1.auth.service - INFO - Checking role permission for user
2025-01-17 11:58:32,550 - api.v1.auth.service - INFO - Checking role permission for user
2025-01-17 11:58:32,886 - api.v1.auth.service - INFO - Normalized required roles: ['SUPERADMIN', 'ADMIN']
2025-01-17 11:58:33,294 - api.v1.auth.service - INFO - Normalized required roles: ['SUPERADMIN', 'ADMIN']
2025-01-17 11:58:33,332 - api.v1.auth.service - INFO - Checking role permission for user
2025-01-17 11:58:33,428 - api.v1.auth.service - INFO - a5f8a315-4058-4650-9687-b10871bf667d
2025-01-17 11:58:33,554 - api.v1.auth.service - INFO - Checking role permission for user
2025-01-17 11:58:33,633 - api.v1.auth.service - INFO - a5f8a315-4058-4650-9687-b10871bf667d
2025-01-17 11:58:33,751 - api.v1.auth.service - INFO - Normalized required roles: ['SUPERADMIN', 'ADMIN']
2025-01-17 11:58:34,032 - api.v1.auth.service - INFO - Normalized required roles: ['SUPERADMIN', 'ADMIN', 'BURSAR', 'SUBADMIN', 'STUDENT']
2025-01-17 11:58:34,247 - api.v1.auth.service - INFO - a5f8a315-4058-4650-9687-b10871bf667d
2025-01-17 11:58:34,331 - api.v1.auth.service - INFO - User found: None
2025-01-17 11:58:34,528 - api.v1.auth.service - INFO - a5f8a315-4058-4650-9687-b10871bf667d
2025-01-17 11:58:34,546 - api.v1.auth.service - INFO - User found: None
2025-01-17 11:58:34,830 - api.v1.auth.service - ERROR - User not found
2025-01-17 11:58:34,851 - api.v1.auth.service - ERROR - User not found
2025-01-17 11:58:34,861 - api.v1.auth.service - INFO - a5f8a315-4058-4650-9687-b10871bf667d
2025-01-17 11:58:34,864 - api.v1.auth.service - INFO - a5f8a315-4058-4650-9687-b10871bf667d
2025-01-17 11:58:35,291 - api.v1.auth.service - INFO - User found: <User(name='Ojogu Nkang', role='<Role(name='RoleEnum.ADMIN')>')>
2025-01-17 11:58:35,291 - api.v1.auth.service - INFO - User found: None
2025-01-17 11:58:35,295 - api.v1.auth.service - INFO - Parsed user role: ADMIN
2025-01-17 11:58:35,296 - api.v1.auth.service - INFO - User found: <User(name='Ojogu Nkang', role='<Role(name='RoleEnum.ADMIN')>')>
2025-01-17 11:58:35,297 - api.v1.auth.service - INFO - User found: None
2025-01-17 11:58:35,300 - api.v1.auth.service - ERROR - User not found
2025-01-17 11:58:35,333 - api.v1.auth.service - INFO - Permission granted for role: ADMIN
2025-01-17 11:58:35,362 - api.v1.auth.service - INFO - Parsed user role: ADMIN
2025-01-17 11:58:35,386 - api.v1.auth.service - ERROR - User not found
2025-01-17 11:58:35,395 - api.v1.auth.service - INFO - a5f8a315-4058-4650-9687-b10871bf667d
2025-01-17 11:58:35,412 - api.v1.auth.service - INFO - Permission granted for role: ADMIN
2025-01-17 11:58:35,414 - api.v1.auth.service - INFO - a5f8a315-4058-4650-9687-b10871bf667d
2025-01-17 11:58:35,424 - api.v1.auth.service - INFO - a5f8a315-4058-4650-9687-b10871bf667d
2025-01-17 11:58:35,433 - api.v1.auth.service - INFO - a5f8a315-4058-4650-9687-b10871bf667d
2025-01-17 11:58:35,605 - api.v1.auth.service - INFO - User found: <User(name='Ojogu Nkang', role='<Role(name='RoleEnum.ADMIN')>')>
2025-01-17 11:58:35,642 - api.v1.auth.service - INFO - User found: <User(name='Ojogu Nkang', role='<Role(name='RoleEnum.ADMIN')>')>
2025-01-17 11:58:35,761 - api.v1.auth.service - INFO - User found: <User(name='Ojogu Nkang', role='<Role(name='RoleEnum.ADMIN')>')>
2025-01-17 11:58:35,765 - api.v1.auth.service - INFO - Parsed user role: ADMIN
2025-01-17 11:58:35,776 - api.v1.auth.service - INFO - Permission granted for role: ADMIN
2025-01-17 11:58:35,798 - api.v1.auth.service - INFO - a5f8a315-4058-4650-9687-b10871bf667d
2025-01-17 11:58:35,832 - api.v1.auth.service - INFO - User found: <User(name='Ojogu Nkang', role='<Role(name='RoleEnum.ADMIN')>')>
2025-01-17 11:58:35,866 - api.v1.auth.service - INFO - Parsed user role: ADMIN
2025-01-17 11:58:35,983 - api.v1.auth.service - INFO - User found: <User(name='Ojogu Nkang', role='<Role(name='RoleEnum.ADMIN')>')>
2025-01-17 11:58:36,002 - api.v1.auth.service - INFO - Permission granted for role: ADMIN
2025-01-17 11:58:36,246 - api.v1.auth.service - INFO - a5f8a315-4058-4650-9687-b10871bf667d
2025-01-17 11:58:36,455 - api.v1.auth.service - INFO - User found: <User(name='Ojogu Nkang', role='<Role(name='RoleEnum.ADMIN')>')>
2025-01-17 11:58:36,785 - api.v1.auth.service - INFO - Checking role permission for user
2025-01-17 11:58:36,821 - api.v1.auth.service - INFO - Checking role permission for user
2025-01-17 11:58:36,839 - api.v1.auth.service - INFO - Checking role permission for user
2025-01-17 11:58:36,876 - api.v1.auth.service - INFO - Normalized required roles: ['SUPERADMIN', 'ADMIN']
2025-01-17 11:58:36,960 - api.v1.auth.service - INFO - Checking role permission for user
2025-01-17 11:58:36,963 - api.v1.auth.service - INFO - Normalized required roles: ['SUPERADMIN', 'ADMIN']
2025-01-17 11:58:37,278 - api.v1.auth.service - INFO - Normalized required roles: ['SUPERADMIN', 'ADMIN']
2025-01-17 11:58:38,838 - api.v1.auth.service - INFO - a5f8a315-4058-4650-9687-b10871bf667d
2025-01-17 11:58:38,893 - api.v1.auth.service - INFO - Normalized required roles: ['SUPERADMIN', 'ADMIN', 'BURSAR', 'SUBADMIN', 'STUDENT']
2025-01-17 11:58:38,928 - api.v1.auth.service - INFO - a5f8a315-4058-4650-9687-b10871bf667d
2025-01-17 11:58:38,948 - api.v1.auth.service - INFO - a5f8a315-4058-4650-9687-b10871bf667d
2025-01-17 11:58:39,027 - api.v1.auth.service - INFO - a5f8a315-4058-4650-9687-b10871bf667d
2025-01-17 11:58:39,308 - api.v1.auth.service - INFO - User found: None
2025-01-17 11:58:39,383 - api.v1.auth.service - ERROR - User not found
2025-01-17 11:58:39,412 - api.v1.auth.service - INFO - User found: None
2025-01-17 11:58:39,440 - api.v1.auth.service - INFO - User found: None
2025-01-17 11:58:39,482 - api.v1.auth.service - INFO - User found: None
2025-01-17 11:58:40,144 - api.v1.auth.service - INFO - a5f8a315-4058-4650-9687-b10871bf667d
2025-01-17 11:58:40,451 - api.v1.auth.service - ERROR - User not found
2025-01-17 11:58:40,511 - api.v1.auth.service - ERROR - User not found
2025-01-17 11:58:40,532 - api.v1.auth.service - ERROR - User not found
2025-01-17 11:58:40,879 - api.v1.auth.service - INFO - a5f8a315-4058-4650-9687-b10871bf667d
2025-01-17 11:58:40,888 - api.v1.auth.service - INFO - a5f8a315-4058-4650-9687-b10871bf667d
2025-01-17 11:58:41,233 - api.v1.auth.service - INFO - User found: <User(name='Ojogu Nkang', role='<Role(name='RoleEnum.ADMIN')>')>
2025-01-17 11:58:41,447 - api.v1.auth.service - INFO - a5f8a315-4058-4650-9687-b10871bf667d
2025-01-17 11:58:41,661 - api.v1.auth.service - INFO - Parsed user role: ADMIN
2025-01-17 11:58:41,698 - api.v1.auth.service - INFO - Permission granted for role: ADMIN
2025-01-17 11:58:41,862 - api.v1.auth.service - INFO - User found: <User(name='Ojogu Nkang', role='<Role(name='RoleEnum.ADMIN')>')>
2025-01-17 11:58:42,039 - api.v1.auth.service - INFO - User found: <User(name='Ojogu Nkang', role='<Role(name='RoleEnum.ADMIN')>')>
2025-01-17 11:58:42,040 - api.v1.auth.service - INFO - User found: <User(name='Ojogu Nkang', role='<Role(name='RoleEnum.ADMIN')>')>
2025-01-17 11:58:42,090 - api.v1.auth.service - INFO - Parsed user role: ADMIN
2025-01-17 11:58:42,102 - api.v1.auth.service - INFO - a5f8a315-4058-4650-9687-b10871bf667d
2025-01-17 11:58:42,108 - api.v1.auth.service - INFO - Parsed user role: ADMIN
2025-01-17 11:58:42,111 - api.v1.auth.service - INFO - Parsed user role: ADMIN
2025-01-17 11:58:42,113 - api.v1.auth.service - INFO - Permission granted for role: ADMIN
2025-01-17 11:58:42,120 - api.v1.auth.service - INFO - Permission granted for role: ADMIN
2025-01-17 11:58:42,124 - api.v1.auth.service - INFO - Permission granted for role: ADMIN
2025-01-17 11:58:42,142 - api.v1.auth.service - INFO - a5f8a315-4058-4650-9687-b10871bf667d
2025-01-17 11:58:42,145 - api.v1.auth.service - INFO - a5f8a315-4058-4650-9687-b10871bf667d
2025-01-17 11:58:42,160 - api.v1.auth.service - INFO - a5f8a315-4058-4650-9687-b10871bf667d
2025-01-17 11:58:42,320 - api.v1.auth.service - INFO - User found: <User(name='Ojogu Nkang', role='<Role(name='RoleEnum.ADMIN')>')>
2025-01-17 11:58:42,327 - api.v1.auth.service - INFO - User found: <User(name='Ojogu Nkang', role='<Role(name='RoleEnum.ADMIN')>')>
2025-01-17 11:58:42,359 - api.v1.auth.service - INFO - User found: <User(name='Ojogu Nkang', role='<Role(name='RoleEnum.ADMIN')>')>
2025-01-17 11:58:42,370 - api.v1.auth.service - INFO - User found: <User(name='Ojogu Nkang', role='<Role(name='RoleEnum.ADMIN')>')>
2025-01-17 12:03:53,516 - api.v1.auth.service - INFO - Checking role permission for user
2025-01-17 12:03:53,520 - api.v1.auth.service - INFO - Normalized required roles: ['SUPERADMIN', 'ADMIN']
2025-01-17 12:03:53,523 - api.v1.auth.service - INFO - Checking role permission for user
2025-01-17 12:03:53,526 - api.v1.auth.service - INFO - a5f8a315-4058-4650-9687-b10871bf667d
2025-01-17 12:03:53,527 - api.v1.auth.service - INFO - Normalized required roles: ['SUPERADMIN', 'ADMIN']
2025-01-17 12:03:53,654 - api.v1.auth.service - INFO - a5f8a315-4058-4650-9687-b10871bf667d
2025-01-17 12:03:53,891 - api.v1.auth.service - INFO - Checking role permission for user
2025-01-17 12:03:53,895 - api.v1.auth.service - INFO - Normalized required roles: ['SUPERADMIN', 'ADMIN']
2025-01-17 12:03:53,899 - api.v1.auth.service - INFO - a5f8a315-4058-4650-9687-b10871bf667d
2025-01-17 12:03:54,506 - api.v1.auth.service - INFO - Checking role permission for user
2025-01-17 12:03:54,509 - api.v1.auth.service - INFO - Normalized required roles: ['SUPERADMIN', 'ADMIN', 'BURSAR', 'SUBADMIN', 'STUDENT']
2025-01-17 12:03:54,513 - api.v1.auth.service - INFO - a5f8a315-4058-4650-9687-b10871bf667d
2025-01-17 12:03:58,847 - api.v1.auth.service - INFO - User found: None
2025-01-17 12:03:58,849 - api.v1.auth.service - INFO - User found: None
2025-01-17 12:03:58,851 - api.v1.auth.service - INFO - User found: None
2025-01-17 12:03:58,852 - api.v1.auth.service - INFO - User found: None
2025-01-17 12:03:58,853 - api.v1.auth.service - ERROR - User not found
2025-01-17 12:03:58,857 - api.v1.auth.service - ERROR - User not found
2025-01-17 12:03:58,858 - api.v1.auth.service - ERROR - User not found
2025-01-17 12:03:58,859 - api.v1.auth.service - ERROR - User not found
2025-01-17 12:03:58,862 - api.v1.auth.service - INFO - a5f8a315-4058-4650-9687-b10871bf667d
2025-01-17 12:03:58,864 - api.v1.auth.service - INFO - a5f8a315-4058-4650-9687-b10871bf667d
2025-01-17 12:03:58,868 - api.v1.auth.service - INFO - a5f8a315-4058-4650-9687-b10871bf667d
2025-01-17 12:03:58,870 - api.v1.auth.service - INFO - a5f8a315-4058-4650-9687-b10871bf667d
2025-01-17 12:03:59,206 - api.v1.auth.service - INFO - User found: <User(name='Ojogu Nkang', role='<Role(name='RoleEnum.ADMIN')>')>
2025-01-17 12:03:59,207 - api.v1.auth.service - INFO - User found: <User(name='Ojogu Nkang', role='<Role(name='RoleEnum.ADMIN')>')>
2025-01-17 12:03:59,208 - api.v1.auth.service - INFO - User found: <User(name='Ojogu Nkang', role='<Role(name='RoleEnum.ADMIN')>')>
2025-01-17 12:03:59,210 - api.v1.auth.service - INFO - Parsed user role: ADMIN
2025-01-17 12:03:59,213 - api.v1.auth.service - INFO - Parsed user role: ADMIN
2025-01-17 12:03:59,215 - api.v1.auth.service - INFO - Parsed user role: ADMIN
2025-01-17 12:03:59,217 - api.v1.auth.service - INFO - Permission granted for role: ADMIN
2025-01-17 12:03:59,220 - api.v1.auth.service - INFO - Permission granted for role: ADMIN
2025-01-17 12:03:59,222 - api.v1.auth.service - INFO - Permission granted for role: ADMIN
2025-01-17 12:03:59,234 - api.v1.auth.service - INFO - a5f8a315-4058-4650-9687-b10871bf667d
2025-01-17 12:03:59,235 - api.v1.auth.service - INFO - a5f8a315-4058-4650-9687-b10871bf667d
2025-01-17 12:03:59,236 - api.v1.auth.service - INFO - a5f8a315-4058-4650-9687-b10871bf667d
2025-01-17 12:03:59,239 - api.v1.auth.service - INFO - User found: <User(name='Ojogu Nkang', role='<Role(name='RoleEnum.ADMIN')>')>
2025-01-17 12:03:59,252 - api.v1.auth.service - INFO - Parsed user role: ADMIN
2025-01-17 12:03:59,255 - api.v1.auth.service - INFO - Permission granted for role: ADMIN
2025-01-17 12:03:59,264 - api.v1.auth.service - INFO - a5f8a315-4058-4650-9687-b10871bf667d
2025-01-17 12:03:59,407 - api.v1.auth.service - INFO - User found: <User(name='Ojogu Nkang', role='<Role(name='RoleEnum.ADMIN')>')>
2025-01-17 12:03:59,425 - api.v1.auth.service - INFO - User found: <User(name='Ojogu Nkang', role='<Role(name='RoleEnum.ADMIN')>')>
2025-01-17 12:03:59,433 - api.v1.auth.service - INFO - User found: <User(name='Ojogu Nkang', role='<Role(name='RoleEnum.ADMIN')>')>
2025-01-17 12:03:59,449 - api.v1.auth.service - INFO - User found: <User(name='Ojogu Nkang', role='<Role(name='RoleEnum.ADMIN')>')>
2025-01-17 12:04:08,532 - api.v1.auth.service - INFO - Checking role permission for user
2025-01-17 12:04:08,535 - api.v1.auth.service - INFO - Normalized required roles: ['SUPERADMIN', 'ADMIN']
2025-01-17 12:04:08,539 - api.v1.auth.service - INFO - a5f8a315-4058-4650-9687-b10871bf667d
2025-01-17 12:04:08,983 - api.v1.auth.service - INFO - User found: None
2025-01-17 12:04:08,986 - api.v1.auth.service - ERROR - User not found
2025-01-17 12:04:08,989 - api.v1.auth.service - INFO - a5f8a315-4058-4650-9687-b10871bf667d
2025-01-17 12:04:09,391 - api.v1.auth.service - INFO - User found: <User(name='Ojogu Nkang', role='<Role(name='RoleEnum.ADMIN')>')>
2025-01-17 12:04:09,394 - api.v1.auth.service - INFO - Parsed user role: ADMIN
2025-01-17 12:04:09,401 - api.v1.auth.service - INFO - Permission granted for role: ADMIN
2025-01-17 12:04:09,407 - api.v1.auth.service - INFO - a5f8a315-4058-4650-9687-b10871bf667d
2025-01-17 12:04:09,597 - api.v1.auth.service - INFO - User found: <User(name='Ojogu Nkang', role='<Role(name='RoleEnum.ADMIN')>')>
2025-01-17 12:04:11,819 - api.v1.auth.service - INFO - Checking role permission for user
2025-01-17 12:04:11,822 - api.v1.auth.service - INFO - Normalized required roles: ['ADMIN', 'SUBADMIN']
2025-01-17 12:04:11,825 - api.v1.auth.service - INFO - a5f8a315-4058-4650-9687-b10871bf667d
2025-01-17 12:04:12,353 - api.v1.auth.service - INFO - User found: <User(name='Ojogu Nkang', role='<Role(name='RoleEnum.ADMIN')>')>
2025-01-17 12:04:12,357 - api.v1.auth.service - INFO - Parsed user role: ADMIN
2025-01-17 12:04:12,361 - api.v1.auth.service - INFO - Permission granted for role: ADMIN
2025-01-17 12:04:12,370 - api.v1.auth.service - INFO - a5f8a315-4058-4650-9687-b10871bf667d
2025-01-17 12:04:12,566 - api.v1.auth.service - INFO - User found: <User(name='Ojogu Nkang', role='<Role(name='RoleEnum.ADMIN')>')>
2025-01-17 12:04:17,491 - api.v1.auth.service - INFO - Checking role permission for user
2025-01-17 12:04:17,495 - api.v1.auth.service - INFO - Normalized required roles: ['ADMIN', 'SUBADMIN']
2025-01-17 12:04:17,498 - api.v1.auth.service - INFO - a5f8a315-4058-4650-9687-b10871bf667d
2025-01-17 12:04:18,179 - api.v1.auth.service - INFO - User found: <User(name='Ojogu Nkang', role='<Role(name='RoleEnum.ADMIN')>')>
2025-01-17 12:04:18,183 - api.v1.auth.service - INFO - Parsed user role: ADMIN
2025-01-17 12:04:18,187 - api.v1.auth.service - INFO - Permission granted for role: ADMIN
2025-01-17 12:04:18,193 - api.v1.auth.service - INFO - a5f8a315-4058-4650-9687-b10871bf667d
2025-01-17 12:04:18,415 - api.v1.auth.service - INFO - User found: <User(name='Ojogu Nkang', role='<Role(name='RoleEnum.ADMIN')>')>
2025-01-17 12:06:40,527 - api.v1.auth.service - INFO - Checking role permission for user
2025-01-17 12:06:40,530 - api.v1.auth.service - INFO - Normalized required roles: ['ADMIN', 'SUBADMIN']
2025-01-17 12:06:40,532 - api.v1.auth.service - INFO - a5f8a315-4058-4650-9687-b10871bf667d
2025-01-17 12:06:44,454 - api.v1.auth.service - INFO - User found: <User(name='Ojogu Nkang', role='<Role(name='RoleEnum.ADMIN')>')>
2025-01-17 12:06:44,458 - api.v1.auth.service - INFO - Parsed user role: ADMIN
2025-01-17 12:06:44,463 - api.v1.auth.service - INFO - Permission granted for role: ADMIN
2025-01-17 12:06:44,471 - api.v1.auth.service - INFO - a5f8a315-4058-4650-9687-b10871bf667d
2025-01-17 12:06:44,671 - api.v1.auth.service - INFO - User found: <User(name='Ojogu Nkang', role='<Role(name='RoleEnum.ADMIN')>')>
2025-01-17 12:08:58,116 - api.v1.auth.service - INFO - Checking role permission for user
2025-01-17 12:08:58,120 - api.v1.auth.service - INFO - Normalized required roles: ['ADMIN', 'SUBADMIN']
2025-01-17 12:08:58,125 - api.v1.auth.service - INFO - a5f8a315-4058-4650-9687-b10871bf667d
2025-01-17 12:08:58,680 - api.v1.auth.service - INFO - User found: <User(name='Ojogu Nkang', role='<Role(name='RoleEnum.ADMIN')>')>
2025-01-17 12:08:58,684 - api.v1.auth.service - INFO - Parsed user role: ADMIN
2025-01-17 12:08:58,687 - api.v1.auth.service - INFO - Permission granted for role: ADMIN
2025-01-17 12:09:35,604 - api.v1.auth.service - INFO - Checking role permission for user
2025-01-17 12:09:35,610 - api.v1.auth.service - INFO - Normalized required roles: ['SUPERADMIN', 'ADMIN']
2025-01-17 12:09:35,615 - api.v1.auth.service - INFO - a5f8a315-4058-4650-9687-b10871bf667d
2025-01-17 12:09:35,819 - api.v1.auth.service - INFO - Checking role permission for user
2025-01-17 12:09:35,822 - api.v1.auth.service - INFO - Checking role permission for user
2025-01-17 12:09:35,939 - api.v1.auth.service - INFO - Normalized required roles: ['SUPERADMIN', 'ADMIN', 'BURSAR', 'SUBADMIN', 'STUDENT']
2025-01-17 12:09:35,940 - api.v1.auth.service - INFO - Normalized required roles: ['SUPERADMIN', 'ADMIN']
2025-01-17 12:09:35,944 - api.v1.auth.service - INFO - a5f8a315-4058-4650-9687-b10871bf667d
2025-01-17 12:09:35,948 - api.v1.auth.service - INFO - a5f8a315-4058-4650-9687-b10871bf667d
2025-01-17 12:09:36,964 - api.v1.auth.service - INFO - Checking role permission for user
2025-01-17 12:09:36,981 - api.v1.auth.service - INFO - Normalized required roles: ['SUPERADMIN', 'ADMIN']
2025-01-17 12:09:36,985 - api.v1.auth.service - INFO - a5f8a315-4058-4650-9687-b10871bf667d
2025-01-17 12:09:39,773 - api.v1.auth.service - INFO - User found: None
2025-01-17 12:09:39,777 - api.v1.auth.service - ERROR - User not found
2025-01-17 12:09:39,781 - api.v1.auth.service - INFO - a5f8a315-4058-4650-9687-b10871bf667d
2025-01-17 12:09:39,795 - api.v1.auth.service - INFO - User found: None
2025-01-17 12:09:39,799 - api.v1.auth.service - ERROR - User not found
2025-01-17 12:09:39,803 - api.v1.auth.service - INFO - a5f8a315-4058-4650-9687-b10871bf667d
2025-01-17 12:09:39,818 - api.v1.auth.service - INFO - User found: None
2025-01-17 12:09:39,819 - api.v1.auth.service - INFO - User found: None
2025-01-17 12:09:39,823 - api.v1.auth.service - ERROR - User not found
2025-01-17 12:09:39,828 - api.v1.auth.service - ERROR - User not found
2025-01-17 12:09:39,830 - api.v1.auth.service - INFO - a5f8a315-4058-4650-9687-b10871bf667d
2025-01-17 12:09:39,834 - api.v1.auth.service - INFO - a5f8a315-4058-4650-9687-b10871bf667d
2025-01-17 12:09:40,155 - api.v1.auth.service - INFO - User found: <User(name='Ojogu Nkang', role='<Role(name='RoleEnum.ADMIN')>')>
2025-01-17 12:09:40,161 - api.v1.auth.service - INFO - Parsed user role: ADMIN
2025-01-17 12:09:40,165 - api.v1.auth.service - INFO - Permission granted for role: ADMIN
2025-01-17 12:09:40,171 - api.v1.auth.service - INFO - User found: <User(name='Ojogu Nkang', role='<Role(name='RoleEnum.ADMIN')>')>
2025-01-17 12:09:40,175 - api.v1.auth.service - INFO - a5f8a315-4058-4650-9687-b10871bf667d
2025-01-17 12:09:40,179 - api.v1.auth.service - INFO - Parsed user role: ADMIN
2025-01-17 12:09:40,184 - api.v1.auth.service - INFO - Permission granted for role: ADMIN
2025-01-17 12:09:40,190 - api.v1.auth.service - INFO - User found: <User(name='Ojogu Nkang', role='<Role(name='RoleEnum.ADMIN')>')>
2025-01-17 12:09:40,195 - api.v1.auth.service - INFO - a5f8a315-4058-4650-9687-b10871bf667d
2025-01-17 12:09:40,197 - api.v1.auth.service - INFO - Parsed user role: ADMIN
2025-01-17 12:09:40,201 - api.v1.auth.service - INFO - User found: <User(name='Ojogu Nkang', role='<Role(name='RoleEnum.ADMIN')>')>
2025-01-17 12:09:40,205 - api.v1.auth.service - INFO - Permission granted for role: ADMIN
2025-01-17 12:09:40,210 - api.v1.auth.service - INFO - Parsed user role: ADMIN
2025-01-17 12:09:40,216 - api.v1.auth.service - INFO - Permission granted for role: ADMIN
2025-01-17 12:09:40,218 - api.v1.auth.service - INFO - a5f8a315-4058-4650-9687-b10871bf667d
2025-01-17 12:09:40,230 - api.v1.auth.service - INFO - a5f8a315-4058-4650-9687-b10871bf667d
2025-01-17 12:09:40,350 - api.v1.auth.service - INFO - User found: <User(name='Ojogu Nkang', role='<Role(name='RoleEnum.ADMIN')>')>
2025-01-17 12:09:40,375 - api.v1.auth.service - INFO - User found: <User(name='Ojogu Nkang', role='<Role(name='RoleEnum.ADMIN')>')>
2025-01-17 12:09:40,401 - api.v1.auth.service - INFO - User found: <User(name='Ojogu Nkang', role='<Role(name='RoleEnum.ADMIN')>')>
2025-01-17 12:09:40,425 - api.v1.auth.service - INFO - User found: <User(name='Ojogu Nkang', role='<Role(name='RoleEnum.ADMIN')>')>
2025-01-17 12:10:14,686 - api.v1.auth.service - INFO - Checking role permission for user
2025-01-17 12:10:14,690 - api.v1.auth.service - INFO - Normalized required roles: ['SUPERADMIN', 'ADMIN']
2025-01-17 12:10:14,693 - api.v1.auth.service - INFO - a5f8a315-4058-4650-9687-b10871bf667d
2025-01-17 12:10:15,103 - api.v1.auth.service - INFO - User found: None
2025-01-17 12:10:15,106 - api.v1.auth.service - ERROR - User not found
2025-01-17 12:10:15,110 - api.v1.auth.service - INFO - a5f8a315-4058-4650-9687-b10871bf667d
2025-01-17 12:10:15,592 - api.v1.auth.service - INFO - User found: <User(name='Ojogu Nkang', role='<Role(name='RoleEnum.ADMIN')>')>
2025-01-17 12:10:15,596 - api.v1.auth.service - INFO - Parsed user role: ADMIN
2025-01-17 12:10:15,599 - api.v1.auth.service - INFO - Permission granted for role: ADMIN
2025-01-17 12:10:15,605 - api.v1.auth.service - INFO - a5f8a315-4058-4650-9687-b10871bf667d
2025-01-17 12:10:15,811 - api.v1.auth.service - INFO - User found: <User(name='Ojogu Nkang', role='<Role(name='RoleEnum.ADMIN')>')>
2025-01-17 12:10:18,356 - api.v1.auth.service - INFO - Checking role permission for user
2025-01-17 12:10:18,360 - api.v1.auth.service - INFO - Normalized required roles: ['ADMIN', 'SUBADMIN']
2025-01-17 12:10:18,363 - api.v1.auth.service - INFO - a5f8a315-4058-4650-9687-b10871bf667d
2025-01-17 12:10:23,887 - api.v1.auth.service - INFO - User found: <User(name='Ojogu Nkang', role='<Role(name='RoleEnum.ADMIN')>')>
2025-01-17 12:10:23,894 - api.v1.auth.service - INFO - Parsed user role: ADMIN
2025-01-17 12:10:23,898 - api.v1.auth.service - INFO - Permission granted for role: ADMIN
2025-01-17 12:10:23,904 - api.v1.auth.service - INFO - a5f8a315-4058-4650-9687-b10871bf667d
2025-01-17 12:10:24,551 - api.v1.auth.service - INFO - User found: <User(name='Ojogu Nkang', role='<Role(name='RoleEnum.ADMIN')>')>
2025-01-17 12:12:46,618 - api.v1.auth.service - INFO - Checking role permission for user
2025-01-17 12:12:46,622 - api.v1.auth.service - INFO - Normalized required roles: ['SUPERADMIN', 'ADMIN']
2025-01-17 12:12:46,625 - api.v1.auth.service - INFO - a5f8a315-4058-4650-9687-b10871bf667d
2025-01-17 12:12:48,954 - api.v1.auth.service - INFO - Checking role permission for user
2025-01-17 12:12:48,958 - api.v1.auth.service - INFO - Normalized required roles: ['SUPERADMIN', 'ADMIN']
2025-01-17 12:12:48,961 - api.v1.auth.service - INFO - a5f8a315-4058-4650-9687-b10871bf667d
2025-01-17 12:12:49,987 - api.v1.auth.service - INFO - User found: None
2025-01-17 12:12:49,990 - api.v1.auth.service - ERROR - User not found
2025-01-17 12:12:49,993 - api.v1.auth.service - INFO - a5f8a315-4058-4650-9687-b10871bf667d
2025-01-17 12:12:50,480 - api.v1.auth.service - INFO - User found: None
2025-01-17 12:12:50,485 - api.v1.auth.service - ERROR - User not found
2025-01-17 12:12:50,488 - api.v1.auth.service - INFO - a5f8a315-4058-4650-9687-b10871bf667d
2025-01-17 12:12:50,686 - api.v1.auth.service - INFO - User found: <User(name='Ojogu Nkang', role='<Role(name='RoleEnum.ADMIN')>')>
2025-01-17 12:12:50,690 - api.v1.auth.service - INFO - Parsed user role: ADMIN
2025-01-17 12:12:50,692 - api.v1.auth.service - INFO - Permission granted for role: ADMIN
2025-01-17 12:12:50,700 - api.v1.auth.service - INFO - a5f8a315-4058-4650-9687-b10871bf667d
2025-01-17 12:12:50,901 - api.v1.auth.service - INFO - User found: <User(name='Ojogu Nkang', role='<Role(name='RoleEnum.ADMIN')>')>
2025-01-17 12:12:50,902 - api.v1.auth.service - INFO - User found: <User(name='Ojogu Nkang', role='<Role(name='RoleEnum.ADMIN')>')>
2025-01-17 12:12:50,906 - api.v1.auth.service - INFO - Parsed user role: ADMIN
2025-01-17 12:12:50,912 - api.v1.auth.service - INFO - Permission granted for role: ADMIN
2025-01-17 12:12:50,919 - api.v1.auth.service - INFO - a5f8a315-4058-4650-9687-b10871bf667d
2025-01-17 12:12:52,148 - api.v1.auth.service - INFO - User found: <User(name='Ojogu Nkang', role='<Role(name='RoleEnum.ADMIN')>')>
2025-01-17 12:12:53,051 - api.v1.auth.service - INFO - Checking role permission for user
2025-01-17 12:12:53,054 - api.v1.auth.service - INFO - Normalized required roles: ['SUPERADMIN', 'ADMIN', 'BURSAR', 'SUBADMIN', 'STUDENT']
2025-01-17 12:12:53,057 - api.v1.auth.service - INFO - a5f8a315-4058-4650-9687-b10871bf667d
2025-01-17 12:12:57,958 - api.v1.auth.service - INFO - User found: None
2025-01-17 12:12:57,962 - api.v1.auth.service - ERROR - User not found
2025-01-17 12:12:57,967 - api.v1.auth.service - INFO - a5f8a315-4058-4650-9687-b10871bf667d
2025-01-17 12:13:03,299 - api.v1.auth.service - INFO - User found: <User(name='Ojogu Nkang', role='<Role(name='RoleEnum.ADMIN')>')>
2025-01-17 12:13:03,304 - api.v1.auth.service - INFO - Parsed user role: ADMIN
2025-01-17 12:13:03,307 - api.v1.auth.service - INFO - Permission granted for role: ADMIN
2025-01-17 12:13:03,315 - api.v1.auth.service - INFO - a5f8a315-4058-4650-9687-b10871bf667d
2025-01-17 12:13:03,854 - api.v1.auth.service - INFO - Checking role permission for user
2025-01-17 12:13:03,857 - api.v1.auth.service - INFO - Normalized required roles: ['SUPERADMIN', 'ADMIN']
2025-01-17 12:13:03,861 - api.v1.auth.service - INFO - a5f8a315-4058-4650-9687-b10871bf667d
2025-01-17 12:13:03,865 - api.v1.auth.service - INFO - User found: <User(name='Ojogu Nkang', role='<Role(name='RoleEnum.ADMIN')>')>
2025-01-17 12:13:05,690 - api.v1.auth.service - INFO - User found: None
2025-01-17 12:13:05,693 - api.v1.auth.service - ERROR - User not found
2025-01-17 12:13:05,697 - api.v1.auth.service - INFO - a5f8a315-4058-4650-9687-b10871bf667d
2025-01-17 12:13:14,813 - api.v1.auth.service - INFO - User found: <User(name='Ojogu Nkang', role='<Role(name='RoleEnum.ADMIN')>')>
2025-01-17 12:13:14,817 - api.v1.auth.service - INFO - Parsed user role: ADMIN
2025-01-17 12:13:14,820 - api.v1.auth.service - INFO - Permission granted for role: ADMIN
2025-01-17 12:13:14,825 - api.v1.auth.service - INFO - a5f8a315-4058-4650-9687-b10871bf667d
2025-01-17 12:13:15,110 - api.v1.auth.service - INFO - User found: <User(name='Ojogu Nkang', role='<Role(name='RoleEnum.ADMIN')>')>
2025-01-17 12:13:49,491 - api.v1.auth.service - INFO - User found: <User(name='Ojogu Nkang', role='<Role(name='RoleEnum.ADMIN')>')>
2025-01-17 12:13:50,117 - api.v1.auth.service - INFO - User authenticated
2025-01-17 12:14:02,821 - api.v1.auth.service - INFO - Checking role permission for user
2025-01-17 12:14:02,825 - api.v1.auth.service - INFO - Normalized required roles: ['SUPERADMIN', 'ADMIN']
2025-01-17 12:14:02,828 - api.v1.auth.service - INFO - a5f8a315-4058-4650-9687-b10871bf667d
2025-01-17 12:14:03,371 - api.v1.auth.service - INFO - Checking role permission for user
2025-01-17 12:14:03,375 - api.v1.auth.service - INFO - Normalized required roles: ['SUPERADMIN', 'ADMIN', 'BURSAR', 'SUBADMIN', 'STUDENT']
2025-01-17 12:14:03,378 - api.v1.auth.service - INFO - a5f8a315-4058-4650-9687-b10871bf667d
2025-01-17 12:14:03,489 - api.v1.auth.service - INFO - Checking role permission for user
2025-01-17 12:14:03,492 - api.v1.auth.service - INFO - Normalized required roles: ['SUPERADMIN', 'ADMIN']
2025-01-17 12:14:03,495 - api.v1.auth.service - INFO - a5f8a315-4058-4650-9687-b10871bf667d
2025-01-17 12:14:03,712 - api.v1.auth.service - INFO - User found: None
2025-01-17 12:14:03,716 - api.v1.auth.service - ERROR - User not found
2025-01-17 12:14:03,719 - api.v1.auth.service - INFO - a5f8a315-4058-4650-9687-b10871bf667d
2025-01-17 12:14:03,805 - api.v1.auth.service - INFO - User found: None
2025-01-17 12:14:03,811 - api.v1.auth.service - ERROR - User not found
2025-01-17 12:14:03,818 - api.v1.auth.service - INFO - a5f8a315-4058-4650-9687-b10871bf667d
2025-01-17 12:14:04,066 - api.v1.auth.service - INFO - User found: None
2025-01-17 12:14:04,070 - api.v1.auth.service - ERROR - User not found
2025-01-17 12:14:04,073 - api.v1.auth.service - INFO - a5f8a315-4058-4650-9687-b10871bf667d
2025-01-17 12:14:05,161 - api.v1.auth.service - INFO - User found: <User(name='Ojogu Nkang', role='<Role(name='RoleEnum.ADMIN')>')>
2025-01-17 12:14:05,164 - api.v1.auth.service - INFO - Parsed user role: ADMIN
2025-01-17 12:14:05,169 - api.v1.auth.service - INFO - Permission granted for role: ADMIN
2025-01-17 12:14:05,176 - api.v1.auth.service - INFO - a5f8a315-4058-4650-9687-b10871bf667d
2025-01-17 12:14:05,404 - api.v1.auth.service - INFO - User found: <User(name='Ojogu Nkang', role='<Role(name='RoleEnum.ADMIN')>')>
2025-01-17 12:14:05,408 - api.v1.auth.service - INFO - Parsed user role: ADMIN
2025-01-17 12:14:05,412 - api.v1.auth.service - INFO - Permission granted for role: ADMIN
2025-01-17 12:14:05,422 - api.v1.auth.service - INFO - a5f8a315-4058-4650-9687-b10871bf667d
2025-01-17 12:14:06,291 - api.v1.auth.service - INFO - User found: <User(name='Ojogu Nkang', role='<Role(name='RoleEnum.ADMIN')>')>
2025-01-17 12:14:06,292 - api.v1.auth.service - INFO - User found: <User(name='Ojogu Nkang', role='<Role(name='RoleEnum.ADMIN')>')>
2025-01-17 12:14:06,298 - api.v1.auth.service - INFO - Parsed user role: ADMIN
2025-01-17 12:14:06,302 - api.v1.auth.service - INFO - Permission granted for role: ADMIN
2025-01-17 12:14:06,310 - api.v1.auth.service - INFO - a5f8a315-4058-4650-9687-b10871bf667d
2025-01-17 12:14:06,618 - api.v1.auth.service - INFO - User found: <User(name='Ojogu Nkang', role='<Role(name='RoleEnum.ADMIN')>')>
2025-01-17 12:14:07,768 - api.v1.auth.service - INFO - Checking role permission for user
2025-01-17 12:14:07,772 - api.v1.auth.service - INFO - Normalized required roles: ['SUPERADMIN', 'ADMIN']
2025-01-17 12:14:07,774 - api.v1.auth.service - INFO - a5f8a315-4058-4650-9687-b10871bf667d
2025-01-17 12:14:08,007 - api.v1.auth.service - INFO - User found: <User(name='Ojogu Nkang', role='<Role(name='RoleEnum.ADMIN')>')>
2025-01-17 12:14:09,695 - api.v1.auth.service - INFO - User found: None
2025-01-17 12:14:09,700 - api.v1.auth.service - ERROR - User not found
2025-01-17 12:14:09,703 - api.v1.auth.service - INFO - a5f8a315-4058-4650-9687-b10871bf667d
2025-01-17 12:14:12,092 - api.v1.auth.service - INFO - User found: <User(name='Ojogu Nkang', role='<Role(name='RoleEnum.ADMIN')>')>
2025-01-17 12:14:12,096 - api.v1.auth.service - INFO - Parsed user role: ADMIN
2025-01-17 12:14:12,100 - api.v1.auth.service - INFO - Permission granted for role: ADMIN
2025-01-17 12:14:12,106 - api.v1.auth.service - INFO - a5f8a315-4058-4650-9687-b10871bf667d
2025-01-17 12:14:14,162 - api.v1.auth.service - INFO - User found: <User(name='Ojogu Nkang', role='<Role(name='RoleEnum.ADMIN')>')>
2025-01-17 12:14:15,382 - api.v1.auth.service - INFO - Checking role permission for user
2025-01-17 12:14:15,386 - api.v1.auth.service - INFO - Normalized required roles: ['SUPERADMIN', 'ADMIN']
2025-01-17 12:14:15,390 - api.v1.auth.service - INFO - a5f8a315-4058-4650-9687-b10871bf667d
2025-01-17 12:14:15,967 - api.v1.auth.service - INFO - User found: None
2025-01-17 12:14:15,992 - api.v1.auth.service - ERROR - User not found
2025-01-17 12:14:15,996 - api.v1.auth.service - INFO - a5f8a315-4058-4650-9687-b10871bf667d
2025-01-17 12:14:16,453 - api.v1.auth.service - INFO - User found: <User(name='Ojogu Nkang', role='<Role(name='RoleEnum.ADMIN')>')>
2025-01-17 12:14:16,456 - api.v1.auth.service - INFO - Parsed user role: ADMIN
2025-01-17 12:14:16,459 - api.v1.auth.service - INFO - Permission granted for role: ADMIN
2025-01-17 12:14:16,466 - api.v1.auth.service - INFO - a5f8a315-4058-4650-9687-b10871bf667d
2025-01-17 12:14:17,034 - api.v1.auth.service - INFO - User found: <User(name='Ojogu Nkang', role='<Role(name='RoleEnum.ADMIN')>')>
2025-01-17 12:14:22,483 - api.v1.auth.service - INFO - Checking role permission for user
2025-01-17 12:14:22,486 - api.v1.auth.service - INFO - Normalized required roles: ['ADMIN', 'SUBADMIN']
2025-01-17 12:14:22,489 - api.v1.auth.service - INFO - a5f8a315-4058-4650-9687-b10871bf667d
2025-01-17 12:14:27,207 - api.v1.auth.service - INFO - User found: <User(name='Ojogu Nkang', role='<Role(name='RoleEnum.ADMIN')>')>
2025-01-17 12:14:27,209 - api.v1.auth.service - INFO - Parsed user role: ADMIN
2025-01-17 12:14:27,213 - api.v1.auth.service - INFO - Permission granted for role: ADMIN
2025-01-17 12:14:27,222 - api.v1.auth.service - INFO - a5f8a315-4058-4650-9687-b10871bf667d
2025-01-17 12:14:28,678 - api.v1.auth.service - INFO - User found: <User(name='Ojogu Nkang', role='<Role(name='RoleEnum.ADMIN')>')>
2025-01-17 12:17:02,746 - api.v1.auth.service - INFO - Checking role permission for user
2025-01-17 12:17:02,749 - api.v1.auth.service - INFO - Normalized required roles: ['ADMIN', 'SUBADMIN']
2025-01-17 12:17:02,753 - api.v1.auth.service - INFO - a5f8a315-4058-4650-9687-b10871bf667d
2025-01-17 12:17:04,651 - api.v1.auth.service - INFO - User found: <User(name='Ojogu Nkang', role='<Role(name='RoleEnum.ADMIN')>')>
2025-01-17 12:17:04,654 - api.v1.auth.service - INFO - Parsed user role: ADMIN
2025-01-17 12:17:04,658 - api.v1.auth.service - INFO - Permission granted for role: ADMIN
2025-01-17 12:17:04,667 - api.v1.auth.service - INFO - a5f8a315-4058-4650-9687-b10871bf667d
2025-01-17 12:17:05,907 - api.v1.auth.service - INFO - User found: <User(name='Ojogu Nkang', role='<Role(name='RoleEnum.ADMIN')>')>
2025-01-17 12:17:14,508 - api.v1.auth.service - ERROR - Unexpected error while checking permissions: 'data'
2025-01-17 12:19:19,332 - api.v1.auth.service - INFO - Checking role permission for user
2025-01-17 12:19:19,405 - api.v1.auth.service - INFO - Normalized required roles: ['SUPERADMIN', 'ADMIN']
2025-01-17 12:19:19,414 - api.v1.auth.service - INFO - a5f8a315-4058-4650-9687-b10871bf667d
2025-01-17 12:19:21,045 - api.v1.auth.service - INFO - Checking role permission for user
2025-01-17 12:19:21,190 - api.v1.auth.service - INFO - Normalized required roles: ['SUPERADMIN', 'ADMIN']
2025-01-17 12:19:21,203 - api.v1.auth.service - INFO - a5f8a315-4058-4650-9687-b10871bf667d
2025-01-17 12:19:21,284 - api.v1.auth.service - INFO - Checking role permission for user
2025-01-17 12:19:21,431 - api.v1.auth.service - INFO - Normalized required roles: ['SUPERADMIN', 'ADMIN', 'BURSAR', 'SUBADMIN', 'STUDENT']
2025-01-17 12:19:21,477 - api.v1.auth.service - INFO - User found: None
2025-01-17 12:19:21,586 - api.v1.auth.service - INFO - a5f8a315-4058-4650-9687-b10871bf667d
2025-01-17 12:19:21,816 - api.v1.auth.service - ERROR - User not found
2025-01-17 12:19:22,015 - api.v1.auth.service - INFO - a5f8a315-4058-4650-9687-b10871bf667d
2025-01-17 12:19:22,448 - api.v1.auth.service - INFO - User found: None
2025-01-17 12:19:22,606 - api.v1.auth.service - INFO - User found: None
2025-01-17 12:19:22,643 - api.v1.auth.service - INFO - User found: <User(name='Ojogu Nkang', role='<Role(name='RoleEnum.ADMIN')>')>
2025-01-17 12:19:22,867 - api.v1.auth.service - INFO - Checking role permission for user
2025-01-17 12:19:23,342 - api.v1.auth.service - ERROR - User not found
2025-01-17 12:19:23,813 - api.v1.auth.service - ERROR - User not found
2025-01-17 12:19:24,085 - api.v1.auth.service - INFO - Parsed user role: ADMIN
2025-01-17 12:19:24,283 - api.v1.auth.service - INFO - Normalized required roles: ['SUPERADMIN', 'ADMIN']
2025-01-17 12:19:24,356 - api.v1.auth.service - INFO - a5f8a315-4058-4650-9687-b10871bf667d
2025-01-17 12:19:25,317 - api.v1.auth.service - INFO - a5f8a315-4058-4650-9687-b10871bf667d
2025-01-17 12:19:26,200 - api.v1.auth.service - INFO - Permission granted for role: ADMIN
2025-01-17 12:19:26,273 - api.v1.auth.service - INFO - a5f8a315-4058-4650-9687-b10871bf667d
2025-01-17 12:19:27,015 - api.v1.auth.service - INFO - User found: <User(name='Ojogu Nkang', role='<Role(name='RoleEnum.ADMIN')>')>
2025-01-17 12:19:27,467 - api.v1.auth.service - INFO - User found: <User(name='Ojogu Nkang', role='<Role(name='RoleEnum.ADMIN')>')>
2025-01-17 12:19:28,913 - api.v1.auth.service - INFO - User found: None
2025-01-17 12:19:29,064 - api.v1.auth.service - INFO - Parsed user role: ADMIN
2025-01-17 12:19:29,329 - api.v1.auth.service - INFO - Parsed user role: ADMIN
2025-01-17 12:19:29,351 - api.v1.auth.service - INFO - a5f8a315-4058-4650-9687-b10871bf667d
2025-01-17 12:19:29,367 - api.v1.auth.service - ERROR - User not found
2025-01-17 12:19:29,847 - api.v1.auth.service - INFO - Permission granted for role: ADMIN
2025-01-17 12:19:30,076 - api.v1.auth.service - INFO - Permission granted for role: ADMIN
2025-01-17 12:19:30,114 - api.v1.auth.service - INFO - a5f8a315-4058-4650-9687-b10871bf667d
2025-01-17 12:19:30,518 - api.v1.auth.service - INFO - a5f8a315-4058-4650-9687-b10871bf667d
2025-01-17 12:19:30,536 - api.v1.auth.service - INFO - a5f8a315-4058-4650-9687-b10871bf667d
2025-01-17 12:19:31,496 - api.v1.auth.service - INFO - User found: <User(name='Ojogu Nkang', role='<Role(name='RoleEnum.ADMIN')>')>
2025-01-17 12:19:31,550 - api.v1.auth.service - INFO - User found: <User(name='Ojogu Nkang', role='<Role(name='RoleEnum.ADMIN')>')>
2025-01-17 12:19:31,553 - api.v1.auth.service - INFO - User found: <User(name='Ojogu Nkang', role='<Role(name='RoleEnum.ADMIN')>')>
2025-01-17 12:19:32,183 - api.v1.auth.service - INFO - User found: <User(name='Ojogu Nkang', role='<Role(name='RoleEnum.ADMIN')>')>
2025-01-17 12:19:32,199 - api.v1.auth.service - INFO - Parsed user role: ADMIN
2025-01-17 12:19:32,777 - api.v1.auth.service - INFO - Permission granted for role: ADMIN
2025-01-17 12:19:33,568 - api.v1.auth.service - INFO - a5f8a315-4058-4650-9687-b10871bf667d
2025-01-17 12:19:35,117 - api.v1.auth.service - INFO - User found: <User(name='Ojogu Nkang', role='<Role(name='RoleEnum.ADMIN')>')>
2025-01-17 12:19:52,795 - api.v1.auth.service - INFO - Checking role permission for user
2025-01-17 12:19:52,804 - api.v1.auth.service - INFO - Normalized required roles: ['SUPERADMIN', 'ADMIN']
2025-01-17 12:19:52,829 - api.v1.auth.service - INFO - a5f8a315-4058-4650-9687-b10871bf667d
2025-01-17 12:19:52,974 - api.v1.auth.service - INFO - Checking role permission for user
2025-01-17 12:19:52,982 - api.v1.auth.service - INFO - Normalized required roles: ['SUPERADMIN', 'ADMIN']
2025-01-17 12:19:52,985 - api.v1.auth.service - INFO - a5f8a315-4058-4650-9687-b10871bf667d
2025-01-17 12:19:53,221 - api.v1.auth.service - INFO - Checking role permission for user
2025-01-17 12:19:53,226 - api.v1.auth.service - INFO - Normalized required roles: ['SUPERADMIN', 'ADMIN']
2025-01-17 12:19:53,233 - api.v1.auth.service - INFO - a5f8a315-4058-4650-9687-b10871bf667d
2025-01-17 12:19:53,389 - api.v1.auth.service - INFO - Checking role permission for user
2025-01-17 12:19:53,413 - api.v1.auth.service - INFO - Normalized required roles: ['SUPERADMIN', 'ADMIN', 'BURSAR', 'SUBADMIN', 'STUDENT']
2025-01-17 12:19:53,424 - api.v1.auth.service - INFO - a5f8a315-4058-4650-9687-b10871bf667d
2025-01-17 12:19:53,588 - api.v1.auth.service - INFO - User found: None
2025-01-17 12:19:53,630 - api.v1.auth.service - ERROR - User not found
2025-01-17 12:19:53,665 - api.v1.auth.service - INFO - User found: None
2025-01-17 12:19:53,685 - api.v1.auth.service - INFO - User found: None
2025-01-17 12:19:53,910 - api.v1.auth.service - INFO - User found: None
2025-01-17 12:19:54,452 - api.v1.auth.service - INFO - a5f8a315-4058-4650-9687-b10871bf667d
2025-01-17 12:19:54,502 - api.v1.auth.service - ERROR - User not found
2025-01-17 12:19:54,718 - api.v1.auth.service - ERROR - User not found
2025-01-17 12:19:54,802 - api.v1.auth.service - ERROR - User not found
2025-01-17 12:19:54,840 - api.v1.auth.service - INFO - a5f8a315-4058-4650-9687-b10871bf667d
2025-01-17 12:19:54,873 - api.v1.auth.service - INFO - a5f8a315-4058-4650-9687-b10871bf667d
2025-01-17 12:19:54,948 - api.v1.auth.service - INFO - a5f8a315-4058-4650-9687-b10871bf667d
2025-01-17 12:19:55,510 - api.v1.auth.service - INFO - User found: <User(name='Ojogu Nkang', role='<Role(name='RoleEnum.ADMIN')>')>
2025-01-17 12:19:55,557 - api.v1.auth.service - INFO - User found: <User(name='Ojogu Nkang', role='<Role(name='RoleEnum.ADMIN')>')>
2025-01-17 12:19:55,584 - api.v1.auth.service - INFO - Parsed user role: ADMIN
2025-01-17 12:19:55,589 - api.v1.auth.service - INFO - User found: <User(name='Ojogu Nkang', role='<Role(name='RoleEnum.ADMIN')>')>
2025-01-17 12:19:55,605 - api.v1.auth.service - INFO - Parsed user role: ADMIN
2025-01-17 12:19:55,649 - api.v1.auth.service - INFO - Permission granted for role: ADMIN
2025-01-17 12:19:55,673 - api.v1.auth.service - INFO - User found: <User(name='Ojogu Nkang', role='<Role(name='RoleEnum.ADMIN')>')>
2025-01-17 12:19:55,702 - api.v1.auth.service - INFO - Parsed user role: ADMIN
2025-01-17 12:19:55,749 - api.v1.auth.service - INFO - Permission granted for role: ADMIN
2025-01-17 12:19:55,972 - api.v1.auth.service - INFO - Parsed user role: ADMIN
2025-01-17 12:19:55,974 - api.v1.auth.service - INFO - Permission granted for role: ADMIN
2025-01-17 12:19:55,986 - api.v1.auth.service - INFO - a5f8a315-4058-4650-9687-b10871bf667d
2025-01-17 12:19:55,989 - api.v1.auth.service - INFO - Permission granted for role: ADMIN
2025-01-17 12:19:56,019 - api.v1.auth.service - INFO - a5f8a315-4058-4650-9687-b10871bf667d
2025-01-17 12:19:56,173 - api.v1.auth.service - INFO - a5f8a315-4058-4650-9687-b10871bf667d
2025-01-17 12:19:56,189 - api.v1.auth.service - INFO - a5f8a315-4058-4650-9687-b10871bf667d
2025-01-17 12:19:56,306 - api.v1.auth.service - INFO - User found: <User(name='Ojogu Nkang', role='<Role(name='RoleEnum.ADMIN')>')>
2025-01-17 12:19:56,385 - api.v1.auth.service - INFO - User found: <User(name='Ojogu Nkang', role='<Role(name='RoleEnum.ADMIN')>')>
2025-01-17 12:19:56,459 - api.v1.auth.service - INFO - User found: <User(name='Ojogu Nkang', role='<Role(name='RoleEnum.ADMIN')>')>
2025-01-17 12:19:56,494 - api.v1.auth.service - INFO - User found: <User(name='Ojogu Nkang', role='<Role(name='RoleEnum.ADMIN')>')>
2025-01-17 12:20:51,596 - api.v1.auth.service - INFO - Checking role permission for user
2025-01-17 12:20:51,599 - api.v1.auth.service - INFO - Normalized required roles: ['SUPERADMIN', 'ADMIN']
2025-01-17 12:20:51,603 - api.v1.auth.service - INFO - a5f8a315-4058-4650-9687-b10871bf667d
2025-01-17 12:20:56,854 - api.v1.auth.service - INFO - User found: None
2025-01-17 12:20:56,893 - api.v1.auth.service - ERROR - User not found
2025-01-17 12:20:56,906 - api.v1.auth.service - INFO - a5f8a315-4058-4650-9687-b10871bf667d
2025-01-17 12:20:57,365 - api.v1.auth.service - INFO - User found: <User(name='Ojogu Nkang', role='<Role(name='RoleEnum.ADMIN')>')>
2025-01-17 12:20:57,368 - api.v1.auth.service - INFO - Parsed user role: ADMIN
2025-01-17 12:20:57,371 - api.v1.auth.service - INFO - Permission granted for role: ADMIN
2025-01-17 12:20:57,376 - api.v1.auth.service - INFO - a5f8a315-4058-4650-9687-b10871bf667d
2025-01-17 12:20:57,679 - api.v1.auth.service - INFO - User found: <User(name='Ojogu Nkang', role='<Role(name='RoleEnum.ADMIN')>')>
2025-01-17 12:21:00,116 - api.v1.auth.service - INFO - Checking role permission for user
2025-01-17 12:21:00,119 - api.v1.auth.service - INFO - Normalized required roles: ['ADMIN', 'SUBADMIN']
2025-01-17 12:21:00,122 - api.v1.auth.service - INFO - a5f8a315-4058-4650-9687-b10871bf667d
2025-01-17 12:21:00,749 - api.v1.auth.service - INFO - User found: <User(name='Ojogu Nkang', role='<Role(name='RoleEnum.ADMIN')>')>
2025-01-17 12:21:00,752 - api.v1.auth.service - INFO - Parsed user role: ADMIN
2025-01-17 12:21:00,754 - api.v1.auth.service - INFO - Permission granted for role: ADMIN
2025-01-17 12:21:00,760 - api.v1.auth.service - INFO - a5f8a315-4058-4650-9687-b10871bf667d
2025-01-17 12:21:01,018 - api.v1.auth.service - INFO - User found: <User(name='Ojogu Nkang', role='<Role(name='RoleEnum.ADMIN')>')>
2025-01-17 12:22:52,257 - api.v1.auth.service - INFO - Checking role permission for user
2025-01-17 12:22:52,261 - api.v1.auth.service - INFO - Normalized required roles: ['ADMIN', 'SUBADMIN']
2025-01-17 12:22:52,264 - api.v1.auth.service - INFO - a5f8a315-4058-4650-9687-b10871bf667d
2025-01-17 12:25:50,558 - api.v1.auth.service - INFO - Checking role permission for user
2025-01-17 12:25:50,561 - api.v1.auth.service - INFO - Normalized required roles: ['ADMIN', 'SUBADMIN']
2025-01-17 12:25:50,564 - api.v1.auth.service - INFO - a5f8a315-4058-4650-9687-b10871bf667d
2025-01-17 12:25:54,958 - api.v1.auth.service - INFO - User found: <User(name='Ojogu Nkang', role='<Role(name='RoleEnum.ADMIN')>')>
2025-01-17 12:25:54,960 - api.v1.auth.service - INFO - Parsed user role: ADMIN
2025-01-17 12:25:54,963 - api.v1.auth.service - INFO - Permission granted for role: ADMIN
2025-01-17 12:25:54,996 - api.v1.auth.service - INFO - a5f8a315-4058-4650-9687-b10871bf667d
2025-01-17 12:25:55,235 - api.v1.auth.service - INFO - User found: <User(name='Ojogu Nkang', role='<Role(name='RoleEnum.ADMIN')>')>
2025-01-17 12:25:58,976 - api.v1.auth.service - ERROR - Unexpected error while checking permissions: 'data'
2025-01-17 12:27:11,062 - api.v1.auth.service - INFO - Checking role permission for user
2025-01-17 12:27:11,329 - api.v1.auth.service - INFO - Checking role permission for user
2025-01-17 12:27:11,778 - api.v1.auth.service - INFO - Checking role permission for user
2025-01-17 12:27:12,619 - api.v1.auth.service - INFO - Checking role permission for user
2025-01-17 12:27:12,801 - api.v1.auth.service - INFO - Normalized required roles: ['SUPERADMIN', 'ADMIN']
2025-01-17 12:27:12,882 - api.v1.auth.service - INFO - Normalized required roles: ['SUPERADMIN', 'ADMIN']
2025-01-17 12:27:12,901 - api.v1.auth.service - INFO - Normalized required roles: ['SUPERADMIN', 'ADMIN', 'BURSAR', 'SUBADMIN', 'STUDENT']
2025-01-17 12:27:12,904 - api.v1.auth.service - INFO - Normalized required roles: ['SUPERADMIN', 'ADMIN']
2025-01-17 12:27:12,937 - api.v1.auth.service - INFO - a5f8a315-4058-4650-9687-b10871bf667d
2025-01-17 12:27:12,997 - api.v1.auth.service - INFO - a5f8a315-4058-4650-9687-b10871bf667d
2025-01-17 12:27:13,030 - api.v1.auth.service - INFO - a5f8a315-4058-4650-9687-b10871bf667d
2025-01-17 12:27:13,050 - api.v1.auth.service - INFO - a5f8a315-4058-4650-9687-b10871bf667d
2025-01-17 12:27:13,483 - api.v1.auth.service - INFO - User found: None
2025-01-17 12:27:13,497 - api.v1.auth.service - ERROR - User not found
2025-01-17 12:27:13,500 - api.v1.auth.service - INFO - a5f8a315-4058-4650-9687-b10871bf667d
2025-01-17 12:27:14,302 - api.v1.auth.service - INFO - User found: <User(name='Ojogu Nkang', role='<Role(name='RoleEnum.ADMIN')>')>
2025-01-17 12:27:14,497 - api.v1.auth.service - INFO - Parsed user role: ADMIN
2025-01-17 12:27:14,527 - api.v1.auth.service - INFO - Permission granted for role: ADMIN
2025-01-17 12:27:14,667 - api.v1.auth.service - INFO - a5f8a315-4058-4650-9687-b10871bf667d
2025-01-17 12:27:15,110 - api.v1.auth.service - INFO - User found: <User(name='Ojogu Nkang', role='<Role(name='RoleEnum.ADMIN')>')>
2025-01-17 12:27:15,633 - api.v1.auth.service - INFO - User found: None
2025-01-17 12:27:15,698 - api.v1.auth.service - INFO - User found: None
2025-01-17 12:27:15,704 - api.v1.auth.service - ERROR - User not found
2025-01-17 12:27:15,714 - api.v1.auth.service - ERROR - User not found
2025-01-17 12:27:15,817 - api.v1.auth.service - INFO - a5f8a315-4058-4650-9687-b10871bf667d
2025-01-17 12:27:15,839 - api.v1.auth.service - INFO - User found: None
2025-01-17 12:27:15,851 - api.v1.auth.service - INFO - a5f8a315-4058-4650-9687-b10871bf667d
2025-01-17 12:27:15,930 - api.v1.auth.service - ERROR - User not found
2025-01-17 12:27:15,992 - api.v1.auth.service - INFO - a5f8a315-4058-4650-9687-b10871bf667d
2025-01-17 12:27:17,183 - api.v1.auth.service - INFO - User found: <User(name='Ojogu Nkang', role='<Role(name='RoleEnum.ADMIN')>')>
2025-01-17 12:27:17,212 - api.v1.auth.service - INFO - User found: <User(name='Ojogu Nkang', role='<Role(name='RoleEnum.ADMIN')>')>
2025-01-17 12:27:17,213 - api.v1.auth.service - INFO - User found: <User(name='Ojogu Nkang', role='<Role(name='RoleEnum.ADMIN')>')>
2025-01-17 12:27:18,108 - api.v1.auth.service - INFO - Parsed user role: ADMIN
2025-01-17 12:27:18,153 - api.v1.auth.service - INFO - Parsed user role: ADMIN
2025-01-17 12:27:18,229 - api.v1.auth.service - INFO - Parsed user role: ADMIN
2025-01-17 12:27:18,348 - api.v1.auth.service - INFO - Permission granted for role: ADMIN
2025-01-17 12:27:18,370 - api.v1.auth.service - INFO - Permission granted for role: ADMIN
2025-01-17 12:27:18,370 - api.v1.auth.service - INFO - Permission granted for role: ADMIN
2025-01-17 12:27:18,580 - api.v1.auth.service - INFO - a5f8a315-4058-4650-9687-b10871bf667d
2025-01-17 12:27:18,596 - api.v1.auth.service - INFO - a5f8a315-4058-4650-9687-b10871bf667d
2025-01-17 12:27:18,628 - api.v1.auth.service - INFO - a5f8a315-4058-4650-9687-b10871bf667d
2025-01-17 12:27:18,836 - api.v1.auth.service - INFO - User found: <User(name='Ojogu Nkang', role='<Role(name='RoleEnum.ADMIN')>')>
2025-01-17 12:27:18,921 - api.v1.auth.service - INFO - User found: <User(name='Ojogu Nkang', role='<Role(name='RoleEnum.ADMIN')>')>
2025-01-17 12:27:18,922 - api.v1.auth.service - INFO - User found: <User(name='Ojogu Nkang', role='<Role(name='RoleEnum.ADMIN')>')>
2025-01-17 12:27:21,913 - api.v1.auth.service - INFO - Checking role permission for user
2025-01-17 12:27:21,926 - api.v1.auth.service - INFO - Normalized required roles: ['SUPERADMIN', 'ADMIN']
2025-01-17 12:27:21,933 - api.v1.auth.service - INFO - a5f8a315-4058-4650-9687-b10871bf667d
2025-01-17 12:27:22,311 - api.v1.auth.service - INFO - User found: None
2025-01-17 12:27:22,316 - api.v1.auth.service - ERROR - User not found
2025-01-17 12:27:22,319 - api.v1.auth.service - INFO - a5f8a315-4058-4650-9687-b10871bf667d
2025-01-17 12:27:22,730 - api.v1.auth.service - INFO - User found: <User(name='Ojogu Nkang', role='<Role(name='RoleEnum.ADMIN')>')>
2025-01-17 12:27:22,753 - api.v1.auth.service - INFO - Parsed user role: ADMIN
2025-01-17 12:27:22,762 - api.v1.auth.service - INFO - Permission granted for role: ADMIN
2025-01-17 12:27:22,770 - api.v1.auth.service - INFO - a5f8a315-4058-4650-9687-b10871bf667d
2025-01-17 12:27:23,248 - api.v1.auth.service - INFO - User found: <User(name='Ojogu Nkang', role='<Role(name='RoleEnum.ADMIN')>')>
2025-01-17 12:27:55,980 - api.v1.auth.service - INFO - Checking role permission for user
2025-01-17 12:27:56,003 - api.v1.auth.service - INFO - Normalized required roles: ['ADMIN', 'SUBADMIN']
2025-01-17 12:27:56,081 - api.v1.auth.service - INFO - a5f8a315-4058-4650-9687-b10871bf667d
2025-01-17 12:27:58,783 - api.v1.auth.service - INFO - User found: <User(name='Ojogu Nkang', role='<Role(name='RoleEnum.ADMIN')>')>
2025-01-17 12:27:58,798 - api.v1.auth.service - INFO - Parsed user role: ADMIN
2025-01-17 12:27:59,484 - api.v1.auth.service - INFO - Permission granted for role: ADMIN
2025-01-17 12:28:00,196 - api.v1.auth.service - INFO - a5f8a315-4058-4650-9687-b10871bf667d
2025-01-17 12:28:01,623 - api.v1.auth.service - INFO - User found: <User(name='Ojogu Nkang', role='<Role(name='RoleEnum.ADMIN')>')>
2025-01-17 12:30:52,368 - api.v1.auth.service - INFO - Checking role permission for user
2025-01-17 12:30:52,370 - api.v1.auth.service - INFO - Normalized required roles: ['ADMIN', 'SUBADMIN']
2025-01-17 12:30:52,374 - api.v1.auth.service - INFO - a5f8a315-4058-4650-9687-b10871bf667d
2025-01-17 12:30:58,203 - api.v1.auth.service - INFO - User found: <User(name='Ojogu Nkang', role='<Role(name='RoleEnum.ADMIN')>')>
2025-01-17 12:30:58,206 - api.v1.auth.service - INFO - Parsed user role: ADMIN
2025-01-17 12:30:58,209 - api.v1.auth.service - INFO - Permission granted for role: ADMIN
2025-01-17 12:30:58,217 - api.v1.auth.service - INFO - a5f8a315-4058-4650-9687-b10871bf667d
2025-01-17 12:30:58,440 - api.v1.auth.service - INFO - User found: <User(name='Ojogu Nkang', role='<Role(name='RoleEnum.ADMIN')>')>
2025-01-17 12:31:01,162 - api.v1.auth.service - ERROR - Unexpected error while checking permissions: 'data'
2025-01-17 12:31:14,352 - api.v1.auth.service - INFO - Checking role permission for user
2025-01-17 12:31:14,356 - api.v1.auth.service - INFO - Normalized required roles: ['SUPERADMIN', 'ADMIN', 'BURSAR', 'SUBADMIN', 'STUDENT']
2025-01-17 12:31:14,360 - api.v1.auth.service - INFO - a5f8a315-4058-4650-9687-b10871bf667d
2025-01-17 12:31:15,145 - api.v1.auth.service - INFO - User found: None
2025-01-17 12:31:15,155 - api.v1.auth.service - ERROR - User not found
2025-01-17 12:31:15,174 - api.v1.auth.service - INFO - a5f8a315-4058-4650-9687-b10871bf667d
2025-01-17 12:31:15,233 - api.v1.auth.service - INFO - Checking role permission for user
2025-01-17 12:31:15,257 - api.v1.auth.service - INFO - Normalized required roles: ['SUPERADMIN', 'ADMIN']
2025-01-17 12:31:15,303 - api.v1.auth.service - INFO - a5f8a315-4058-4650-9687-b10871bf667d
2025-01-17 12:31:15,637 - api.v1.auth.service - INFO - User found: <User(name='Ojogu Nkang', role='<Role(name='RoleEnum.ADMIN')>')>
2025-01-17 12:31:15,674 - api.v1.auth.service - INFO - Parsed user role: ADMIN
2025-01-17 12:31:15,693 - api.v1.auth.service - INFO - Permission granted for role: ADMIN
2025-01-17 12:31:15,715 - api.v1.auth.service - INFO - a5f8a315-4058-4650-9687-b10871bf667d
2025-01-17 12:31:15,722 - api.v1.auth.service - INFO - Checking role permission for user
2025-01-17 12:31:15,725 - api.v1.auth.service - INFO - Checking role permission for user
2025-01-17 12:31:15,742 - api.v1.auth.service - INFO - Normalized required roles: ['SUPERADMIN', 'ADMIN']
2025-01-17 12:31:15,756 - api.v1.auth.service - INFO - Normalized required roles: ['SUPERADMIN', 'ADMIN']
2025-01-17 12:31:15,759 - api.v1.auth.service - INFO - a5f8a315-4058-4650-9687-b10871bf667d
2025-01-17 12:31:15,787 - api.v1.auth.service - INFO - a5f8a315-4058-4650-9687-b10871bf667d
2025-01-17 12:31:15,919 - api.v1.auth.service - INFO - User found: <User(name='Ojogu Nkang', role='<Role(name='RoleEnum.ADMIN')>')>
2025-01-17 12:31:18,102 - api.v1.auth.service - INFO - User found: None
2025-01-17 12:31:18,105 - api.v1.auth.service - ERROR - User not found
2025-01-17 12:31:18,108 - api.v1.auth.service - INFO - a5f8a315-4058-4650-9687-b10871bf667d
2025-01-17 12:31:18,223 - api.v1.auth.service - INFO - User found: None
2025-01-17 12:31:18,241 - api.v1.auth.service - ERROR - User not found
2025-01-17 12:31:18,256 - api.v1.auth.service - INFO - a5f8a315-4058-4650-9687-b10871bf667d
2025-01-17 12:31:18,276 - api.v1.auth.service - INFO - User found: None
2025-01-17 12:31:18,279 - api.v1.auth.service - ERROR - User not found
2025-01-17 12:31:18,282 - api.v1.auth.service - INFO - a5f8a315-4058-4650-9687-b10871bf667d
2025-01-17 12:31:19,334 - api.v1.auth.service - INFO - User found: <User(name='Ojogu Nkang', role='<Role(name='RoleEnum.ADMIN')>')>
2025-01-17 12:31:19,335 - api.v1.auth.service - INFO - User found: <User(name='Ojogu Nkang', role='<Role(name='RoleEnum.ADMIN')>')>
2025-01-17 12:31:19,336 - api.v1.auth.service - INFO - User found: <User(name='Ojogu Nkang', role='<Role(name='RoleEnum.ADMIN')>')>
2025-01-17 12:31:19,339 - api.v1.auth.service - INFO - Parsed user role: ADMIN
2025-01-17 12:31:19,341 - api.v1.auth.service - INFO - Parsed user role: ADMIN
2025-01-17 12:31:19,352 - api.v1.auth.service - INFO - Parsed user role: ADMIN
2025-01-17 12:31:19,354 - api.v1.auth.service - INFO - Permission granted for role: ADMIN
2025-01-17 12:31:19,356 - api.v1.auth.service - INFO - Permission granted for role: ADMIN
2025-01-17 12:31:19,358 - api.v1.auth.service - INFO - Permission granted for role: ADMIN
2025-01-17 12:31:19,375 - api.v1.auth.service - INFO - a5f8a315-4058-4650-9687-b10871bf667d
2025-01-17 12:31:19,377 - api.v1.auth.service - INFO - a5f8a315-4058-4650-9687-b10871bf667d
2025-01-17 12:31:19,379 - api.v1.auth.service - INFO - a5f8a315-4058-4650-9687-b10871bf667d
2025-01-17 12:31:19,635 - api.v1.auth.service - INFO - User found: <User(name='Ojogu Nkang', role='<Role(name='RoleEnum.ADMIN')>')>
2025-01-17 12:31:19,765 - api.v1.auth.service - INFO - User found: <User(name='Ojogu Nkang', role='<Role(name='RoleEnum.ADMIN')>')>
2025-01-17 12:31:19,765 - api.v1.auth.service - INFO - User found: <User(name='Ojogu Nkang', role='<Role(name='RoleEnum.ADMIN')>')>
2025-01-17 12:31:23,969 - api.v1.auth.service - INFO - Checking role permission for user
2025-01-17 12:31:23,972 - api.v1.auth.service - INFO - Normalized required roles: ['SUPERADMIN', 'ADMIN', 'BURSAR', 'SUBADMIN', 'STUDENT']
2025-01-17 12:31:23,975 - api.v1.auth.service - INFO - a5f8a315-4058-4650-9687-b10871bf667d
2025-01-17 12:31:24,472 - api.v1.auth.service - INFO - Checking role permission for user
2025-01-17 12:31:24,475 - api.v1.auth.service - INFO - Normalized required roles: ['SUPERADMIN', 'ADMIN']
2025-01-17 12:31:24,477 - api.v1.auth.service - INFO - a5f8a315-4058-4650-9687-b10871bf667d
2025-01-17 12:31:24,520 - api.v1.auth.service - INFO - Checking role permission for user
2025-01-17 12:31:24,523 - api.v1.auth.service - INFO - Normalized required roles: ['SUPERADMIN', 'ADMIN']
2025-01-17 12:31:24,526 - api.v1.auth.service - INFO - a5f8a315-4058-4650-9687-b10871bf667d
2025-01-17 12:31:24,567 - api.v1.auth.service - INFO - Checking role permission for user
2025-01-17 12:31:24,576 - api.v1.auth.service - INFO - Normalized required roles: ['SUPERADMIN', 'ADMIN']
2025-01-17 12:31:24,581 - api.v1.auth.service - INFO - a5f8a315-4058-4650-9687-b10871bf667d
2025-01-17 12:31:24,790 - api.v1.auth.service - INFO - User found: None
2025-01-17 12:31:24,794 - api.v1.auth.service - ERROR - User not found
2025-01-17 12:31:24,800 - api.v1.auth.service - INFO - a5f8a315-4058-4650-9687-b10871bf667d
2025-01-17 12:31:24,888 - api.v1.auth.service - INFO - User found: None
2025-01-17 12:31:24,891 - api.v1.auth.service - ERROR - User not found
2025-01-17 12:31:24,896 - api.v1.auth.service - INFO - a5f8a315-4058-4650-9687-b10871bf667d
2025-01-17 12:31:24,990 - api.v1.auth.service - INFO - User found: None
2025-01-17 12:31:24,991 - api.v1.auth.service - INFO - User found: None
2025-01-17 12:31:24,993 - api.v1.auth.service - ERROR - User not found
2025-01-17 12:31:24,995 - api.v1.auth.service - ERROR - User not found
2025-01-17 12:31:24,999 - api.v1.auth.service - INFO - a5f8a315-4058-4650-9687-b10871bf667d
2025-01-17 12:31:25,001 - api.v1.auth.service - INFO - a5f8a315-4058-4650-9687-b10871bf667d
2025-01-17 12:31:25,236 - api.v1.auth.service - INFO - User found: <User(name='Ojogu Nkang', role='<Role(name='RoleEnum.ADMIN')>')>
2025-01-17 12:31:25,241 - api.v1.auth.service - INFO - Parsed user role: ADMIN
2025-01-17 12:31:25,255 - api.v1.auth.service - INFO - Permission granted for role: ADMIN
2025-01-17 12:31:25,280 - api.v1.auth.service - INFO - a5f8a315-4058-4650-9687-b10871bf667d
2025-01-17 12:31:25,348 - api.v1.auth.service - INFO - User found: <User(name='Ojogu Nkang', role='<Role(name='RoleEnum.ADMIN')>')>
2025-01-17 12:31:25,355 - api.v1.auth.service - INFO - Parsed user role: ADMIN
2025-01-17 12:31:25,368 - api.v1.auth.service - INFO - Permission granted for role: ADMIN
2025-01-17 12:31:25,375 - api.v1.auth.service - INFO - a5f8a315-4058-4650-9687-b10871bf667d
2025-01-17 12:31:25,393 - api.v1.auth.service - INFO - User found: <User(name='Ojogu Nkang', role='<Role(name='RoleEnum.ADMIN')>')>
2025-01-17 12:31:25,418 - api.v1.auth.service - INFO - User found: <User(name='Ojogu Nkang', role='<Role(name='RoleEnum.ADMIN')>')>
2025-01-17 12:31:25,428 - api.v1.auth.service - INFO - Parsed user role: ADMIN
2025-01-17 12:31:25,438 - api.v1.auth.service - INFO - Parsed user role: ADMIN
2025-01-17 12:31:25,440 - api.v1.auth.service - INFO - Permission granted for role: ADMIN
2025-01-17 12:31:25,445 - api.v1.auth.service - INFO - Permission granted for role: ADMIN
2025-01-17 12:31:25,457 - api.v1.auth.service - INFO - a5f8a315-4058-4650-9687-b10871bf667d
2025-01-17 12:31:25,459 - api.v1.auth.service - INFO - a5f8a315-4058-4650-9687-b10871bf667d
2025-01-17 12:31:25,466 - api.v1.auth.service - INFO - User found: <User(name='Ojogu Nkang', role='<Role(name='RoleEnum.ADMIN')>')>
2025-01-17 12:31:25,764 - api.v1.auth.service - INFO - User found: <User(name='Ojogu Nkang', role='<Role(name='RoleEnum.ADMIN')>')>
2025-01-17 12:31:25,765 - api.v1.auth.service - INFO - User found: <User(name='Ojogu Nkang', role='<Role(name='RoleEnum.ADMIN')>')>
2025-01-17 12:31:25,766 - api.v1.auth.service - INFO - User found: <User(name='Ojogu Nkang', role='<Role(name='RoleEnum.ADMIN')>')>
2025-01-17 12:31:27,196 - api.v1.auth.service - INFO - Checking role permission for user
2025-01-17 12:31:27,208 - api.v1.auth.service - INFO - Normalized required roles: ['SUPERADMIN', 'ADMIN']
2025-01-17 12:31:27,211 - api.v1.auth.service - INFO - a5f8a315-4058-4650-9687-b10871bf667d
2025-01-17 12:31:27,574 - api.v1.auth.service - INFO - User found: None
2025-01-17 12:31:27,576 - api.v1.auth.service - ERROR - User not found
2025-01-17 12:31:27,581 - api.v1.auth.service - INFO - a5f8a315-4058-4650-9687-b10871bf667d
2025-01-17 12:31:27,939 - api.v1.auth.service - INFO - User found: <User(name='Ojogu Nkang', role='<Role(name='RoleEnum.ADMIN')>')>
2025-01-17 12:31:27,941 - api.v1.auth.service - INFO - Parsed user role: ADMIN
2025-01-17 12:31:27,944 - api.v1.auth.service - INFO - Permission granted for role: ADMIN
2025-01-17 12:31:27,959 - api.v1.auth.service - INFO - a5f8a315-4058-4650-9687-b10871bf667d
2025-01-17 12:31:28,185 - api.v1.auth.service - INFO - User found: <User(name='Ojogu Nkang', role='<Role(name='RoleEnum.ADMIN')>')>
2025-01-17 12:31:33,315 - api.v1.auth.service - INFO - Checking role permission for user
2025-01-17 12:31:33,321 - api.v1.auth.service - INFO - Normalized required roles: ['ADMIN', 'SUBADMIN']
2025-01-17 12:31:33,324 - api.v1.auth.service - INFO - a5f8a315-4058-4650-9687-b10871bf667d
2025-01-17 12:31:34,101 - api.v1.auth.service - INFO - User found: <User(name='Ojogu Nkang', role='<Role(name='RoleEnum.ADMIN')>')>
2025-01-17 12:31:34,104 - api.v1.auth.service - INFO - Parsed user role: ADMIN
2025-01-17 12:31:34,107 - api.v1.auth.service - INFO - Permission granted for role: ADMIN
2025-01-17 12:31:34,112 - api.v1.auth.service - INFO - a5f8a315-4058-4650-9687-b10871bf667d
2025-01-17 12:31:34,325 - api.v1.auth.service - INFO - User found: <User(name='Ojogu Nkang', role='<Role(name='RoleEnum.ADMIN')>')>
2025-01-17 12:35:45,460 - api.v1.auth.service - INFO - User found: <User(name='Ojogu Nkang', role='<Role(name='RoleEnum.ADMIN')>')>
2025-01-17 12:35:46,682 - api.v1.auth.service - INFO - User authenticated
2025-01-17 12:35:53,677 - api.v1.auth.service - INFO - Checking role permission for user
2025-01-17 12:35:53,680 - api.v1.auth.service - INFO - Normalized required roles: ['SUPERADMIN', 'ADMIN']
2025-01-17 12:35:53,686 - api.v1.auth.service - INFO - a5f8a315-4058-4650-9687-b10871bf667d
2025-01-17 12:35:54,103 - api.v1.auth.service - INFO - User found: None
2025-01-17 12:35:54,105 - api.v1.auth.service - ERROR - User not found
2025-01-17 12:35:54,108 - api.v1.auth.service - INFO - a5f8a315-4058-4650-9687-b10871bf667d
2025-01-17 12:35:54,605 - api.v1.auth.service - INFO - User found: <User(name='Ojogu Nkang', role='<Role(name='RoleEnum.ADMIN')>')>
2025-01-17 12:35:54,608 - api.v1.auth.service - INFO - Parsed user role: ADMIN
2025-01-17 12:35:54,611 - api.v1.auth.service - INFO - Permission granted for role: ADMIN
2025-01-17 12:35:54,616 - api.v1.auth.service - INFO - a5f8a315-4058-4650-9687-b10871bf667d
2025-01-17 12:35:54,804 - api.v1.auth.service - INFO - User found: <User(name='Ojogu Nkang', role='<Role(name='RoleEnum.ADMIN')>')>
2025-01-17 12:35:55,420 - api.v1.auth.service - INFO - Checking role permission for user
2025-01-17 12:35:55,426 - api.v1.auth.service - INFO - Normalized required roles: ['SUPERADMIN', 'ADMIN']
2025-01-17 12:35:55,430 - api.v1.auth.service - INFO - Checking role permission for user
2025-01-17 12:35:55,434 - api.v1.auth.service - INFO - a5f8a315-4058-4650-9687-b10871bf667d
2025-01-17 12:35:55,440 - api.v1.auth.service - INFO - Normalized required roles: ['SUPERADMIN', 'ADMIN']
2025-01-17 12:35:55,445 - api.v1.auth.service - INFO - a5f8a315-4058-4650-9687-b10871bf667d
2025-01-17 12:35:55,616 - api.v1.auth.service - INFO - Checking role permission for user
2025-01-17 12:35:55,644 - api.v1.auth.service - INFO - Normalized required roles: ['SUPERADMIN', 'ADMIN', 'BURSAR', 'SUBADMIN', 'STUDENT']
2025-01-17 12:35:55,662 - api.v1.auth.service - INFO - a5f8a315-4058-4650-9687-b10871bf667d
2025-01-17 12:35:57,287 - api.v1.auth.service - INFO - Checking role permission for user
2025-01-17 12:35:57,330 - api.v1.auth.service - INFO - Normalized required roles: ['SUPERADMIN', 'ADMIN']
2025-01-17 12:35:57,391 - api.v1.auth.service - INFO - a5f8a315-4058-4650-9687-b10871bf667d
2025-01-17 12:35:58,047 - api.v1.auth.service - INFO - User found: None
2025-01-17 12:35:58,098 - api.v1.auth.service - ERROR - User not found
2025-01-17 12:35:58,114 - api.v1.auth.service - INFO - a5f8a315-4058-4650-9687-b10871bf667d
2025-01-17 12:35:58,363 - api.v1.auth.service - INFO - User found: None
2025-01-17 12:35:58,366 - api.v1.auth.service - ERROR - User not found
2025-01-17 12:35:58,368 - api.v1.auth.service - INFO - a5f8a315-4058-4650-9687-b10871bf667d
2025-01-17 12:35:58,493 - api.v1.auth.service - INFO - User found: None
2025-01-17 12:35:58,508 - api.v1.auth.service - INFO - User found: None
2025-01-17 12:35:58,726 - api.v1.auth.service - INFO - User found: <User(name='Ojogu Nkang', role='<Role(name='RoleEnum.ADMIN')>')>
2025-01-17 12:35:58,814 - api.v1.auth.service - INFO - User found: <User(name='Ojogu Nkang', role='<Role(name='RoleEnum.ADMIN')>')>
2025-01-17 12:35:58,977 - api.v1.auth.service - ERROR - User not found
2025-01-17 12:35:58,980 - api.v1.auth.service - ERROR - User not found
2025-01-17 12:35:59,028 - api.v1.auth.service - INFO - Parsed user role: ADMIN
2025-01-17 12:35:59,035 - api.v1.auth.service - INFO - Parsed user role: ADMIN
2025-01-17 12:35:59,041 - api.v1.auth.service - INFO - a5f8a315-4058-4650-9687-b10871bf667d
2025-01-17 12:35:59,045 - api.v1.auth.service - INFO - a5f8a315-4058-4650-9687-b10871bf667d
2025-01-17 12:35:59,049 - api.v1.auth.service - INFO - Permission granted for role: ADMIN
2025-01-17 12:35:59,078 - api.v1.auth.service - INFO - Permission granted for role: ADMIN
2025-01-17 12:35:59,249 - api.v1.auth.service - INFO - a5f8a315-4058-4650-9687-b10871bf667d
2025-01-17 12:35:59,266 - api.v1.auth.service - INFO - a5f8a315-4058-4650-9687-b10871bf667d
2025-01-17 12:35:59,718 - api.v1.auth.service - INFO - User found: <User(name='Ojogu Nkang', role='<Role(name='RoleEnum.ADMIN')>')>
2025-01-17 12:35:59,730 - api.v1.auth.service - INFO - User found: <User(name='Ojogu Nkang', role='<Role(name='RoleEnum.ADMIN')>')>
2025-01-17 12:35:59,813 - api.v1.auth.service - INFO - User found: <User(name='Ojogu Nkang', role='<Role(name='RoleEnum.ADMIN')>')>
2025-01-17 12:35:59,818 - api.v1.auth.service - INFO - User found: <User(name='Ojogu Nkang', role='<Role(name='RoleEnum.ADMIN')>')>
2025-01-17 12:35:59,872 - api.v1.auth.service - INFO - Parsed user role: ADMIN
2025-01-17 12:35:59,994 - api.v1.auth.service - INFO - Parsed user role: ADMIN
2025-01-17 12:36:00,284 - api.v1.auth.service - INFO - Permission granted for role: ADMIN
2025-01-17 12:36:00,693 - api.v1.auth.service - INFO - Permission granted for role: ADMIN
2025-01-17 12:36:00,743 - api.v1.auth.service - INFO - a5f8a315-4058-4650-9687-b10871bf667d
2025-01-17 12:36:00,768 - api.v1.auth.service - INFO - a5f8a315-4058-4650-9687-b10871bf667d
2025-01-17 12:36:01,001 - api.v1.auth.service - INFO - User found: <User(name='Ojogu Nkang', role='<Role(name='RoleEnum.ADMIN')>')>
2025-01-17 12:36:01,033 - api.v1.auth.service - INFO - User found: <User(name='Ojogu Nkang', role='<Role(name='RoleEnum.ADMIN')>')>
2025-01-17 12:36:04,770 - api.v1.auth.service - INFO - Checking role permission for user
2025-01-17 12:36:04,791 - api.v1.auth.service - INFO - Normalized required roles: ['ADMIN', 'SUBADMIN']
2025-01-17 12:36:04,794 - api.v1.auth.service - INFO - a5f8a315-4058-4650-9687-b10871bf667d
2025-01-17 12:36:05,662 - api.v1.auth.service - INFO - User found: <User(name='Ojogu Nkang', role='<Role(name='RoleEnum.ADMIN')>')>
2025-01-17 12:36:05,682 - api.v1.auth.service - INFO - Parsed user role: ADMIN
2025-01-17 12:36:05,685 - api.v1.auth.service - INFO - Permission granted for role: ADMIN
2025-01-17 12:36:05,699 - api.v1.auth.service - INFO - a5f8a315-4058-4650-9687-b10871bf667d
2025-01-17 12:36:06,014 - api.v1.auth.service - INFO - User found: <User(name='Ojogu Nkang', role='<Role(name='RoleEnum.ADMIN')>')>
2025-01-17 12:37:34,181 - api.v1.auth.service - INFO - Checking role permission for user
2025-01-17 12:37:34,184 - api.v1.auth.service - INFO - Normalized required roles: ['ADMIN', 'SUBADMIN']
2025-01-17 12:37:34,187 - api.v1.auth.service - INFO - a5f8a315-4058-4650-9687-b10871bf667d
2025-01-17 12:37:34,933 - api.v1.auth.service - INFO - User found: <User(name='Ojogu Nkang', role='<Role(name='RoleEnum.ADMIN')>')>
2025-01-17 12:37:35,136 - api.v1.auth.service - INFO - Parsed user role: ADMIN
2025-01-17 12:37:35,167 - api.v1.auth.service - INFO - Permission granted for role: ADMIN
2025-01-17 12:37:35,385 - api.v1.auth.service - INFO - a5f8a315-4058-4650-9687-b10871bf667d
2025-01-17 12:37:35,576 - api.v1.auth.service - INFO - User found: <User(name='Ojogu Nkang', role='<Role(name='RoleEnum.ADMIN')>')>
2025-01-17 12:37:37,610 - api.v1.auth.service - ERROR - Unexpected error while checking permissions: 'data'
2025-01-17 12:39:59,290 - api.v1.auth.service - INFO - Checking role permission for user
2025-01-17 12:39:59,294 - api.v1.auth.service - INFO - Normalized required roles: ['SUPERADMIN', 'ADMIN']
2025-01-17 12:39:59,297 - api.v1.auth.service - INFO - a5f8a315-4058-4650-9687-b10871bf667d
2025-01-17 12:39:59,770 - api.v1.auth.service - INFO - User found: None
2025-01-17 12:39:59,788 - api.v1.auth.service - ERROR - User not found
2025-01-17 12:39:59,793 - api.v1.auth.service - INFO - a5f8a315-4058-4650-9687-b10871bf667d
2025-01-17 12:39:59,910 - api.v1.auth.service - INFO - Checking role permission for user
2025-01-17 12:39:59,955 - api.v1.auth.service - INFO - Normalized required roles: ['SUPERADMIN', 'ADMIN', 'BURSAR', 'SUBADMIN', 'STUDENT']
2025-01-17 12:40:00,274 - api.v1.auth.service - INFO - a5f8a315-4058-4650-9687-b10871bf667d
2025-01-17 12:40:01,004 - api.v1.auth.service - INFO - User found: <User(name='Ojogu Nkang', role='<Role(name='RoleEnum.ADMIN')>')>
2025-01-17 12:40:01,007 - api.v1.auth.service - INFO - Parsed user role: ADMIN
2025-01-17 12:40:01,010 - api.v1.auth.service - INFO - Permission granted for role: ADMIN
2025-01-17 12:40:01,020 - api.v1.auth.service - INFO - a5f8a315-4058-4650-9687-b10871bf667d
2025-01-17 12:40:01,266 - api.v1.auth.service - INFO - Checking role permission for user
2025-01-17 12:40:01,277 - api.v1.auth.service - INFO - Normalized required roles: ['SUPERADMIN', 'ADMIN']
2025-01-17 12:40:01,300 - api.v1.auth.service - INFO - a5f8a315-4058-4650-9687-b10871bf667d
2025-01-17 12:40:01,379 - api.v1.auth.service - INFO - User found: None
2025-01-17 12:40:01,386 - api.v1.auth.service - ERROR - User not found
2025-01-17 12:40:01,390 - api.v1.auth.service - INFO - a5f8a315-4058-4650-9687-b10871bf667d
2025-01-17 12:40:01,392 - api.v1.auth.service - INFO - User found: <User(name='Ojogu Nkang', role='<Role(name='RoleEnum.ADMIN')>')>
2025-01-17 12:40:01,930 - api.v1.auth.service - INFO - User found: None
2025-01-17 12:40:01,959 - api.v1.auth.service - ERROR - User not found
2025-01-17 12:40:01,968 - api.v1.auth.service - INFO - a5f8a315-4058-4650-9687-b10871bf667d
2025-01-17 12:40:02,008 - api.v1.auth.service - INFO - User found: <User(name='Ojogu Nkang', role='<Role(name='RoleEnum.ADMIN')>')>
2025-01-17 12:40:02,056 - api.v1.auth.service - INFO - Parsed user role: ADMIN
2025-01-17 12:40:02,086 - api.v1.auth.service - INFO - Permission granted for role: ADMIN
2025-01-17 12:40:02,095 - api.v1.auth.service - INFO - a5f8a315-4058-4650-9687-b10871bf667d
2025-01-17 12:40:07,774 - api.v1.auth.service - INFO - User found: <User(name='Ojogu Nkang', role='<Role(name='RoleEnum.ADMIN')>')>
2025-01-17 12:40:11,187 - api.v1.auth.service - INFO - User found: <User(name='Ojogu Nkang', role='<Role(name='RoleEnum.ADMIN')>')>
2025-01-17 12:40:11,189 - api.v1.auth.service - INFO - Parsed user role: ADMIN
2025-01-17 12:40:11,192 - api.v1.auth.service - INFO - Permission granted for role: ADMIN
2025-01-17 12:40:11,197 - api.v1.auth.service - INFO - a5f8a315-4058-4650-9687-b10871bf667d
2025-01-17 12:40:14,819 - api.v1.auth.service - INFO - User found: <User(name='Ojogu Nkang', role='<Role(name='RoleEnum.ADMIN')>')>
2025-01-17 12:40:21,048 - api.v1.auth.service - INFO - Checking role permission for user
2025-01-17 12:40:21,052 - api.v1.auth.service - INFO - Normalized required roles: ['SUPERADMIN', 'ADMIN']
2025-01-17 12:40:21,056 - api.v1.auth.service - INFO - a5f8a315-4058-4650-9687-b10871bf667d
2025-01-17 12:40:21,667 - api.v1.auth.service - INFO - Checking role permission for user
2025-01-17 12:40:21,670 - api.v1.auth.service - INFO - Normalized required roles: ['SUPERADMIN', 'ADMIN']
2025-01-17 12:40:21,673 - api.v1.auth.service - INFO - a5f8a315-4058-4650-9687-b10871bf667d
2025-01-17 12:40:22,479 - api.v1.auth.service - INFO - User found: None
2025-01-17 12:40:22,483 - api.v1.auth.service - ERROR - User not found
2025-01-17 12:40:22,488 - api.v1.auth.service - INFO - a5f8a315-4058-4650-9687-b10871bf667d
2025-01-17 12:40:23,154 - api.v1.auth.service - INFO - User found: None
2025-01-17 12:40:23,156 - api.v1.auth.service - ERROR - User not found
2025-01-17 12:40:23,159 - api.v1.auth.service - INFO - a5f8a315-4058-4650-9687-b10871bf667d
2025-01-17 12:40:24,192 - api.v1.auth.service - INFO - User found: <User(name='Ojogu Nkang', role='<Role(name='RoleEnum.ADMIN')>')>
2025-01-17 12:40:24,195 - api.v1.auth.service - INFO - Parsed user role: ADMIN
2025-01-17 12:40:24,200 - api.v1.auth.service - INFO - Permission granted for role: ADMIN
2025-01-17 12:40:24,205 - api.v1.auth.service - INFO - a5f8a315-4058-4650-9687-b10871bf667d
2025-01-17 12:40:24,906 - api.v1.auth.service - INFO - User found: <User(name='Ojogu Nkang', role='<Role(name='RoleEnum.ADMIN')>')>
2025-01-17 12:40:24,909 - api.v1.auth.service - INFO - Parsed user role: ADMIN
2025-01-17 12:40:24,913 - api.v1.auth.service - INFO - Permission granted for role: ADMIN
2025-01-17 12:40:24,925 - api.v1.auth.service - INFO - a5f8a315-4058-4650-9687-b10871bf667d
2025-01-17 12:40:25,008 - api.v1.auth.service - INFO - User found: <User(name='Ojogu Nkang', role='<Role(name='RoleEnum.ADMIN')>')>
2025-01-17 12:40:26,129 - api.v1.auth.service - INFO - User found: <User(name='Ojogu Nkang', role='<Role(name='RoleEnum.ADMIN')>')>
2025-01-17 12:40:26,727 - api.v1.auth.service - INFO - Checking role permission for user
2025-01-17 12:40:26,736 - api.v1.auth.service - INFO - Normalized required roles: ['SUPERADMIN', 'ADMIN']
2025-01-17 12:40:26,739 - api.v1.auth.service - INFO - a5f8a315-4058-4650-9687-b10871bf667d
2025-01-17 12:40:28,744 - api.v1.auth.service - INFO - Checking role permission for user
2025-01-17 12:40:28,748 - api.v1.auth.service - INFO - Normalized required roles: ['SUPERADMIN', 'ADMIN']
2025-01-17 12:40:28,752 - api.v1.auth.service - INFO - a5f8a315-4058-4650-9687-b10871bf667d
2025-01-17 12:40:29,278 - api.v1.auth.service - INFO - User found: None
2025-01-17 12:40:29,284 - api.v1.auth.service - ERROR - User not found
2025-01-17 12:40:29,289 - api.v1.auth.service - INFO - a5f8a315-4058-4650-9687-b10871bf667d
2025-01-17 12:40:30,597 - api.v1.auth.service - INFO - User found: None
2025-01-17 12:40:30,743 - api.v1.auth.service - ERROR - User not found
2025-01-17 12:40:30,748 - api.v1.auth.service - INFO - a5f8a315-4058-4650-9687-b10871bf667d
2025-01-17 12:40:31,153 - api.v1.auth.service - INFO - User found: <User(name='Ojogu Nkang', role='<Role(name='RoleEnum.ADMIN')>')>
2025-01-17 12:40:31,156 - api.v1.auth.service - INFO - Parsed user role: ADMIN
2025-01-17 12:40:31,159 - api.v1.auth.service - INFO - Permission granted for role: ADMIN
2025-01-17 12:40:31,165 - api.v1.auth.service - INFO - a5f8a315-4058-4650-9687-b10871bf667d
2025-01-17 12:40:31,769 - api.v1.auth.service - INFO - User found: <User(name='Ojogu Nkang', role='<Role(name='RoleEnum.ADMIN')>')>
2025-01-17 12:40:32,702 - api.v1.auth.service - INFO - User found: <User(name='Ojogu Nkang', role='<Role(name='RoleEnum.ADMIN')>')>
2025-01-17 12:40:32,709 - api.v1.auth.service - INFO - Parsed user role: ADMIN
2025-01-17 12:40:32,713 - api.v1.auth.service - INFO - Permission granted for role: ADMIN
2025-01-17 12:40:32,722 - api.v1.auth.service - INFO - a5f8a315-4058-4650-9687-b10871bf667d
2025-01-17 12:40:33,994 - api.v1.auth.service - INFO - User found: <User(name='Ojogu Nkang', role='<Role(name='RoleEnum.ADMIN')>')>
2025-01-17 12:40:48,194 - api.v1.auth.service - INFO - Checking role permission for user
2025-01-17 12:40:48,200 - api.v1.auth.service - INFO - Normalized required roles: ['SUPERADMIN', 'ADMIN']
2025-01-17 12:40:48,207 - api.v1.auth.service - INFO - a5f8a315-4058-4650-9687-b10871bf667d
2025-01-17 12:40:48,306 - api.v1.auth.service - INFO - Checking role permission for user
2025-01-17 12:40:48,309 - api.v1.auth.service - INFO - Checking role permission for user
2025-01-17 12:40:48,324 - api.v1.auth.service - INFO - Normalized required roles: ['SUPERADMIN', 'ADMIN', 'BURSAR', 'SUBADMIN', 'STUDENT']
2025-01-17 12:40:48,326 - api.v1.auth.service - INFO - Normalized required roles: ['SUPERADMIN', 'ADMIN']
2025-01-17 12:40:48,331 - api.v1.auth.service - INFO - a5f8a315-4058-4650-9687-b10871bf667d
2025-01-17 12:40:48,335 - api.v1.auth.service - INFO - a5f8a315-4058-4650-9687-b10871bf667d
2025-01-17 12:40:48,631 - api.v1.auth.service - INFO - User found: None
2025-01-17 12:40:48,634 - api.v1.auth.service - ERROR - User not found
2025-01-17 12:40:48,637 - api.v1.auth.service - INFO - a5f8a315-4058-4650-9687-b10871bf667d
2025-01-17 12:40:48,846 - api.v1.auth.service - INFO - User found: None
2025-01-17 12:40:48,849 - api.v1.auth.service - ERROR - User not found
2025-01-17 12:40:48,852 - api.v1.auth.service - INFO - a5f8a315-4058-4650-9687-b10871bf667d
2025-01-17 12:40:48,855 - api.v1.auth.service - INFO - User found: None
2025-01-17 12:40:48,860 - api.v1.auth.service - ERROR - User not found
2025-01-17 12:40:48,864 - api.v1.auth.service - INFO - a5f8a315-4058-4650-9687-b10871bf667d
2025-01-17 12:40:49,035 - api.v1.auth.service - INFO - User found: <User(name='Ojogu Nkang', role='<Role(name='RoleEnum.ADMIN')>')>
2025-01-17 12:40:49,040 - api.v1.auth.service - INFO - Parsed user role: ADMIN
2025-01-17 12:40:49,045 - api.v1.auth.service - INFO - Permission granted for role: ADMIN
2025-01-17 12:40:49,051 - api.v1.auth.service - INFO - a5f8a315-4058-4650-9687-b10871bf667d
2025-01-17 12:40:49,081 - api.v1.auth.service - INFO - Checking role permission for user
2025-01-17 12:40:49,090 - api.v1.auth.service - INFO - Normalized required roles: ['SUPERADMIN', 'ADMIN']
2025-01-17 12:40:49,093 - api.v1.auth.service - INFO - a5f8a315-4058-4650-9687-b10871bf667d
2025-01-17 12:40:49,214 - api.v1.auth.service - INFO - User found: <User(name='Ojogu Nkang', role='<Role(name='RoleEnum.ADMIN')>')>
2025-01-17 12:40:49,220 - api.v1.auth.service - INFO - User found: <User(name='Ojogu Nkang', role='<Role(name='RoleEnum.ADMIN')>')>
2025-01-17 12:40:49,221 - api.v1.auth.service - INFO - Parsed user role: ADMIN
2025-01-17 12:40:49,224 - api.v1.auth.service - INFO - Permission granted for role: ADMIN
2025-01-17 12:40:49,229 - api.v1.auth.service - INFO - a5f8a315-4058-4650-9687-b10871bf667d
2025-01-17 12:40:49,233 - api.v1.auth.service - INFO - User found: <User(name='Ojogu Nkang', role='<Role(name='RoleEnum.ADMIN')>')>
2025-01-17 12:40:49,236 - api.v1.auth.service - INFO - Parsed user role: ADMIN
2025-01-17 12:40:49,239 - api.v1.auth.service - INFO - Permission granted for role: ADMIN
2025-01-17 12:40:49,242 - api.v1.auth.service - INFO - a5f8a315-4058-4650-9687-b10871bf667d
2025-01-17 12:40:49,396 - api.v1.auth.service - INFO - User found: <User(name='Ojogu Nkang', role='<Role(name='RoleEnum.ADMIN')>')>
2025-01-17 12:40:49,424 - api.v1.auth.service - INFO - User found: <User(name='Ojogu Nkang', role='<Role(name='RoleEnum.ADMIN')>')>
2025-01-17 12:40:49,430 - api.v1.auth.service - INFO - User found: None
2025-01-17 12:40:49,433 - api.v1.auth.service - ERROR - User not found
2025-01-17 12:40:49,436 - api.v1.auth.service - INFO - a5f8a315-4058-4650-9687-b10871bf667d
2025-01-17 12:40:49,779 - api.v1.auth.service - INFO - User found: <User(name='Ojogu Nkang', role='<Role(name='RoleEnum.ADMIN')>')>
2025-01-17 12:40:49,809 - api.v1.auth.service - INFO - Parsed user role: ADMIN
2025-01-17 12:40:49,824 - api.v1.auth.service - INFO - Permission granted for role: ADMIN
2025-01-17 12:40:49,852 - api.v1.auth.service - INFO - a5f8a315-4058-4650-9687-b10871bf667d
2025-01-17 12:40:50,030 - api.v1.auth.service - INFO - User found: <User(name='Ojogu Nkang', role='<Role(name='RoleEnum.ADMIN')>')>
2025-01-17 12:40:50,382 - api.v1.auth.service - INFO - Checking role permission for user
2025-01-17 12:40:50,387 - api.v1.auth.service - INFO - Normalized required roles: ['SUPERADMIN', 'ADMIN']
2025-01-17 12:40:50,390 - api.v1.auth.service - INFO - a5f8a315-4058-4650-9687-b10871bf667d
2025-01-17 12:40:50,714 - api.v1.auth.service - INFO - User found: None
2025-01-17 12:40:50,722 - api.v1.auth.service - ERROR - User not found
2025-01-17 12:40:50,736 - api.v1.auth.service - INFO - a5f8a315-4058-4650-9687-b10871bf667d
2025-01-17 12:40:51,038 - api.v1.auth.service - INFO - Checking role permission for user
2025-01-17 12:40:51,042 - api.v1.auth.service - INFO - Normalized required roles: ['SUPERADMIN', 'ADMIN', 'BURSAR', 'SUBADMIN', 'STUDENT']
2025-01-17 12:40:51,045 - api.v1.auth.service - INFO - a5f8a315-4058-4650-9687-b10871bf667d
2025-01-17 12:40:51,065 - api.v1.auth.service - INFO - User found: <User(name='Ojogu Nkang', role='<Role(name='RoleEnum.ADMIN')>')>
2025-01-17 12:40:51,089 - api.v1.auth.service - INFO - Parsed user role: ADMIN
2025-01-17 12:40:51,093 - api.v1.auth.service - INFO - Permission granted for role: ADMIN
2025-01-17 12:40:51,109 - api.v1.auth.service - INFO - a5f8a315-4058-4650-9687-b10871bf667d
2025-01-17 12:40:51,294 - api.v1.auth.service - INFO - User found: <User(name='Ojogu Nkang', role='<Role(name='RoleEnum.ADMIN')>')>
2025-01-17 12:40:51,667 - api.v1.auth.service - INFO - User found: None
2025-01-17 12:40:51,736 - api.v1.auth.service - ERROR - User not found
2025-01-17 12:40:51,739 - api.v1.auth.service - INFO - a5f8a315-4058-4650-9687-b10871bf667d
2025-01-17 12:40:51,841 - api.v1.auth.service - INFO - Checking role permission for user
2025-01-17 12:40:51,881 - api.v1.auth.service - INFO - Normalized required roles: ['SUPERADMIN', 'ADMIN']
2025-01-17 12:40:51,900 - api.v1.auth.service - INFO - a5f8a315-4058-4650-9687-b10871bf667d
2025-01-17 12:40:52,023 - api.v1.auth.service - INFO - Checking role permission for user
2025-01-17 12:40:52,045 - api.v1.auth.service - INFO - Normalized required roles: ['SUPERADMIN', 'ADMIN']
2025-01-17 12:40:52,075 - api.v1.auth.service - INFO - a5f8a315-4058-4650-9687-b10871bf667d
2025-01-17 12:40:52,099 - api.v1.auth.service - INFO - User found: <User(name='Ojogu Nkang', role='<Role(name='RoleEnum.ADMIN')>')>
2025-01-17 12:40:52,124 - api.v1.auth.service - INFO - Parsed user role: ADMIN
2025-01-17 12:40:52,137 - api.v1.auth.service - INFO - Permission granted for role: ADMIN
2025-01-17 12:40:52,157 - api.v1.auth.service - INFO - a5f8a315-4058-4650-9687-b10871bf667d
2025-01-17 12:40:52,250 - api.v1.auth.service - INFO - User found: None
2025-01-17 12:40:52,255 - api.v1.auth.service - ERROR - User not found
2025-01-17 12:40:52,260 - api.v1.auth.service - INFO - a5f8a315-4058-4650-9687-b10871bf667d
2025-01-17 12:40:52,350 - api.v1.auth.service - INFO - User found: <User(name='Ojogu Nkang', role='<Role(name='RoleEnum.ADMIN')>')>
2025-01-17 12:40:52,424 - api.v1.auth.service - INFO - User found: None
2025-01-17 12:40:52,435 - api.v1.auth.service - ERROR - User not found
2025-01-17 12:40:52,437 - api.v1.auth.service - INFO - a5f8a315-4058-4650-9687-b10871bf667d
2025-01-17 12:40:52,665 - api.v1.auth.service - INFO - User found: <User(name='Ojogu Nkang', role='<Role(name='RoleEnum.ADMIN')>')>
2025-01-17 12:40:52,698 - api.v1.auth.service - INFO - Parsed user role: ADMIN
2025-01-17 12:40:52,705 - api.v1.auth.service - INFO - Permission granted for role: ADMIN
2025-01-17 12:40:52,712 - api.v1.auth.service - INFO - a5f8a315-4058-4650-9687-b10871bf667d
2025-01-17 12:40:53,082 - api.v1.auth.service - INFO - User found: <User(name='Ojogu Nkang', role='<Role(name='RoleEnum.ADMIN')>')>
2025-01-17 12:40:53,091 - api.v1.auth.service - INFO - User found: <User(name='Ojogu Nkang', role='<Role(name='RoleEnum.ADMIN')>')>
2025-01-17 12:40:53,092 - api.v1.auth.service - INFO - Parsed user role: ADMIN
2025-01-17 12:40:53,098 - api.v1.auth.service - INFO - Permission granted for role: ADMIN
2025-01-17 12:40:53,105 - api.v1.auth.service - INFO - a5f8a315-4058-4650-9687-b10871bf667d
2025-01-17 12:40:53,271 - api.v1.auth.service - INFO - User found: <User(name='Ojogu Nkang', role='<Role(name='RoleEnum.ADMIN')>')>
2025-01-17 12:40:53,389 - api.v1.auth.service - INFO - Checking role permission for user
2025-01-17 12:40:53,392 - api.v1.auth.service - INFO - Normalized required roles: ['SUPERADMIN', 'ADMIN']
2025-01-17 12:40:53,394 - api.v1.auth.service - INFO - a5f8a315-4058-4650-9687-b10871bf667d
2025-01-17 12:40:53,688 - api.v1.auth.service - INFO - User found: None
2025-01-17 12:40:53,717 - api.v1.auth.service - ERROR - User not found
2025-01-17 12:40:53,906 - api.v1.auth.service - INFO - a5f8a315-4058-4650-9687-b10871bf667d
2025-01-17 12:40:54,300 - api.v1.auth.service - INFO - User found: <User(name='Ojogu Nkang', role='<Role(name='RoleEnum.ADMIN')>')>
2025-01-17 12:40:54,303 - api.v1.auth.service - INFO - Parsed user role: ADMIN
2025-01-17 12:40:54,307 - api.v1.auth.service - INFO - Permission granted for role: ADMIN
2025-01-17 12:40:54,313 - api.v1.auth.service - INFO - a5f8a315-4058-4650-9687-b10871bf667d
2025-01-17 12:40:54,480 - api.v1.auth.service - INFO - User found: <User(name='Ojogu Nkang', role='<Role(name='RoleEnum.ADMIN')>')>
2025-01-17 12:40:55,272 - api.v1.auth.service - INFO - Checking role permission for user
2025-01-17 12:40:55,280 - api.v1.auth.service - INFO - Normalized required roles: ['SUPERADMIN', 'ADMIN']
2025-01-17 12:40:55,291 - api.v1.auth.service - INFO - a5f8a315-4058-4650-9687-b10871bf667d
2025-01-17 12:40:55,626 - api.v1.auth.service - INFO - User found: None
2025-01-17 12:40:56,020 - api.v1.auth.service - INFO - Checking role permission for user
2025-01-17 12:40:56,257 - api.v1.auth.service - ERROR - User not found
2025-01-17 12:40:56,423 - api.v1.auth.service - INFO - Normalized required roles: ['SUPERADMIN', 'ADMIN']
2025-01-17 12:40:56,428 - api.v1.auth.service - INFO - a5f8a315-4058-4650-9687-b10871bf667d
2025-01-17 12:40:56,442 - api.v1.auth.service - INFO - a5f8a315-4058-4650-9687-b10871bf667d
2025-01-17 12:40:57,138 - api.v1.auth.service - INFO - User found: <User(name='Ojogu Nkang', role='<Role(name='RoleEnum.ADMIN')>')>
2025-01-17 12:40:57,139 - api.v1.auth.service - INFO - User found: None
2025-01-17 12:40:57,159 - api.v1.auth.service - INFO - Parsed user role: ADMIN
2025-01-17 12:40:57,163 - api.v1.auth.service - ERROR - User not found
2025-01-17 12:40:57,173 - api.v1.auth.service - INFO - Permission granted for role: ADMIN
2025-01-17 12:40:57,179 - api.v1.auth.service - INFO - a5f8a315-4058-4650-9687-b10871bf667d
2025-01-17 12:40:57,215 - api.v1.auth.service - INFO - a5f8a315-4058-4650-9687-b10871bf667d
2025-01-17 12:40:57,441 - api.v1.auth.service - INFO - User found: <User(name='Ojogu Nkang', role='<Role(name='RoleEnum.ADMIN')>')>
2025-01-17 12:40:57,606 - api.v1.auth.service - INFO - User found: <User(name='Ojogu Nkang', role='<Role(name='RoleEnum.ADMIN')>')>
2025-01-17 12:40:57,611 - api.v1.auth.service - INFO - Parsed user role: ADMIN
2025-01-17 12:40:57,633 - api.v1.auth.service - INFO - Permission granted for role: ADMIN
2025-01-17 12:40:57,644 - api.v1.auth.service - INFO - a5f8a315-4058-4650-9687-b10871bf667d
2025-01-17 12:40:57,975 - api.v1.auth.service - INFO - User found: <User(name='Ojogu Nkang', role='<Role(name='RoleEnum.ADMIN')>')>
2025-01-17 12:40:57,977 - api.v1.auth.service - INFO - Checking role permission for user
2025-01-17 12:40:57,992 - api.v1.auth.service - INFO - Normalized required roles: ['SUPERADMIN', 'ADMIN', 'BURSAR', 'SUBADMIN', 'STUDENT']
2025-01-17 12:40:57,995 - api.v1.auth.service - INFO - a5f8a315-4058-4650-9687-b10871bf667d
2025-01-17 12:40:58,112 - api.v1.auth.service - INFO - Checking role permission for user
2025-01-17 12:40:58,116 - api.v1.auth.service - INFO - Normalized required roles: ['SUPERADMIN', 'ADMIN']
2025-01-17 12:40:58,119 - api.v1.auth.service - INFO - a5f8a315-4058-4650-9687-b10871bf667d
2025-01-17 12:40:58,328 - api.v1.auth.service - INFO - User found: None
2025-01-17 12:40:58,337 - api.v1.auth.service - ERROR - User not found
2025-01-17 12:40:58,344 - api.v1.auth.service - INFO - a5f8a315-4058-4650-9687-b10871bf667d
2025-01-17 12:40:58,450 - api.v1.auth.service - INFO - User found: None
2025-01-17 12:40:58,454 - api.v1.auth.service - ERROR - User not found
2025-01-17 12:40:58,456 - api.v1.auth.service - INFO - a5f8a315-4058-4650-9687-b10871bf667d
2025-01-17 12:40:58,733 - api.v1.auth.service - INFO - User found: <User(name='Ojogu Nkang', role='<Role(name='RoleEnum.ADMIN')>')>
2025-01-17 12:40:58,737 - api.v1.auth.service - INFO - Parsed user role: ADMIN
2025-01-17 12:40:58,740 - api.v1.auth.service - INFO - Permission granted for role: ADMIN
2025-01-17 12:40:58,747 - api.v1.auth.service - INFO - a5f8a315-4058-4650-9687-b10871bf667d
2025-01-17 12:40:58,838 - api.v1.auth.service - INFO - User found: <User(name='Ojogu Nkang', role='<Role(name='RoleEnum.ADMIN')>')>
2025-01-17 12:40:58,842 - api.v1.auth.service - INFO - Parsed user role: ADMIN
2025-01-17 12:40:58,845 - api.v1.auth.service - INFO - Permission granted for role: ADMIN
2025-01-17 12:40:58,856 - api.v1.auth.service - INFO - a5f8a315-4058-4650-9687-b10871bf667d
2025-01-17 12:40:58,924 - api.v1.auth.service - INFO - User found: <User(name='Ojogu Nkang', role='<Role(name='RoleEnum.ADMIN')>')>
2025-01-17 12:40:59,031 - api.v1.auth.service - INFO - User found: <User(name='Ojogu Nkang', role='<Role(name='RoleEnum.ADMIN')>')>
2025-01-17 12:46:04,461 - api.v1.auth.service - INFO - Checking role permission for user
2025-01-17 12:46:04,499 - api.v1.auth.service - INFO - Normalized required roles: ['SUPERADMIN', 'ADMIN', 'BURSAR', 'SUBADMIN', 'STUDENT']
2025-01-17 12:46:04,541 - api.v1.auth.service - INFO - Checking role permission for user
2025-01-17 12:46:04,617 - api.v1.auth.service - INFO - Checking role permission for user
2025-01-17 12:46:04,871 - api.v1.auth.service - INFO - a5f8a315-4058-4650-9687-b10871bf667d
2025-01-17 12:46:04,877 - api.v1.auth.service - INFO - Normalized required roles: ['SUPERADMIN', 'ADMIN']
2025-01-17 12:46:04,880 - api.v1.auth.service - INFO - Normalized required roles: ['SUPERADMIN', 'ADMIN']
2025-01-17 12:46:04,886 - api.v1.auth.service - INFO - a5f8a315-4058-4650-9687-b10871bf667d
2025-01-17 12:46:04,889 - api.v1.auth.service - INFO - a5f8a315-4058-4650-9687-b10871bf667d
2025-01-17 12:46:05,227 - api.v1.auth.service - INFO - User found: None
2025-01-17 12:46:05,230 - api.v1.auth.service - ERROR - User not found
2025-01-17 12:46:05,233 - api.v1.auth.service - INFO - a5f8a315-4058-4650-9687-b10871bf667d
2025-01-17 12:46:05,250 - api.v1.auth.service - INFO - User found: None
2025-01-17 12:46:05,253 - api.v1.auth.service - ERROR - User not found
2025-01-17 12:46:05,255 - api.v1.auth.service - INFO - a5f8a315-4058-4650-9687-b10871bf667d
2025-01-17 12:46:05,302 - api.v1.auth.service - INFO - User found: None
2025-01-17 12:46:05,306 - api.v1.auth.service - ERROR - User not found
2025-01-17 12:46:05,309 - api.v1.auth.service - INFO - a5f8a315-4058-4650-9687-b10871bf667d
2025-01-17 12:46:05,463 - api.v1.auth.service - INFO - Checking role permission for user
2025-01-17 12:46:05,466 - api.v1.auth.service - INFO - Normalized required roles: ['SUPERADMIN', 'ADMIN']
2025-01-17 12:46:05,469 - api.v1.auth.service - INFO - a5f8a315-4058-4650-9687-b10871bf667d
2025-01-17 12:46:05,656 - api.v1.auth.service - INFO - User found: <User(name='Ojogu Nkang', role='<Role(name='RoleEnum.ADMIN')>')>
2025-01-17 12:46:05,657 - api.v1.auth.service - INFO - User found: <User(name='Ojogu Nkang', role='<Role(name='RoleEnum.ADMIN')>')>
2025-01-17 12:46:05,661 - api.v1.auth.service - INFO - Parsed user role: ADMIN
2025-01-17 12:46:05,662 - api.v1.auth.service - INFO - Parsed user role: ADMIN
2025-01-17 12:46:05,664 - api.v1.auth.service - INFO - Permission granted for role: ADMIN
2025-01-17 12:46:05,668 - api.v1.auth.service - INFO - Permission granted for role: ADMIN
2025-01-17 12:46:05,673 - api.v1.auth.service - INFO - User found: <User(name='Ojogu Nkang', role='<Role(name='RoleEnum.ADMIN')>')>
2025-01-17 12:46:05,675 - api.v1.auth.service - INFO - a5f8a315-4058-4650-9687-b10871bf667d
2025-01-17 12:46:05,677 - api.v1.auth.service - INFO - a5f8a315-4058-4650-9687-b10871bf667d
2025-01-17 12:46:05,680 - api.v1.auth.service - INFO - Parsed user role: ADMIN
2025-01-17 12:46:05,686 - api.v1.auth.service - INFO - Permission granted for role: ADMIN
2025-01-17 12:46:05,696 - api.v1.auth.service - INFO - a5f8a315-4058-4650-9687-b10871bf667d
2025-01-17 12:46:05,814 - api.v1.auth.service - INFO - User found: None
2025-01-17 12:46:05,817 - api.v1.auth.service - ERROR - User not found
2025-01-17 12:46:05,820 - api.v1.auth.service - INFO - a5f8a315-4058-4650-9687-b10871bf667d
2025-01-17 12:46:05,843 - api.v1.auth.service - INFO - User found: <User(name='Ojogu Nkang', role='<Role(name='RoleEnum.ADMIN')>')>
2025-01-17 12:46:05,854 - api.v1.auth.service - INFO - User found: <User(name='Ojogu Nkang', role='<Role(name='RoleEnum.ADMIN')>')>
2025-01-17 12:46:05,865 - api.v1.auth.service - INFO - User found: <User(name='Ojogu Nkang', role='<Role(name='RoleEnum.ADMIN')>')>
2025-01-17 12:46:06,154 - api.v1.auth.service - INFO - User found: <User(name='Ojogu Nkang', role='<Role(name='RoleEnum.ADMIN')>')>
2025-01-17 12:46:06,158 - api.v1.auth.service - INFO - Parsed user role: ADMIN
2025-01-17 12:46:06,161 - api.v1.auth.service - INFO - Permission granted for role: ADMIN
2025-01-17 12:46:06,167 - api.v1.auth.service - INFO - a5f8a315-4058-4650-9687-b10871bf667d
2025-01-17 12:46:06,355 - api.v1.auth.service - INFO - User found: <User(name='Ojogu Nkang', role='<Role(name='RoleEnum.ADMIN')>')>
2025-01-17 12:46:09,292 - api.v1.auth.service - INFO - Checking role permission for user
2025-01-17 12:46:09,298 - api.v1.auth.service - INFO - Normalized required roles: ['SUPERADMIN', 'ADMIN']
2025-01-17 12:46:09,302 - api.v1.auth.service - INFO - a5f8a315-4058-4650-9687-b10871bf667d
2025-01-17 12:46:09,654 - api.v1.auth.service - INFO - User found: None
2025-01-17 12:46:09,656 - api.v1.auth.service - ERROR - User not found
2025-01-17 12:46:09,659 - api.v1.auth.service - INFO - a5f8a315-4058-4650-9687-b10871bf667d
2025-01-17 12:46:09,993 - api.v1.auth.service - INFO - User found: <User(name='Ojogu Nkang', role='<Role(name='RoleEnum.ADMIN')>')>
2025-01-17 12:46:09,996 - api.v1.auth.service - INFO - Parsed user role: ADMIN
2025-01-17 12:46:09,998 - api.v1.auth.service - INFO - Permission granted for role: ADMIN
2025-01-17 12:46:10,003 - api.v1.auth.service - INFO - a5f8a315-4058-4650-9687-b10871bf667d
2025-01-17 12:46:10,174 - api.v1.auth.service - INFO - User found: <User(name='Ojogu Nkang', role='<Role(name='RoleEnum.ADMIN')>')>
2025-01-17 12:46:12,609 - api.v1.auth.service - INFO - Checking role permission for user
2025-01-17 12:46:12,611 - api.v1.auth.service - INFO - Normalized required roles: ['ADMIN', 'SUBADMIN']
2025-01-17 12:46:12,615 - api.v1.auth.service - INFO - a5f8a315-4058-4650-9687-b10871bf667d
2025-01-17 12:46:13,127 - api.v1.auth.service - INFO - User found: <User(name='Ojogu Nkang', role='<Role(name='RoleEnum.ADMIN')>')>
2025-01-17 12:46:13,130 - api.v1.auth.service - INFO - Parsed user role: ADMIN
2025-01-17 12:46:13,133 - api.v1.auth.service - INFO - Permission granted for role: ADMIN
2025-01-17 12:46:13,143 - api.v1.auth.service - INFO - a5f8a315-4058-4650-9687-b10871bf667d
2025-01-17 12:46:13,330 - api.v1.auth.service - INFO - User found: <User(name='Ojogu Nkang', role='<Role(name='RoleEnum.ADMIN')>')>
2025-01-17 12:47:17,499 - api.v1.auth.service - INFO - Checking role permission for user
2025-01-17 12:47:17,502 - api.v1.auth.service - INFO - Normalized required roles: ['ADMIN', 'SUBADMIN']
2025-01-17 12:47:17,505 - api.v1.auth.service - INFO - a5f8a315-4058-4650-9687-b10871bf667d
2025-01-17 12:47:18,198 - api.v1.auth.service - INFO - User found: <User(name='Ojogu Nkang', role='<Role(name='RoleEnum.ADMIN')>')>
2025-01-17 12:47:18,202 - api.v1.auth.service - INFO - Parsed user role: ADMIN
2025-01-17 12:47:18,205 - api.v1.auth.service - INFO - Permission granted for role: ADMIN
2025-01-17 12:47:18,213 - api.v1.auth.service - INFO - a5f8a315-4058-4650-9687-b10871bf667d
2025-01-17 12:47:18,378 - api.v1.auth.service - INFO - User found: <User(name='Ojogu Nkang', role='<Role(name='RoleEnum.ADMIN')>')>
2025-01-17 12:47:19,977 - api.v1.auth.service - ERROR - Unexpected error while checking permissions: 'data'
2025-01-17 12:48:53,138 - api.v1.auth.service - INFO - Checking role permission for user
2025-01-17 12:48:53,148 - api.v1.auth.service - INFO - Checking role permission for user
2025-01-17 12:48:53,178 - api.v1.auth.service - INFO - Checking role permission for user
2025-01-17 12:48:53,220 - api.v1.auth.service - INFO - Normalized required roles: ['SUPERADMIN', 'ADMIN']
2025-01-17 12:48:53,242 - api.v1.auth.service - INFO - Normalized required roles: ['SUPERADMIN', 'ADMIN', 'BURSAR', 'SUBADMIN', 'STUDENT']
2025-01-17 12:48:53,254 - api.v1.auth.service - INFO - Normalized required roles: ['SUPERADMIN', 'ADMIN']
2025-01-17 12:48:53,263 - api.v1.auth.service - INFO - a5f8a315-4058-4650-9687-b10871bf667d
2025-01-17 12:48:53,274 - api.v1.auth.service - INFO - a5f8a315-4058-4650-9687-b10871bf667d
2025-01-17 12:48:53,279 - api.v1.auth.service - INFO - a5f8a315-4058-4650-9687-b10871bf667d
2025-01-17 12:48:53,288 - api.v1.auth.service - INFO - Checking role permission for user
2025-01-17 12:48:53,663 - api.v1.auth.service - INFO - Normalized required roles: ['SUPERADMIN', 'ADMIN']
2025-01-17 12:48:53,689 - api.v1.auth.service - INFO - a5f8a315-4058-4650-9687-b10871bf667d
2025-01-17 12:48:56,930 - api.v1.auth.service - INFO - User found: None
2025-01-17 12:48:56,931 - api.v1.auth.service - INFO - User found: None
2025-01-17 12:48:56,947 - api.v1.auth.service - INFO - User found: None
2025-01-17 12:48:56,947 - api.v1.auth.service - INFO - User found: None
2025-01-17 12:48:56,967 - api.v1.auth.service - ERROR - User not found
2025-01-17 12:48:56,980 - api.v1.auth.service - ERROR - User not found
2025-01-17 12:48:56,992 - api.v1.auth.service - ERROR - User not found
2025-01-17 12:48:56,999 - api.v1.auth.service - ERROR - User not found
2025-01-17 12:48:57,025 - api.v1.auth.service - INFO - a5f8a315-4058-4650-9687-b10871bf667d
2025-01-17 12:48:57,034 - api.v1.auth.service - INFO - a5f8a315-4058-4650-9687-b10871bf667d
2025-01-17 12:48:57,059 - api.v1.auth.service - INFO - a5f8a315-4058-4650-9687-b10871bf667d
2025-01-17 12:48:57,107 - api.v1.auth.service - INFO - a5f8a315-4058-4650-9687-b10871bf667d
2025-01-17 12:48:57,485 - api.v1.auth.service - INFO - User found: <User(name='Ojogu Nkang', role='<Role(name='RoleEnum.ADMIN')>')>
2025-01-17 12:48:57,486 - api.v1.auth.service - INFO - User found: <User(name='Ojogu Nkang', role='<Role(name='RoleEnum.ADMIN')>')>
2025-01-17 12:48:57,495 - api.v1.auth.service - INFO - User found: <User(name='Ojogu Nkang', role='<Role(name='RoleEnum.ADMIN')>')>
2025-01-17 12:48:57,496 - api.v1.auth.service - INFO - User found: <User(name='Ojogu Nkang', role='<Role(name='RoleEnum.ADMIN')>')>
2025-01-17 12:48:57,502 - api.v1.auth.service - INFO - Parsed user role: ADMIN
2025-01-17 12:48:57,510 - api.v1.auth.service - INFO - Parsed user role: ADMIN
2025-01-17 12:48:57,540 - api.v1.auth.service - INFO - Parsed user role: ADMIN
2025-01-17 12:48:57,567 - api.v1.auth.service - INFO - Parsed user role: ADMIN
2025-01-17 12:48:57,576 - api.v1.auth.service - INFO - Permission granted for role: ADMIN
2025-01-17 12:48:57,592 - api.v1.auth.service - INFO - Permission granted for role: ADMIN
2025-01-17 12:48:57,596 - api.v1.auth.service - INFO - Permission granted for role: ADMIN
2025-01-17 12:48:57,621 - api.v1.auth.service - INFO - Permission granted for role: ADMIN
2025-01-17 12:48:57,787 - api.v1.auth.service - INFO - a5f8a315-4058-4650-9687-b10871bf667d
2025-01-17 12:48:57,797 - api.v1.auth.service - INFO - a5f8a315-4058-4650-9687-b10871bf667d
2025-01-17 12:48:57,827 - api.v1.auth.service - INFO - a5f8a315-4058-4650-9687-b10871bf667d
2025-01-17 12:48:57,843 - api.v1.auth.service - INFO - a5f8a315-4058-4650-9687-b10871bf667d
2025-01-17 12:48:58,026 - api.v1.auth.service - INFO - User found: <User(name='Ojogu Nkang', role='<Role(name='RoleEnum.ADMIN')>')>
2025-01-17 12:48:58,060 - api.v1.auth.service - INFO - User found: <User(name='Ojogu Nkang', role='<Role(name='RoleEnum.ADMIN')>')>
2025-01-17 12:48:58,060 - api.v1.auth.service - INFO - User found: <User(name='Ojogu Nkang', role='<Role(name='RoleEnum.ADMIN')>')>
2025-01-17 12:48:58,062 - api.v1.auth.service - INFO - User found: <User(name='Ojogu Nkang', role='<Role(name='RoleEnum.ADMIN')>')>
2025-01-17 12:49:03,526 - api.v1.auth.service - INFO - Checking role permission for user
2025-01-17 12:49:03,538 - api.v1.auth.service - INFO - Normalized required roles: ['SUPERADMIN', 'ADMIN']
2025-01-17 12:49:03,541 - api.v1.auth.service - INFO - a5f8a315-4058-4650-9687-b10871bf667d
2025-01-17 12:49:03,909 - api.v1.auth.service - INFO - User found: None
2025-01-17 12:49:03,922 - api.v1.auth.service - ERROR - User not found
2025-01-17 12:49:03,926 - api.v1.auth.service - INFO - a5f8a315-4058-4650-9687-b10871bf667d
2025-01-17 12:49:04,320 - api.v1.auth.service - INFO - User found: <User(name='Ojogu Nkang', role='<Role(name='RoleEnum.ADMIN')>')>
2025-01-17 12:49:04,324 - api.v1.auth.service - INFO - Parsed user role: ADMIN
2025-01-17 12:49:04,332 - api.v1.auth.service - INFO - Permission granted for role: ADMIN
2025-01-17 12:49:04,340 - api.v1.auth.service - INFO - a5f8a315-4058-4650-9687-b10871bf667d
2025-01-17 12:49:04,542 - api.v1.auth.service - INFO - User found: <User(name='Ojogu Nkang', role='<Role(name='RoleEnum.ADMIN')>')>
2025-01-17 12:49:07,037 - api.v1.auth.service - INFO - Checking role permission for user
2025-01-17 12:49:07,052 - api.v1.auth.service - INFO - Normalized required roles: ['ADMIN', 'SUBADMIN']
2025-01-17 12:49:07,056 - api.v1.auth.service - INFO - a5f8a315-4058-4650-9687-b10871bf667d
2025-01-17 12:49:07,586 - api.v1.auth.service - INFO - User found: <User(name='Ojogu Nkang', role='<Role(name='RoleEnum.ADMIN')>')>
2025-01-17 12:49:07,620 - api.v1.auth.service - INFO - Parsed user role: ADMIN
2025-01-17 12:49:07,642 - api.v1.auth.service - INFO - Permission granted for role: ADMIN
2025-01-17 12:49:07,680 - api.v1.auth.service - INFO - a5f8a315-4058-4650-9687-b10871bf667d
2025-01-17 12:49:07,882 - api.v1.auth.service - INFO - User found: <User(name='Ojogu Nkang', role='<Role(name='RoleEnum.ADMIN')>')>
2025-01-17 12:50:08,120 - api.v1.auth.service - INFO - Checking role permission for user
2025-01-17 12:50:08,124 - api.v1.auth.service - INFO - Normalized required roles: ['ADMIN', 'SUBADMIN']
2025-01-17 12:50:08,126 - api.v1.auth.service - INFO - a5f8a315-4058-4650-9687-b10871bf667d
2025-01-17 12:50:08,640 - api.v1.auth.service - INFO - User found: <User(name='Ojogu Nkang', role='<Role(name='RoleEnum.ADMIN')>')>
2025-01-17 12:50:08,643 - api.v1.auth.service - INFO - Parsed user role: ADMIN
2025-01-17 12:50:08,646 - api.v1.auth.service - INFO - Permission granted for role: ADMIN
2025-01-17 12:50:08,653 - api.v1.auth.service - INFO - a5f8a315-4058-4650-9687-b10871bf667d
2025-01-17 12:50:08,838 - api.v1.auth.service - INFO - User found: <User(name='Ojogu Nkang', role='<Role(name='RoleEnum.ADMIN')>')>
2025-01-17 12:50:11,871 - api.v1.auth.service - ERROR - Unexpected error while checking permissions: 'data'
2025-01-17 12:53:29,223 - api.v1.auth.service - INFO - Checking role permission for user
2025-01-17 12:53:29,277 - api.v1.auth.service - INFO - Checking role permission for user
2025-01-17 12:53:29,292 - api.v1.auth.service - INFO - Normalized required roles: ['SUPERADMIN', 'ADMIN']
2025-01-17 12:53:29,367 - api.v1.auth.service - INFO - Normalized required roles: ['SUPERADMIN', 'ADMIN']
2025-01-17 12:53:29,430 - api.v1.auth.service - INFO - a5f8a315-4058-4650-9687-b10871bf667d
2025-01-17 12:53:29,469 - api.v1.auth.service - INFO - a5f8a315-4058-4650-9687-b10871bf667d
2025-01-17 12:53:30,332 - api.v1.auth.service - INFO - Checking role permission for user
2025-01-17 12:53:30,389 - api.v1.auth.service - INFO - Normalized required roles: ['SUPERADMIN', 'ADMIN', 'BURSAR', 'SUBADMIN', 'STUDENT']
2025-01-17 12:53:30,447 - api.v1.auth.service - INFO - a5f8a315-4058-4650-9687-b10871bf667d
2025-01-17 12:53:30,504 - api.v1.auth.service - INFO - Checking role permission for user
2025-01-17 12:53:30,593 - api.v1.auth.service - INFO - Normalized required roles: ['SUPERADMIN', 'ADMIN']
2025-01-17 12:53:30,658 - api.v1.auth.service - INFO - a5f8a315-4058-4650-9687-b10871bf667d
2025-01-17 12:53:32,881 - api.v1.auth.service - INFO - User found: None
2025-01-17 12:53:32,892 - api.v1.auth.service - INFO - User found: None
2025-01-17 12:53:32,894 - api.v1.auth.service - INFO - User found: None
2025-01-17 12:53:32,901 - api.v1.auth.service - INFO - User found: None
2025-01-17 12:53:32,972 - api.v1.auth.service - ERROR - User not found
2025-01-17 12:53:33,034 - api.v1.auth.service - ERROR - User not found
2025-01-17 12:53:33,090 - api.v1.auth.service - ERROR - User not found
2025-01-17 12:53:33,144 - api.v1.auth.service - ERROR - User not found
2025-01-17 12:53:33,194 - api.v1.auth.service - INFO - a5f8a315-4058-4650-9687-b10871bf667d
2025-01-17 12:53:33,265 - api.v1.auth.service - INFO - a5f8a315-4058-4650-9687-b10871bf667d
2025-01-17 12:53:33,319 - api.v1.auth.service - INFO - a5f8a315-4058-4650-9687-b10871bf667d
2025-01-17 12:53:33,376 - api.v1.auth.service - INFO - a5f8a315-4058-4650-9687-b10871bf667d
2025-01-17 12:53:33,784 - api.v1.auth.service - INFO - User found: <User(name='Ojogu Nkang', role='<Role(name='RoleEnum.ADMIN')>')>
2025-01-17 12:53:33,833 - api.v1.auth.service - INFO - User found: <User(name='Ojogu Nkang', role='<Role(name='RoleEnum.ADMIN')>')>
2025-01-17 12:53:33,846 - api.v1.auth.service - INFO - Parsed user role: ADMIN
2025-01-17 12:53:33,914 - api.v1.auth.service - INFO - User found: <User(name='Ojogu Nkang', role='<Role(name='RoleEnum.ADMIN')>')>
2025-01-17 12:53:33,926 - api.v1.auth.service - INFO - Parsed user role: ADMIN
2025-01-17 12:53:33,947 - api.v1.auth.service - INFO - User found: <User(name='Ojogu Nkang', role='<Role(name='RoleEnum.ADMIN')>')>
2025-01-17 12:53:33,994 - api.v1.auth.service - INFO - Permission granted for role: ADMIN
2025-01-17 12:53:34,048 - api.v1.auth.service - INFO - Parsed user role: ADMIN
2025-01-17 12:53:34,107 - api.v1.auth.service - INFO - Permission granted for role: ADMIN
2025-01-17 12:53:34,179 - api.v1.auth.service - INFO - Parsed user role: ADMIN
2025-01-17 12:53:34,292 - api.v1.auth.service - INFO - Permission granted for role: ADMIN
2025-01-17 12:53:34,370 - api.v1.auth.service - INFO - Permission granted for role: ADMIN
2025-01-17 12:53:34,495 - api.v1.auth.service - INFO - a5f8a315-4058-4650-9687-b10871bf667d
2025-01-17 12:53:34,608 - api.v1.auth.service - INFO - a5f8a315-4058-4650-9687-b10871bf667d
2025-01-17 12:53:34,778 - api.v1.auth.service - INFO - a5f8a315-4058-4650-9687-b10871bf667d
2025-01-17 12:53:34,883 - api.v1.auth.service - INFO - User found: <User(name='Ojogu Nkang', role='<Role(name='RoleEnum.ADMIN')>')>
2025-01-17 12:53:34,900 - api.v1.auth.service - INFO - a5f8a315-4058-4650-9687-b10871bf667d
2025-01-17 12:53:35,015 - api.v1.auth.service - INFO - User found: <User(name='Ojogu Nkang', role='<Role(name='RoleEnum.ADMIN')>')>
2025-01-17 12:53:35,164 - api.v1.auth.service - INFO - User found: <User(name='Ojogu Nkang', role='<Role(name='RoleEnum.ADMIN')>')>
2025-01-17 12:53:35,325 - api.v1.auth.service - INFO - User found: <User(name='Ojogu Nkang', role='<Role(name='RoleEnum.ADMIN')>')>
2025-01-17 12:53:37,802 - api.v1.auth.service - INFO - Checking role permission for user
2025-01-17 12:53:38,358 - api.v1.auth.service - INFO - Normalized required roles: ['SUPERADMIN', 'ADMIN']
2025-01-17 12:53:38,481 - api.v1.auth.service - INFO - a5f8a315-4058-4650-9687-b10871bf667d
2025-01-17 12:53:38,902 - api.v1.auth.service - INFO - User found: None
2025-01-17 12:53:38,959 - api.v1.auth.service - ERROR - User not found
2025-01-17 12:53:39,043 - api.v1.auth.service - INFO - a5f8a315-4058-4650-9687-b10871bf667d
2025-01-17 12:53:39,492 - api.v1.auth.service - INFO - User found: <User(name='Ojogu Nkang', role='<Role(name='RoleEnum.ADMIN')>')>
2025-01-17 12:53:39,557 - api.v1.auth.service - INFO - Parsed user role: ADMIN
2025-01-17 12:53:39,670 - api.v1.auth.service - INFO - Permission granted for role: ADMIN
2025-01-17 12:53:39,963 - api.v1.auth.service - INFO - a5f8a315-4058-4650-9687-b10871bf667d
2025-01-17 12:53:40,353 - api.v1.auth.service - INFO - User found: <User(name='Ojogu Nkang', role='<Role(name='RoleEnum.ADMIN')>')>
2025-01-17 12:53:57,658 - api.v1.auth.service - INFO - Checking role permission for user
2025-01-17 12:53:57,700 - api.v1.auth.service - INFO - Normalized required roles: ['ADMIN', 'SUBADMIN']
2025-01-17 12:53:57,725 - api.v1.auth.service - INFO - a5f8a315-4058-4650-9687-b10871bf667d
2025-01-17 12:53:58,280 - api.v1.auth.service - INFO - User found: <User(name='Ojogu Nkang', role='<Role(name='RoleEnum.ADMIN')>')>
2025-01-17 12:53:58,324 - api.v1.auth.service - INFO - Parsed user role: ADMIN
2025-01-17 12:53:58,383 - api.v1.auth.service - INFO - Permission granted for role: ADMIN
2025-01-17 12:53:58,765 - api.v1.auth.service - INFO - a5f8a315-4058-4650-9687-b10871bf667d
2025-01-17 12:53:59,349 - api.v1.auth.service - INFO - User found: <User(name='Ojogu Nkang', role='<Role(name='RoleEnum.ADMIN')>')>
2025-01-17 12:54:37,610 - api.v1.auth.service - INFO - Checking role permission for user
2025-01-17 12:54:37,613 - api.v1.auth.service - INFO - Normalized required roles: ['ADMIN', 'SUBADMIN']
2025-01-17 12:54:37,615 - api.v1.auth.service - INFO - a5f8a315-4058-4650-9687-b10871bf667d
2025-01-17 12:54:38,102 - api.v1.auth.service - INFO - User found: <User(name='Ojogu Nkang', role='<Role(name='RoleEnum.ADMIN')>')>
2025-01-17 12:54:38,105 - api.v1.auth.service - INFO - Parsed user role: ADMIN
2025-01-17 12:54:38,109 - api.v1.auth.service - INFO - Permission granted for role: ADMIN
2025-01-17 12:54:38,116 - api.v1.auth.service - INFO - a5f8a315-4058-4650-9687-b10871bf667d
2025-01-17 12:54:38,292 - api.v1.auth.service - INFO - User found: <User(name='Ojogu Nkang', role='<Role(name='RoleEnum.ADMIN')>')>
2025-01-17 12:54:40,760 - api.v1.auth.service - ERROR - Unexpected error while checking permissions: 'data'
2025-01-17 12:57:45,278 - api.v1.auth.service - INFO - User found: <User(name='Ojogu Nkang', role='<Role(name='RoleEnum.ADMIN')>')>
2025-01-17 12:57:45,972 - api.v1.auth.service - INFO - User authenticated
2025-01-17 12:57:53,570 - api.v1.auth.service - INFO - Checking role permission for user
2025-01-17 12:57:53,573 - api.v1.auth.service - INFO - Normalized required roles: ['SUPERADMIN', 'ADMIN']
2025-01-17 12:57:53,575 - api.v1.auth.service - INFO - a5f8a315-4058-4650-9687-b10871bf667d
2025-01-17 12:57:53,717 - api.v1.auth.service - INFO - Checking role permission for user
2025-01-17 12:57:53,719 - api.v1.auth.service - INFO - Checking role permission for user
2025-01-17 12:57:53,721 - api.v1.auth.service - INFO - Checking role permission for user
2025-01-17 12:57:53,725 - api.v1.auth.service - INFO - Normalized required roles: ['SUPERADMIN', 'ADMIN']
2025-01-17 12:57:53,726 - api.v1.auth.service - INFO - Normalized required roles: ['SUPERADMIN', 'ADMIN']
2025-01-17 12:57:53,731 - api.v1.auth.service - INFO - Normalized required roles: ['SUPERADMIN', 'ADMIN', 'BURSAR', 'SUBADMIN', 'STUDENT']
2025-01-17 12:57:53,734 - api.v1.auth.service - INFO - a5f8a315-4058-4650-9687-b10871bf667d
2025-01-17 12:57:53,736 - api.v1.auth.service - INFO - a5f8a315-4058-4650-9687-b10871bf667d
2025-01-17 12:57:53,739 - api.v1.auth.service - INFO - a5f8a315-4058-4650-9687-b10871bf667d
2025-01-17 12:57:53,897 - api.v1.auth.service - INFO - User found: None
2025-01-17 12:57:53,899 - api.v1.auth.service - ERROR - User not found
2025-01-17 12:57:53,901 - api.v1.auth.service - INFO - a5f8a315-4058-4650-9687-b10871bf667d
2025-01-17 12:57:54,060 - api.v1.auth.service - INFO - User found: None
2025-01-17 12:57:54,060 - api.v1.auth.service - INFO - User found: None
2025-01-17 12:57:54,063 - api.v1.auth.service - ERROR - User not found
2025-01-17 12:57:54,064 - api.v1.auth.service - ERROR - User not found
2025-01-17 12:57:54,068 - api.v1.auth.service - INFO - a5f8a315-4058-4650-9687-b10871bf667d
2025-01-17 12:57:54,069 - api.v1.auth.service - INFO - a5f8a315-4058-4650-9687-b10871bf667d
2025-01-17 12:57:54,075 - api.v1.auth.service - INFO - User found: None
2025-01-17 12:57:54,080 - api.v1.auth.service - ERROR - User not found
2025-01-17 12:57:54,084 - api.v1.auth.service - INFO - a5f8a315-4058-4650-9687-b10871bf667d
2025-01-17 12:57:54,237 - api.v1.auth.service - INFO - User found: <User(name='Ojogu Nkang', role='<Role(name='RoleEnum.ADMIN')>')>
2025-01-17 12:57:54,242 - api.v1.auth.service - INFO - Parsed user role: ADMIN
2025-01-17 12:57:54,246 - api.v1.auth.service - INFO - Permission granted for role: ADMIN
2025-01-17 12:57:54,255 - api.v1.auth.service - INFO - a5f8a315-4058-4650-9687-b10871bf667d
2025-01-17 12:57:54,397 - api.v1.auth.service - INFO - User found: <User(name='Ojogu Nkang', role='<Role(name='RoleEnum.ADMIN')>')>
2025-01-17 12:57:54,398 - api.v1.auth.service - INFO - User found: <User(name='Ojogu Nkang', role='<Role(name='RoleEnum.ADMIN')>')>
2025-01-17 12:57:54,401 - api.v1.auth.service - INFO - Parsed user role: ADMIN
2025-01-17 12:57:54,405 - api.v1.auth.service - INFO - Parsed user role: ADMIN
2025-01-17 12:57:54,416 - api.v1.auth.service - INFO - Permission granted for role: ADMIN
2025-01-17 12:57:54,417 - api.v1.auth.service - INFO - User found: <User(name='Ojogu Nkang', role='<Role(name='RoleEnum.ADMIN')>')>
2025-01-17 12:57:54,420 - api.v1.auth.service - INFO - Permission granted for role: ADMIN
2025-01-17 12:57:54,422 - api.v1.auth.service - INFO - User found: <User(name='Ojogu Nkang', role='<Role(name='RoleEnum.ADMIN')>')>
2025-01-17 12:57:54,432 - api.v1.auth.service - INFO - Parsed user role: ADMIN
2025-01-17 12:57:54,439 - api.v1.auth.service - INFO - a5f8a315-4058-4650-9687-b10871bf667d
2025-01-17 12:57:54,441 - api.v1.auth.service - INFO - Permission granted for role: ADMIN
2025-01-17 12:57:54,442 - api.v1.auth.service - INFO - a5f8a315-4058-4650-9687-b10871bf667d
2025-01-17 12:57:54,455 - api.v1.auth.service - INFO - a5f8a315-4058-4650-9687-b10871bf667d
2025-01-17 12:57:54,617 - api.v1.auth.service - INFO - User found: <User(name='Ojogu Nkang', role='<Role(name='RoleEnum.ADMIN')>')>
2025-01-17 12:57:54,619 - api.v1.auth.service - INFO - User found: <User(name='Ojogu Nkang', role='<Role(name='RoleEnum.ADMIN')>')>
2025-01-17 12:57:54,624 - api.v1.auth.service - INFO - User found: <User(name='Ojogu Nkang', role='<Role(name='RoleEnum.ADMIN')>')>
2025-01-17 12:58:04,245 - api.v1.auth.service - INFO - Checking role permission for user
2025-01-17 12:58:04,249 - api.v1.auth.service - INFO - Normalized required roles: ['SUPERADMIN', 'ADMIN']
2025-01-17 12:58:04,252 - api.v1.auth.service - INFO - a5f8a315-4058-4650-9687-b10871bf667d
2025-01-17 12:58:04,591 - api.v1.auth.service - INFO - User found: None
2025-01-17 12:58:04,595 - api.v1.auth.service - ERROR - User not found
2025-01-17 12:58:04,598 - api.v1.auth.service - INFO - a5f8a315-4058-4650-9687-b10871bf667d
2025-01-17 12:58:04,942 - api.v1.auth.service - INFO - User found: <User(name='Ojogu Nkang', role='<Role(name='RoleEnum.ADMIN')>')>
2025-01-17 12:58:04,945 - api.v1.auth.service - INFO - Parsed user role: ADMIN
2025-01-17 12:58:04,948 - api.v1.auth.service - INFO - Permission granted for role: ADMIN
2025-01-17 12:58:04,954 - api.v1.auth.service - INFO - a5f8a315-4058-4650-9687-b10871bf667d
2025-01-17 12:58:05,131 - api.v1.auth.service - INFO - User found: <User(name='Ojogu Nkang', role='<Role(name='RoleEnum.ADMIN')>')>
2025-01-17 12:58:07,093 - api.v1.auth.service - INFO - Checking role permission for user
2025-01-17 12:58:07,096 - api.v1.auth.service - INFO - Normalized required roles: ['ADMIN', 'SUBADMIN']
2025-01-17 12:58:07,099 - api.v1.auth.service - INFO - a5f8a315-4058-4650-9687-b10871bf667d
2025-01-17 12:58:07,611 - api.v1.auth.service - INFO - User found: <User(name='Ojogu Nkang', role='<Role(name='RoleEnum.ADMIN')>')>
2025-01-17 12:58:07,615 - api.v1.auth.service - INFO - Parsed user role: ADMIN
2025-01-17 12:58:07,617 - api.v1.auth.service - INFO - Permission granted for role: ADMIN
2025-01-17 12:58:07,622 - api.v1.auth.service - INFO - a5f8a315-4058-4650-9687-b10871bf667d
2025-01-17 12:58:07,809 - api.v1.auth.service - INFO - User found: <User(name='Ojogu Nkang', role='<Role(name='RoleEnum.ADMIN')>')>
2025-01-17 13:01:50,749 - api.v1.auth.service - INFO - Checking role permission for user
2025-01-17 13:01:50,753 - api.v1.auth.service - INFO - Normalized required roles: ['ADMIN', 'SUBADMIN']
2025-01-17 13:01:50,758 - api.v1.auth.service - INFO - a5f8a315-4058-4650-9687-b10871bf667d
2025-01-17 13:01:51,259 - api.v1.auth.service - INFO - User found: <User(name='Ojogu Nkang', role='<Role(name='RoleEnum.ADMIN')>')>
2025-01-17 13:01:51,348 - api.v1.auth.service - INFO - Parsed user role: ADMIN
2025-01-17 13:01:51,437 - api.v1.auth.service - INFO - Permission granted for role: ADMIN
2025-01-17 13:01:51,487 - api.v1.auth.service - INFO - a5f8a315-4058-4650-9687-b10871bf667d
2025-01-17 13:01:51,662 - api.v1.auth.service - INFO - User found: <User(name='Ojogu Nkang', role='<Role(name='RoleEnum.ADMIN')>')>
2025-01-17 13:02:17,790 - api.v1.auth.service - INFO - Checking role permission for user
2025-01-17 13:02:17,801 - api.v1.auth.service - INFO - Normalized required roles: ['SUPERADMIN', 'ADMIN']
2025-01-17 13:02:17,805 - api.v1.auth.service - INFO - a5f8a315-4058-4650-9687-b10871bf667d
2025-01-17 13:02:18,143 - api.v1.auth.service - INFO - User found: None
2025-01-17 13:02:18,146 - api.v1.auth.service - ERROR - User not found
2025-01-17 13:02:18,149 - api.v1.auth.service - INFO - a5f8a315-4058-4650-9687-b10871bf667d
2025-01-17 13:02:18,350 - api.v1.auth.service - INFO - Checking role permission for user
2025-01-17 13:02:18,354 - api.v1.auth.service - INFO - Normalized required roles: ['SUPERADMIN', 'ADMIN']
2025-01-17 13:02:18,358 - api.v1.auth.service - INFO - a5f8a315-4058-4650-9687-b10871bf667d
2025-01-17 13:02:18,506 - api.v1.auth.service - INFO - User found: <User(name='Ojogu Nkang', role='<Role(name='RoleEnum.ADMIN')>')>
2025-01-17 13:02:18,512 - api.v1.auth.service - INFO - Parsed user role: ADMIN
2025-01-17 13:02:18,515 - api.v1.auth.service - INFO - Permission granted for role: ADMIN
2025-01-17 13:02:18,522 - api.v1.auth.service - INFO - Checking role permission for user
2025-01-17 13:02:18,529 - api.v1.auth.service - INFO - Checking role permission for user
2025-01-17 13:02:18,533 - api.v1.auth.service - INFO - a5f8a315-4058-4650-9687-b10871bf667d
2025-01-17 13:02:18,537 - api.v1.auth.service - INFO - Normalized required roles: ['SUPERADMIN', 'ADMIN']
2025-01-17 13:02:18,541 - api.v1.auth.service - INFO - Normalized required roles: ['SUPERADMIN', 'ADMIN', 'BURSAR', 'SUBADMIN', 'STUDENT']
2025-01-17 13:02:18,548 - api.v1.auth.service - INFO - a5f8a315-4058-4650-9687-b10871bf667d
2025-01-17 13:02:18,551 - api.v1.auth.service - INFO - a5f8a315-4058-4650-9687-b10871bf667d
2025-01-17 13:02:18,696 - api.v1.auth.service - INFO - User found: None
2025-01-17 13:02:18,700 - api.v1.auth.service - ERROR - User not found
2025-01-17 13:02:18,715 - api.v1.auth.service - INFO - User found: <User(name='Ojogu Nkang', role='<Role(name='RoleEnum.ADMIN')>')>
2025-01-17 13:02:18,811 - api.v1.auth.service - INFO - a5f8a315-4058-4650-9687-b10871bf667d
2025-01-17 13:02:18,889 - api.v1.auth.service - INFO - User found: None
2025-01-17 13:02:18,895 - api.v1.auth.service - INFO - User found: None
2025-01-17 13:02:18,906 - api.v1.auth.service - ERROR - User not found
2025-01-17 13:02:18,937 - api.v1.auth.service - ERROR - User not found
2025-01-17 13:02:19,013 - api.v1.auth.service - INFO - a5f8a315-4058-4650-9687-b10871bf667d
2025-01-17 13:02:19,046 - api.v1.auth.service - INFO - a5f8a315-4058-4650-9687-b10871bf667d
2025-01-17 13:02:19,282 - api.v1.auth.service - INFO - User found: <User(name='Ojogu Nkang', role='<Role(name='RoleEnum.ADMIN')>')>
2025-01-17 13:02:19,294 - api.v1.auth.service - INFO - Parsed user role: ADMIN
2025-01-17 13:02:19,307 - api.v1.auth.service - INFO - Permission granted for role: ADMIN
2025-01-17 13:02:19,314 - api.v1.auth.service - INFO - a5f8a315-4058-4650-9687-b10871bf667d
2025-01-17 13:02:19,454 - api.v1.auth.service - INFO - User found: <User(name='Ojogu Nkang', role='<Role(name='RoleEnum.ADMIN')>')>
2025-01-17 13:02:19,467 - api.v1.auth.service - INFO - Parsed user role: ADMIN
2025-01-17 13:02:19,470 - api.v1.auth.service - INFO - User found: <User(name='Ojogu Nkang', role='<Role(name='RoleEnum.ADMIN')>')>
2025-01-17 13:02:19,488 - api.v1.auth.service - INFO - User found: <User(name='Ojogu Nkang', role='<Role(name='RoleEnum.ADMIN')>')>
2025-01-17 13:02:19,489 - api.v1.auth.service - INFO - Permission granted for role: ADMIN
2025-01-17 13:02:19,498 - api.v1.auth.service - INFO - Parsed user role: ADMIN
2025-01-17 13:02:19,522 - api.v1.auth.service - INFO - Permission granted for role: ADMIN
2025-01-17 13:02:19,528 - api.v1.auth.service - INFO - a5f8a315-4058-4650-9687-b10871bf667d
2025-01-17 13:02:19,539 - api.v1.auth.service - INFO - a5f8a315-4058-4650-9687-b10871bf667d
2025-01-17 13:02:19,709 - api.v1.auth.service - INFO - User found: <User(name='Ojogu Nkang', role='<Role(name='RoleEnum.ADMIN')>')>
2025-01-17 13:02:19,733 - api.v1.auth.service - INFO - User found: <User(name='Ojogu Nkang', role='<Role(name='RoleEnum.ADMIN')>')>
2025-01-17 13:02:20,320 - api.v1.auth.service - INFO - Checking role permission for user
2025-01-17 13:02:22,293 - api.v1.auth.service - INFO - Normalized required roles: ['SUPERADMIN', 'ADMIN']
2025-01-17 13:02:22,627 - api.v1.auth.service - INFO - a5f8a315-4058-4650-9687-b10871bf667d
2025-01-17 13:02:23,085 - api.v1.auth.service - INFO - User found: None
2025-01-17 13:02:23,097 - api.v1.auth.service - ERROR - User not found
2025-01-17 13:02:23,126 - api.v1.auth.service - INFO - a5f8a315-4058-4650-9687-b10871bf667d
2025-01-17 13:02:23,580 - api.v1.auth.service - INFO - User found: <User(name='Ojogu Nkang', role='<Role(name='RoleEnum.ADMIN')>')>
2025-01-17 13:02:23,782 - api.v1.auth.service - INFO - Parsed user role: ADMIN
2025-01-17 13:02:23,885 - api.v1.auth.service - INFO - Permission granted for role: ADMIN
2025-01-17 13:02:24,510 - api.v1.auth.service - INFO - a5f8a315-4058-4650-9687-b10871bf667d
2025-01-17 13:02:24,957 - api.v1.auth.service - INFO - User found: <User(name='Ojogu Nkang', role='<Role(name='RoleEnum.ADMIN')>')>
2025-01-17 13:02:27,983 - api.v1.auth.service - INFO - Checking role permission for user
2025-01-17 13:02:28,199 - api.v1.auth.service - INFO - Normalized required roles: ['ADMIN', 'SUBADMIN']
2025-01-17 13:02:28,379 - api.v1.auth.service - INFO - a5f8a315-4058-4650-9687-b10871bf667d
2025-01-17 13:02:29,427 - api.v1.auth.service - INFO - User found: <User(name='Ojogu Nkang', role='<Role(name='RoleEnum.ADMIN')>')>
2025-01-17 13:02:29,443 - api.v1.auth.service - INFO - Parsed user role: ADMIN
2025-01-17 13:02:29,472 - api.v1.auth.service - INFO - Permission granted for role: ADMIN
2025-01-17 13:02:29,542 - api.v1.auth.service - INFO - a5f8a315-4058-4650-9687-b10871bf667d
2025-01-17 13:02:29,920 - api.v1.auth.service - INFO - User found: <User(name='Ojogu Nkang', role='<Role(name='RoleEnum.ADMIN')>')>
2025-01-17 13:03:01,415 - api.v1.auth.service - INFO - Checking role permission for user
2025-01-17 13:03:01,422 - api.v1.auth.service - INFO - Normalized required roles: ['ADMIN', 'SUBADMIN']
2025-01-17 13:03:01,428 - api.v1.auth.service - INFO - a5f8a315-4058-4650-9687-b10871bf667d
2025-01-17 13:03:01,950 - api.v1.auth.service - INFO - User found: <User(name='Ojogu Nkang', role='<Role(name='RoleEnum.ADMIN')>')>
2025-01-17 13:03:01,954 - api.v1.auth.service - INFO - Parsed user role: ADMIN
2025-01-17 13:03:01,958 - api.v1.auth.service - INFO - Permission granted for role: ADMIN
2025-01-17 13:03:01,965 - api.v1.auth.service - INFO - a5f8a315-4058-4650-9687-b10871bf667d
2025-01-17 13:03:02,139 - api.v1.auth.service - INFO - User found: <User(name='Ojogu Nkang', role='<Role(name='RoleEnum.ADMIN')>')>
2025-01-17 13:09:42,979 - api.v1.auth.service - INFO - Checking role permission for user
2025-01-17 13:09:42,985 - api.v1.auth.service - INFO - Normalized required roles: ['SUPERADMIN', 'ADMIN']
2025-01-17 13:09:42,991 - api.v1.auth.service - INFO - a5f8a315-4058-4650-9687-b10871bf667d
2025-01-17 13:09:43,199 - api.v1.auth.service - INFO - Checking role permission for user
2025-01-17 13:09:43,202 - api.v1.auth.service - INFO - Normalized required roles: ['SUPERADMIN', 'ADMIN']
2025-01-17 13:09:43,204 - api.v1.auth.service - INFO - a5f8a315-4058-4650-9687-b10871bf667d
2025-01-17 13:09:43,300 - api.v1.auth.service - INFO - Checking role permission for user
2025-01-17 13:09:43,303 - api.v1.auth.service - INFO - Normalized required roles: ['SUPERADMIN', 'ADMIN']
2025-01-17 13:09:43,306 - api.v1.auth.service - INFO - a5f8a315-4058-4650-9687-b10871bf667d
2025-01-17 13:09:43,382 - api.v1.auth.service - INFO - User found: None
2025-01-17 13:09:43,385 - api.v1.auth.service - ERROR - User not found
2025-01-17 13:09:43,388 - api.v1.auth.service - INFO - a5f8a315-4058-4650-9687-b10871bf667d
2025-01-17 13:09:43,541 - api.v1.auth.service - INFO - User found: None
2025-01-17 13:09:43,544 - api.v1.auth.service - ERROR - User not found
2025-01-17 13:09:43,547 - api.v1.auth.service - INFO - a5f8a315-4058-4650-9687-b10871bf667d
2025-01-17 13:09:43,646 - api.v1.auth.service - INFO - User found: None
2025-01-17 13:09:43,649 - api.v1.auth.service - ERROR - User not found
2025-01-17 13:09:43,655 - api.v1.auth.service - INFO - a5f8a315-4058-4650-9687-b10871bf667d
2025-01-17 13:09:43,747 - api.v1.auth.service - INFO - User found: <User(name='Ojogu Nkang', role='<Role(name='RoleEnum.ADMIN')>')>
2025-01-17 13:09:43,751 - api.v1.auth.service - INFO - Parsed user role: ADMIN
2025-01-17 13:09:43,754 - api.v1.auth.service - INFO - Permission granted for role: ADMIN
2025-01-17 13:09:43,759 - api.v1.auth.service - INFO - a5f8a315-4058-4650-9687-b10871bf667d
2025-01-17 13:09:43,892 - api.v1.auth.service - INFO - User found: <User(name='Ojogu Nkang', role='<Role(name='RoleEnum.ADMIN')>')>
2025-01-17 13:09:43,895 - api.v1.auth.service - INFO - Parsed user role: ADMIN
2025-01-17 13:09:43,897 - api.v1.auth.service - INFO - Permission granted for role: ADMIN
2025-01-17 13:09:43,903 - api.v1.auth.service - INFO - a5f8a315-4058-4650-9687-b10871bf667d
2025-01-17 13:09:43,941 - api.v1.auth.service - INFO - User found: <User(name='Ojogu Nkang', role='<Role(name='RoleEnum.ADMIN')>')>
2025-01-17 13:09:44,033 - api.v1.auth.service - INFO - User found: <User(name='Ojogu Nkang', role='<Role(name='RoleEnum.ADMIN')>')>
2025-01-17 13:09:44,036 - api.v1.auth.service - INFO - Parsed user role: ADMIN
2025-01-17 13:09:44,039 - api.v1.auth.service - INFO - Permission granted for role: ADMIN
2025-01-17 13:09:44,043 - api.v1.auth.service - INFO - a5f8a315-4058-4650-9687-b10871bf667d
2025-01-17 13:09:44,087 - api.v1.auth.service - INFO - User found: <User(name='Ojogu Nkang', role='<Role(name='RoleEnum.ADMIN')>')>
2025-01-17 13:09:44,109 - api.v1.auth.service - INFO - Checking role permission for user
2025-01-17 13:09:44,111 - api.v1.auth.service - INFO - Normalized required roles: ['SUPERADMIN', 'ADMIN', 'BURSAR', 'SUBADMIN', 'STUDENT']
2025-01-17 13:09:44,114 - api.v1.auth.service - INFO - a5f8a315-4058-4650-9687-b10871bf667d
2025-01-17 13:09:44,238 - api.v1.auth.service - INFO - User found: <User(name='Ojogu Nkang', role='<Role(name='RoleEnum.ADMIN')>')>
2025-01-17 13:09:44,493 - api.v1.auth.service - INFO - User found: None
2025-01-17 13:09:44,496 - api.v1.auth.service - ERROR - User not found
2025-01-17 13:09:44,499 - api.v1.auth.service - INFO - a5f8a315-4058-4650-9687-b10871bf667d
2025-01-17 13:09:44,855 - api.v1.auth.service - INFO - User found: <User(name='Ojogu Nkang', role='<Role(name='RoleEnum.ADMIN')>')>
2025-01-17 13:09:44,858 - api.v1.auth.service - INFO - Parsed user role: ADMIN
2025-01-17 13:09:44,860 - api.v1.auth.service - INFO - Permission granted for role: ADMIN
2025-01-17 13:09:44,866 - api.v1.auth.service - INFO - a5f8a315-4058-4650-9687-b10871bf667d
2025-01-17 13:09:45,051 - api.v1.auth.service - INFO - User found: <User(name='Ojogu Nkang', role='<Role(name='RoleEnum.ADMIN')>')>
2025-01-17 13:09:51,766 - api.v1.auth.service - INFO - Checking role permission for user
2025-01-17 13:09:51,781 - api.v1.auth.service - INFO - Normalized required roles: ['SUPERADMIN', 'ADMIN']
2025-01-17 13:09:51,787 - api.v1.auth.service - INFO - a5f8a315-4058-4650-9687-b10871bf667d
2025-01-17 13:09:52,163 - api.v1.auth.service - INFO - User found: None
2025-01-17 13:09:52,171 - api.v1.auth.service - ERROR - User not found
2025-01-17 13:09:52,176 - api.v1.auth.service - INFO - a5f8a315-4058-4650-9687-b10871bf667d
2025-01-17 13:09:52,526 - api.v1.auth.service - INFO - User found: <User(name='Ojogu Nkang', role='<Role(name='RoleEnum.ADMIN')>')>
2025-01-17 13:09:52,533 - api.v1.auth.service - INFO - Parsed user role: ADMIN
2025-01-17 13:09:52,544 - api.v1.auth.service - INFO - Permission granted for role: ADMIN
2025-01-17 13:09:52,553 - api.v1.auth.service - INFO - a5f8a315-4058-4650-9687-b10871bf667d
2025-01-17 13:09:52,739 - api.v1.auth.service - INFO - User found: <User(name='Ojogu Nkang', role='<Role(name='RoleEnum.ADMIN')>')>
2025-01-17 13:09:54,866 - api.v1.auth.service - INFO - Checking role permission for user
2025-01-17 13:09:54,871 - api.v1.auth.service - INFO - Normalized required roles: ['ADMIN', 'SUBADMIN']
2025-01-17 13:09:54,878 - api.v1.auth.service - INFO - a5f8a315-4058-4650-9687-b10871bf667d
2025-01-17 13:09:55,383 - api.v1.auth.service - INFO - User found: <User(name='Ojogu Nkang', role='<Role(name='RoleEnum.ADMIN')>')>
2025-01-17 13:09:55,391 - api.v1.auth.service - INFO - Parsed user role: ADMIN
2025-01-17 13:09:55,396 - api.v1.auth.service - INFO - Permission granted for role: ADMIN
2025-01-17 13:09:55,405 - api.v1.auth.service - INFO - a5f8a315-4058-4650-9687-b10871bf667d
2025-01-17 13:09:55,582 - api.v1.auth.service - INFO - User found: <User(name='Ojogu Nkang', role='<Role(name='RoleEnum.ADMIN')>')>
2025-01-17 13:10:36,952 - api.v1.auth.service - INFO - Checking role permission for user
2025-01-17 13:10:36,956 - api.v1.auth.service - INFO - Normalized required roles: ['ADMIN', 'SUBADMIN']
2025-01-17 13:10:36,960 - api.v1.auth.service - INFO - a5f8a315-4058-4650-9687-b10871bf667d
2025-01-17 13:10:37,482 - api.v1.auth.service - INFO - User found: <User(name='Ojogu Nkang', role='<Role(name='RoleEnum.ADMIN')>')>
2025-01-17 13:10:37,487 - api.v1.auth.service - INFO - Parsed user role: ADMIN
2025-01-17 13:10:37,490 - api.v1.auth.service - INFO - Permission granted for role: ADMIN
2025-01-17 13:10:37,498 - api.v1.auth.service - INFO - a5f8a315-4058-4650-9687-b10871bf667d
2025-01-17 13:10:37,674 - api.v1.auth.service - INFO - User found: <User(name='Ojogu Nkang', role='<Role(name='RoleEnum.ADMIN')>')>
2025-01-17 13:11:00,982 - api.v1.auth.service - INFO - Checking role permission for user
2025-01-17 13:11:00,989 - api.v1.auth.service - INFO - Normalized required roles: ['SUPERADMIN', 'ADMIN']
2025-01-17 13:11:01,002 - api.v1.auth.service - INFO - a5f8a315-4058-4650-9687-b10871bf667d
2025-01-17 13:11:01,156 - api.v1.auth.service - INFO - Checking role permission for user
2025-01-17 13:11:01,158 - api.v1.auth.service - INFO - Normalized required roles: ['SUPERADMIN', 'ADMIN']
2025-01-17 13:11:01,161 - api.v1.auth.service - INFO - a5f8a315-4058-4650-9687-b10871bf667d
2025-01-17 13:11:01,327 - api.v1.auth.service - INFO - Checking role permission for user
2025-01-17 13:11:01,330 - api.v1.auth.service - INFO - Normalized required roles: ['SUPERADMIN', 'ADMIN']
2025-01-17 13:11:01,333 - api.v1.auth.service - INFO - a5f8a315-4058-4650-9687-b10871bf667d
2025-01-17 13:11:01,356 - api.v1.auth.service - INFO - User found: None
2025-01-17 13:11:01,360 - api.v1.auth.service - ERROR - User not found
2025-01-17 13:11:01,362 - api.v1.auth.service - INFO - a5f8a315-4058-4650-9687-b10871bf667d
2025-01-17 13:11:01,518 - api.v1.auth.service - INFO - User found: None
2025-01-17 13:11:01,526 - api.v1.auth.service - INFO - Checking role permission for user
2025-01-17 13:11:01,549 - api.v1.auth.service - ERROR - User not found
2025-01-17 13:11:01,550 - api.v1.auth.service - INFO - Normalized required roles: ['SUPERADMIN', 'ADMIN', 'BURSAR', 'SUBADMIN', 'STUDENT']
2025-01-17 13:11:01,556 - api.v1.auth.service - INFO - a5f8a315-4058-4650-9687-b10871bf667d
2025-01-17 13:11:01,561 - api.v1.auth.service - INFO - a5f8a315-4058-4650-9687-b10871bf667d
2025-01-17 13:11:01,693 - api.v1.auth.service - INFO - User found: None
2025-01-17 13:11:01,693 - api.v1.auth.service - INFO - User found: <User(name='Ojogu Nkang', role='<Role(name='RoleEnum.ADMIN')>')>
2025-01-17 13:11:01,697 - api.v1.auth.service - ERROR - User not found
2025-01-17 13:11:01,698 - api.v1.auth.service - INFO - Parsed user role: ADMIN
2025-01-17 13:11:01,701 - api.v1.auth.service - INFO - a5f8a315-4058-4650-9687-b10871bf667d
2025-01-17 13:11:01,703 - api.v1.auth.service - INFO - Permission granted for role: ADMIN
2025-01-17 13:11:01,715 - api.v1.auth.service - INFO - a5f8a315-4058-4650-9687-b10871bf667d
2025-01-17 13:11:01,882 - api.v1.auth.service - INFO - User found: <User(name='Ojogu Nkang', role='<Role(name='RoleEnum.ADMIN')>')>
2025-01-17 13:11:01,989 - api.v1.auth.service - INFO - User found: None
2025-01-17 13:11:01,991 - api.v1.auth.service - INFO - User found: <User(name='Ojogu Nkang', role='<Role(name='RoleEnum.ADMIN')>')>
2025-01-17 13:11:01,998 - api.v1.auth.service - ERROR - User not found
2025-01-17 13:11:02,003 - api.v1.auth.service - INFO - Parsed user role: ADMIN
2025-01-17 13:11:02,005 - api.v1.auth.service - INFO - a5f8a315-4058-4650-9687-b10871bf667d
2025-01-17 13:11:02,012 - api.v1.auth.service - INFO - Permission granted for role: ADMIN
2025-01-17 13:11:02,028 - api.v1.auth.service - INFO - a5f8a315-4058-4650-9687-b10871bf667d
2025-01-17 13:11:02,056 - api.v1.auth.service - INFO - User found: <User(name='Ojogu Nkang', role='<Role(name='RoleEnum.ADMIN')>')>
2025-01-17 13:11:02,061 - api.v1.auth.service - INFO - Parsed user role: ADMIN
2025-01-17 13:11:02,064 - api.v1.auth.service - INFO - Permission granted for role: ADMIN
2025-01-17 13:11:02,072 - api.v1.auth.service - INFO - a5f8a315-4058-4650-9687-b10871bf667d
2025-01-17 13:11:02,219 - api.v1.auth.service - INFO - User found: <User(name='Ojogu Nkang', role='<Role(name='RoleEnum.ADMIN')>')>
2025-01-17 13:11:02,237 - api.v1.auth.service - INFO - User found: <User(name='Ojogu Nkang', role='<Role(name='RoleEnum.ADMIN')>')>
2025-01-17 13:11:02,360 - api.v1.auth.service - INFO - User found: <User(name='Ojogu Nkang', role='<Role(name='RoleEnum.ADMIN')>')>
2025-01-17 13:11:02,364 - api.v1.auth.service - INFO - Parsed user role: ADMIN
2025-01-17 13:11:02,367 - api.v1.auth.service - INFO - Permission granted for role: ADMIN
2025-01-17 13:11:02,374 - api.v1.auth.service - INFO - a5f8a315-4058-4650-9687-b10871bf667d
2025-01-17 13:11:02,552 - api.v1.auth.service - INFO - User found: <User(name='Ojogu Nkang', role='<Role(name='RoleEnum.ADMIN')>')>
2025-01-17 13:11:03,224 - api.v1.auth.service - INFO - Checking role permission for user
2025-01-17 13:11:03,231 - api.v1.auth.service - INFO - Normalized required roles: ['SUPERADMIN', 'ADMIN']
2025-01-17 13:11:03,240 - api.v1.auth.service - INFO - a5f8a315-4058-4650-9687-b10871bf667d
2025-01-17 13:11:03,581 - api.v1.auth.service - INFO - User found: None
2025-01-17 13:11:03,584 - api.v1.auth.service - ERROR - User not found
2025-01-17 13:11:03,588 - api.v1.auth.service - INFO - a5f8a315-4058-4650-9687-b10871bf667d
2025-01-17 13:11:03,933 - api.v1.auth.service - INFO - User found: <User(name='Ojogu Nkang', role='<Role(name='RoleEnum.ADMIN')>')>
2025-01-17 13:11:03,936 - api.v1.auth.service - INFO - Parsed user role: ADMIN
2025-01-17 13:11:03,939 - api.v1.auth.service - INFO - Permission granted for role: ADMIN
2025-01-17 13:11:03,944 - api.v1.auth.service - INFO - a5f8a315-4058-4650-9687-b10871bf667d
2025-01-17 13:11:04,133 - api.v1.auth.service - INFO - User found: <User(name='Ojogu Nkang', role='<Role(name='RoleEnum.ADMIN')>')>
2025-01-17 13:11:06,032 - api.v1.auth.service - INFO - Checking role permission for user
2025-01-17 13:11:06,035 - api.v1.auth.service - INFO - Normalized required roles: ['ADMIN', 'SUBADMIN']
2025-01-17 13:11:06,040 - api.v1.auth.service - INFO - a5f8a315-4058-4650-9687-b10871bf667d
2025-01-17 13:11:06,573 - api.v1.auth.service - INFO - User found: <User(name='Ojogu Nkang', role='<Role(name='RoleEnum.ADMIN')>')>
2025-01-17 13:11:06,594 - api.v1.auth.service - INFO - Parsed user role: ADMIN
2025-01-17 13:11:06,597 - api.v1.auth.service - INFO - Permission granted for role: ADMIN
2025-01-17 13:11:06,605 - api.v1.auth.service - INFO - a5f8a315-4058-4650-9687-b10871bf667d
2025-01-17 13:11:06,786 - api.v1.auth.service - INFO - User found: <User(name='Ojogu Nkang', role='<Role(name='RoleEnum.ADMIN')>')>
2025-01-17 13:11:19,872 - api.v1.auth.service - INFO - Checking role permission for user
2025-01-17 13:11:19,876 - api.v1.auth.service - INFO - Normalized required roles: ['ADMIN', 'SUBADMIN']
2025-01-17 13:11:19,878 - api.v1.auth.service - INFO - a5f8a315-4058-4650-9687-b10871bf667d
2025-01-17 13:11:20,443 - api.v1.auth.service - INFO - User found: <User(name='Ojogu Nkang', role='<Role(name='RoleEnum.ADMIN')>')>
2025-01-17 13:11:20,449 - api.v1.auth.service - INFO - Parsed user role: ADMIN
2025-01-17 13:11:20,456 - api.v1.auth.service - INFO - Permission granted for role: ADMIN
2025-01-17 13:11:20,470 - api.v1.auth.service - INFO - a5f8a315-4058-4650-9687-b10871bf667d
2025-01-17 13:11:20,655 - api.v1.auth.service - INFO - User found: <User(name='Ojogu Nkang', role='<Role(name='RoleEnum.ADMIN')>')>
2025-01-17 13:11:40,869 - api.v1.auth.service - INFO - Checking role permission for user
2025-01-17 13:11:40,876 - api.v1.auth.service - INFO - Normalized required roles: ['SUPERADMIN', 'ADMIN']
2025-01-17 13:11:40,882 - api.v1.auth.service - INFO - a5f8a315-4058-4650-9687-b10871bf667d
2025-01-17 13:11:41,046 - api.v1.auth.service - INFO - Checking role permission for user
2025-01-17 13:11:41,060 - api.v1.auth.service - INFO - Normalized required roles: ['SUPERADMIN', 'ADMIN']
2025-01-17 13:11:41,064 - api.v1.auth.service - INFO - a5f8a315-4058-4650-9687-b10871bf667d
2025-01-17 13:11:41,200 - api.v1.auth.service - INFO - Checking role permission for user
2025-01-17 13:11:41,207 - api.v1.auth.service - INFO - Normalized required roles: ['SUPERADMIN', 'ADMIN', 'BURSAR', 'SUBADMIN', 'STUDENT']
2025-01-17 13:11:41,210 - api.v1.auth.service - INFO - a5f8a315-4058-4650-9687-b10871bf667d
2025-01-17 13:11:41,240 - api.v1.auth.service - INFO - User found: None
2025-01-17 13:11:41,243 - api.v1.auth.service - ERROR - User not found
2025-01-17 13:11:41,247 - api.v1.auth.service - INFO - a5f8a315-4058-4650-9687-b10871bf667d
2025-01-17 13:11:41,424 - api.v1.auth.service - INFO - User found: None
2025-01-17 13:11:41,428 - api.v1.auth.service - ERROR - User not found
2025-01-17 13:11:41,432 - api.v1.auth.service - INFO - a5f8a315-4058-4650-9687-b10871bf667d
2025-01-17 13:11:41,571 - api.v1.auth.service - INFO - User found: None
2025-01-17 13:11:41,577 - api.v1.auth.service - ERROR - User not found
2025-01-17 13:11:41,583 - api.v1.auth.service - INFO - a5f8a315-4058-4650-9687-b10871bf667d
2025-01-17 13:11:41,614 - api.v1.auth.service - INFO - User found: <User(name='Ojogu Nkang', role='<Role(name='RoleEnum.ADMIN')>')>
2025-01-17 13:11:41,627 - api.v1.auth.service - INFO - Parsed user role: ADMIN
2025-01-17 13:11:41,634 - api.v1.auth.service - INFO - Permission granted for role: ADMIN
2025-01-17 13:11:41,642 - api.v1.auth.service - INFO - a5f8a315-4058-4650-9687-b10871bf667d
2025-01-17 13:11:41,805 - api.v1.auth.service - INFO - User found: <User(name='Ojogu Nkang', role='<Role(name='RoleEnum.ADMIN')>')>
2025-01-17 13:11:41,810 - api.v1.auth.service - INFO - Parsed user role: ADMIN
2025-01-17 13:11:41,813 - api.v1.auth.service - INFO - Permission granted for role: ADMIN
2025-01-17 13:11:41,825 - api.v1.auth.service - INFO - a5f8a315-4058-4650-9687-b10871bf667d
2025-01-17 13:11:41,831 - api.v1.auth.service - INFO - User found: <User(name='Ojogu Nkang', role='<Role(name='RoleEnum.ADMIN')>')>
2025-01-17 13:11:41,979 - api.v1.auth.service - INFO - User found: <User(name='Ojogu Nkang', role='<Role(name='RoleEnum.ADMIN')>')>
2025-01-17 13:11:41,982 - api.v1.auth.service - INFO - Parsed user role: ADMIN
2025-01-17 13:11:41,985 - api.v1.auth.service - INFO - Permission granted for role: ADMIN
2025-01-17 13:11:41,992 - api.v1.auth.service - INFO - a5f8a315-4058-4650-9687-b10871bf667d
2025-01-17 13:11:42,019 - api.v1.auth.service - INFO - User found: <User(name='Ojogu Nkang', role='<Role(name='RoleEnum.ADMIN')>')>
2025-01-17 13:11:42,188 - api.v1.auth.service - INFO - User found: <User(name='Ojogu Nkang', role='<Role(name='RoleEnum.ADMIN')>')>
2025-01-17 13:11:45,223 - api.v1.auth.service - INFO - Checking role permission for user
2025-01-17 13:11:45,229 - api.v1.auth.service - INFO - Normalized required roles: ['SUPERADMIN', 'ADMIN']
2025-01-17 13:11:45,234 - api.v1.auth.service - INFO - a5f8a315-4058-4650-9687-b10871bf667d
2025-01-17 13:11:45,255 - api.v1.auth.service - INFO - Checking role permission for user
2025-01-17 13:11:45,261 - api.v1.auth.service - INFO - Normalized required roles: ['SUPERADMIN', 'ADMIN']
2025-01-17 13:11:45,266 - api.v1.auth.service - INFO - a5f8a315-4058-4650-9687-b10871bf667d
2025-01-17 13:11:45,384 - api.v1.auth.service - INFO - Checking role permission for user
2025-01-17 13:11:45,388 - api.v1.auth.service - INFO - Normalized required roles: ['SUPERADMIN', 'ADMIN', 'BURSAR', 'SUBADMIN', 'STUDENT']
2025-01-17 13:11:45,392 - api.v1.auth.service - INFO - a5f8a315-4058-4650-9687-b10871bf667d
2025-01-17 13:11:45,647 - api.v1.auth.service - INFO - User found: None
2025-01-17 13:11:45,650 - api.v1.auth.service - ERROR - User not found
2025-01-17 13:11:45,654 - api.v1.auth.service - INFO - User found: None
2025-01-17 13:11:45,654 - api.v1.auth.service - INFO - a5f8a315-4058-4650-9687-b10871bf667d
2025-01-17 13:11:45,659 - api.v1.auth.service - ERROR - User not found
2025-01-17 13:11:45,665 - api.v1.auth.service - INFO - a5f8a315-4058-4650-9687-b10871bf667d
2025-01-17 13:11:45,800 - api.v1.auth.service - INFO - User found: None
2025-01-17 13:11:45,803 - api.v1.auth.service - ERROR - User not found
2025-01-17 13:11:45,806 - api.v1.auth.service - INFO - a5f8a315-4058-4650-9687-b10871bf667d
2025-01-17 13:11:46,043 - api.v1.auth.service - INFO - User found: <User(name='Ojogu Nkang', role='<Role(name='RoleEnum.ADMIN')>')>
2025-01-17 13:11:46,047 - api.v1.auth.service - INFO - Parsed user role: ADMIN
2025-01-17 13:11:46,049 - api.v1.auth.service - INFO - Permission granted for role: ADMIN
2025-01-17 13:11:46,050 - api.v1.auth.service - INFO - User found: <User(name='Ojogu Nkang', role='<Role(name='RoleEnum.ADMIN')>')>
2025-01-17 13:11:46,056 - api.v1.auth.service - INFO - Parsed user role: ADMIN
2025-01-17 13:11:46,059 - api.v1.auth.service - INFO - a5f8a315-4058-4650-9687-b10871bf667d
2025-01-17 13:11:46,061 - api.v1.auth.service - INFO - Permission granted for role: ADMIN
2025-01-17 13:11:46,069 - api.v1.auth.service - INFO - a5f8a315-4058-4650-9687-b10871bf667d
2025-01-17 13:11:46,177 - api.v1.auth.service - INFO - User found: <User(name='Ojogu Nkang', role='<Role(name='RoleEnum.ADMIN')>')>
2025-01-17 13:11:46,181 - api.v1.auth.service - INFO - Parsed user role: ADMIN
2025-01-17 13:11:46,185 - api.v1.auth.service - INFO - Permission granted for role: ADMIN
2025-01-17 13:11:46,193 - api.v1.auth.service - INFO - a5f8a315-4058-4650-9687-b10871bf667d
2025-01-17 13:11:46,258 - api.v1.auth.service - INFO - User found: <User(name='Ojogu Nkang', role='<Role(name='RoleEnum.ADMIN')>')>
2025-01-17 13:11:46,262 - api.v1.auth.service - INFO - User found: <User(name='Ojogu Nkang', role='<Role(name='RoleEnum.ADMIN')>')>
2025-01-17 13:11:46,373 - api.v1.auth.service - INFO - User found: <User(name='Ojogu Nkang', role='<Role(name='RoleEnum.ADMIN')>')>
2025-01-17 13:11:47,326 - api.v1.auth.service - INFO - Checking role permission for user
2025-01-17 13:11:47,330 - api.v1.auth.service - INFO - Normalized required roles: ['SUPERADMIN', 'ADMIN']
2025-01-17 13:11:47,334 - api.v1.auth.service - INFO - a5f8a315-4058-4650-9687-b10871bf667d
2025-01-17 13:11:47,690 - api.v1.auth.service - INFO - User found: None
2025-01-17 13:11:47,696 - api.v1.auth.service - ERROR - User not found
2025-01-17 13:11:47,701 - api.v1.auth.service - INFO - a5f8a315-4058-4650-9687-b10871bf667d
2025-01-17 13:11:48,057 - api.v1.auth.service - INFO - User found: <User(name='Ojogu Nkang', role='<Role(name='RoleEnum.ADMIN')>')>
2025-01-17 13:11:48,061 - api.v1.auth.service - INFO - Parsed user role: ADMIN
2025-01-17 13:11:48,065 - api.v1.auth.service - INFO - Permission granted for role: ADMIN
2025-01-17 13:11:48,072 - api.v1.auth.service - INFO - a5f8a315-4058-4650-9687-b10871bf667d
2025-01-17 13:11:48,256 - api.v1.auth.service - INFO - User found: <User(name='Ojogu Nkang', role='<Role(name='RoleEnum.ADMIN')>')>
2025-01-17 13:12:02,733 - api.v1.auth.service - INFO - Checking role permission for user
2025-01-17 13:12:02,738 - api.v1.auth.service - INFO - Normalized required roles: ['SUPERADMIN', 'ADMIN']
2025-01-17 13:12:02,745 - api.v1.auth.service - INFO - a5f8a315-4058-4650-9687-b10871bf667d
2025-01-17 13:12:03,098 - api.v1.auth.service - INFO - User found: None
2025-01-17 13:12:03,101 - api.v1.auth.service - ERROR - User not found
2025-01-17 13:12:03,105 - api.v1.auth.service - INFO - a5f8a315-4058-4650-9687-b10871bf667d
2025-01-17 13:12:03,437 - api.v1.auth.service - INFO - User found: <User(name='Ojogu Nkang', role='<Role(name='RoleEnum.ADMIN')>')>
2025-01-17 13:12:03,442 - api.v1.auth.service - INFO - Parsed user role: ADMIN
2025-01-17 13:12:03,446 - api.v1.auth.service - INFO - Permission granted for role: ADMIN
2025-01-17 13:12:03,453 - api.v1.auth.service - INFO - a5f8a315-4058-4650-9687-b10871bf667d
2025-01-17 13:12:03,639 - api.v1.auth.service - INFO - User found: <User(name='Ojogu Nkang', role='<Role(name='RoleEnum.ADMIN')>')>
2025-01-17 13:12:06,843 - api.v1.auth.service - INFO - Checking role permission for user
2025-01-17 13:12:06,848 - api.v1.auth.service - INFO - Normalized required roles: ['ADMIN', 'SUBADMIN']
2025-01-17 13:12:06,852 - api.v1.auth.service - INFO - a5f8a315-4058-4650-9687-b10871bf667d
2025-01-17 13:12:07,395 - api.v1.auth.service - INFO - User found: <User(name='Ojogu Nkang', role='<Role(name='RoleEnum.ADMIN')>')>
2025-01-17 13:12:07,399 - api.v1.auth.service - INFO - Parsed user role: ADMIN
2025-01-17 13:12:07,403 - api.v1.auth.service - INFO - Permission granted for role: ADMIN
2025-01-17 13:12:07,412 - api.v1.auth.service - INFO - a5f8a315-4058-4650-9687-b10871bf667d
2025-01-17 13:12:07,589 - api.v1.auth.service - INFO - User found: <User(name='Ojogu Nkang', role='<Role(name='RoleEnum.ADMIN')>')>
2025-01-17 13:12:19,817 - api.v1.auth.service - INFO - Checking role permission for user
2025-01-17 13:12:19,825 - api.v1.auth.service - INFO - Normalized required roles: ['ADMIN', 'SUBADMIN']
2025-01-17 13:12:19,832 - api.v1.auth.service - INFO - a5f8a315-4058-4650-9687-b10871bf667d
2025-01-17 13:12:20,404 - api.v1.auth.service - INFO - User found: <User(name='Ojogu Nkang', role='<Role(name='RoleEnum.ADMIN')>')>
2025-01-17 13:12:20,407 - api.v1.auth.service - INFO - Parsed user role: ADMIN
2025-01-17 13:12:20,411 - api.v1.auth.service - INFO - Permission granted for role: ADMIN
2025-01-17 13:12:20,416 - api.v1.auth.service - INFO - a5f8a315-4058-4650-9687-b10871bf667d
2025-01-17 13:12:20,592 - api.v1.auth.service - INFO - User found: <User(name='Ojogu Nkang', role='<Role(name='RoleEnum.ADMIN')>')>
2025-01-17 13:13:23,551 - api.v1.auth.service - INFO - Checking role permission for user
2025-01-17 13:13:23,555 - api.v1.auth.service - INFO - Normalized required roles: ['SUPERADMIN', 'ADMIN']
2025-01-17 13:13:23,558 - api.v1.auth.service - INFO - a5f8a315-4058-4650-9687-b10871bf667d
2025-01-17 13:13:23,884 - api.v1.auth.service - INFO - User found: None
2025-01-17 13:13:23,886 - api.v1.auth.service - ERROR - User not found
2025-01-17 13:13:23,889 - api.v1.auth.service - INFO - a5f8a315-4058-4650-9687-b10871bf667d
2025-01-17 13:13:24,156 - api.v1.auth.service - INFO - Checking role permission for user
2025-01-17 13:13:24,165 - api.v1.auth.service - INFO - Normalized required roles: ['SUPERADMIN', 'ADMIN', 'BURSAR', 'SUBADMIN', 'STUDENT']
2025-01-17 13:13:24,168 - api.v1.auth.service - INFO - a5f8a315-4058-4650-9687-b10871bf667d
2025-01-17 13:13:24,245 - api.v1.auth.service - INFO - User found: <User(name='Ojogu Nkang', role='<Role(name='RoleEnum.ADMIN')>')>
2025-01-17 13:13:24,248 - api.v1.auth.service - INFO - Parsed user role: ADMIN
2025-01-17 13:13:24,250 - api.v1.auth.service - INFO - Permission granted for role: ADMIN
2025-01-17 13:13:24,255 - api.v1.auth.service - INFO - a5f8a315-4058-4650-9687-b10871bf667d
2025-01-17 13:13:24,430 - api.v1.auth.service - INFO - User found: <User(name='Ojogu Nkang', role='<Role(name='RoleEnum.ADMIN')>')>
2025-01-17 13:13:24,492 - api.v1.auth.service - INFO - User found: None
2025-01-17 13:13:24,496 - api.v1.auth.service - ERROR - User not found
2025-01-17 13:13:24,499 - api.v1.auth.service - INFO - a5f8a315-4058-4650-9687-b10871bf667d
2025-01-17 13:13:24,658 - api.v1.auth.service - INFO - Checking role permission for user
2025-01-17 13:13:24,662 - api.v1.auth.service - INFO - Normalized required roles: ['SUPERADMIN', 'ADMIN']
2025-01-17 13:13:24,668 - api.v1.auth.service - INFO - a5f8a315-4058-4650-9687-b10871bf667d
2025-01-17 13:13:24,939 - api.v1.auth.service - INFO - Checking role permission for user
2025-01-17 13:13:24,943 - api.v1.auth.service - INFO - Normalized required roles: ['SUPERADMIN', 'ADMIN']
2025-01-17 13:13:24,947 - api.v1.auth.service - INFO - a5f8a315-4058-4650-9687-b10871bf667d
2025-01-17 13:13:25,031 - api.v1.auth.service - INFO - User found: <User(name='Ojogu Nkang', role='<Role(name='RoleEnum.ADMIN')>')>
2025-01-17 13:13:25,035 - api.v1.auth.service - INFO - Parsed user role: ADMIN
2025-01-17 13:13:25,037 - api.v1.auth.service - INFO - Permission granted for role: ADMIN
2025-01-17 13:13:25,044 - api.v1.auth.service - INFO - a5f8a315-4058-4650-9687-b10871bf667d
2025-01-17 13:13:25,215 - api.v1.auth.service - INFO - User found: None
2025-01-17 13:13:25,215 - api.v1.auth.service - INFO - User found: <User(name='Ojogu Nkang', role='<Role(name='RoleEnum.ADMIN')>')>
2025-01-17 13:13:25,219 - api.v1.auth.service - ERROR - User not found
2025-01-17 13:13:25,227 - api.v1.auth.service - INFO - a5f8a315-4058-4650-9687-b10871bf667d
2025-01-17 13:13:25,554 - api.v1.auth.service - INFO - User found: None
2025-01-17 13:13:25,587 - api.v1.auth.service - ERROR - User not found
2025-01-17 13:13:25,591 - api.v1.auth.service - INFO - a5f8a315-4058-4650-9687-b10871bf667d
2025-01-17 13:13:25,713 - api.v1.auth.service - INFO - User found: <User(name='Ojogu Nkang', role='<Role(name='RoleEnum.ADMIN')>')>
2025-01-17 13:13:25,832 - api.v1.auth.service - INFO - Parsed user role: ADMIN
2025-01-17 13:13:25,835 - api.v1.auth.service - INFO - Permission granted for role: ADMIN
2025-01-17 13:13:25,868 - api.v1.auth.service - INFO - a5f8a315-4058-4650-9687-b10871bf667d
2025-01-17 13:13:26,343 - api.v1.auth.service - INFO - User found: <User(name='Ojogu Nkang', role='<Role(name='RoleEnum.ADMIN')>')>
2025-01-17 13:13:26,370 - api.v1.auth.service - INFO - User found: <User(name='Ojogu Nkang', role='<Role(name='RoleEnum.ADMIN')>')>
2025-01-17 13:13:26,374 - api.v1.auth.service - INFO - Parsed user role: ADMIN
2025-01-17 13:13:26,377 - api.v1.auth.service - INFO - Permission granted for role: ADMIN
2025-01-17 13:13:26,382 - api.v1.auth.service - INFO - a5f8a315-4058-4650-9687-b10871bf667d
2025-01-17 13:13:26,515 - api.v1.auth.service - INFO - Checking role permission for user
2025-01-17 13:13:26,519 - api.v1.auth.service - INFO - Normalized required roles: ['SUPERADMIN', 'ADMIN']
2025-01-17 13:13:26,523 - api.v1.auth.service - INFO - a5f8a315-4058-4650-9687-b10871bf667d
2025-01-17 13:13:26,606 - api.v1.auth.service - INFO - User found: <User(name='Ojogu Nkang', role='<Role(name='RoleEnum.ADMIN')>')>
2025-01-17 13:13:26,890 - api.v1.auth.service - INFO - User found: None
2025-01-17 13:13:26,895 - api.v1.auth.service - ERROR - User not found
2025-01-17 13:13:26,898 - api.v1.auth.service - INFO - a5f8a315-4058-4650-9687-b10871bf667d
2025-01-17 13:13:27,482 - api.v1.auth.service - INFO - User found: <User(name='Ojogu Nkang', role='<Role(name='RoleEnum.ADMIN')>')>
2025-01-17 13:13:27,486 - api.v1.auth.service - INFO - Parsed user role: ADMIN
2025-01-17 13:13:27,492 - api.v1.auth.service - INFO - Permission granted for role: ADMIN
2025-01-17 13:13:27,497 - api.v1.auth.service - INFO - a5f8a315-4058-4650-9687-b10871bf667d
2025-01-17 13:13:27,670 - api.v1.auth.service - INFO - User found: <User(name='Ojogu Nkang', role='<Role(name='RoleEnum.ADMIN')>')>
2025-01-17 13:13:32,133 - api.v1.auth.service - INFO - Checking role permission for user
2025-01-17 13:13:32,137 - api.v1.auth.service - INFO - Checking role permission for user
2025-01-17 13:13:32,145 - api.v1.auth.service - INFO - Checking role permission for user
2025-01-17 13:13:32,153 - api.v1.auth.service - INFO - Normalized required roles: ['SUPERADMIN', 'ADMIN']
2025-01-17 13:13:32,155 - api.v1.auth.service - INFO - Normalized required roles: ['SUPERADMIN', 'ADMIN']
2025-01-17 13:13:32,158 - api.v1.auth.service - INFO - Normalized required roles: ['SUPERADMIN', 'ADMIN']
2025-01-17 13:13:32,162 - api.v1.auth.service - INFO - a5f8a315-4058-4650-9687-b10871bf667d
2025-01-17 13:13:32,165 - api.v1.auth.service - INFO - a5f8a315-4058-4650-9687-b10871bf667d
2025-01-17 13:13:32,168 - api.v1.auth.service - INFO - a5f8a315-4058-4650-9687-b10871bf667d
2025-01-17 13:13:32,272 - api.v1.auth.service - INFO - Checking role permission for user
2025-01-17 13:13:32,278 - api.v1.auth.service - INFO - Normalized required roles: ['SUPERADMIN', 'ADMIN', 'BURSAR', 'SUBADMIN', 'STUDENT']
2025-01-17 13:13:32,281 - api.v1.auth.service - INFO - a5f8a315-4058-4650-9687-b10871bf667d
2025-01-17 13:13:32,511 - api.v1.auth.service - INFO - User found: None
2025-01-17 13:13:32,512 - api.v1.auth.service - INFO - User found: None
2025-01-17 13:13:32,515 - api.v1.auth.service - ERROR - User not found
2025-01-17 13:13:32,517 - api.v1.auth.service - ERROR - User not found
2025-01-17 13:13:32,518 - api.v1.auth.service - INFO - a5f8a315-4058-4650-9687-b10871bf667d
2025-01-17 13:13:32,520 - api.v1.auth.service - INFO - a5f8a315-4058-4650-9687-b10871bf667d
2025-01-17 13:13:32,525 - api.v1.auth.service - INFO - User found: None
2025-01-17 13:13:32,529 - api.v1.auth.service - ERROR - User not found
2025-01-17 13:13:32,532 - api.v1.auth.service - INFO - a5f8a315-4058-4650-9687-b10871bf667d
2025-01-17 13:13:32,651 - api.v1.auth.service - INFO - User found: None
2025-01-17 13:13:32,654 - api.v1.auth.service - ERROR - User not found
2025-01-17 13:13:32,657 - api.v1.auth.service - INFO - a5f8a315-4058-4650-9687-b10871bf667d
2025-01-17 13:13:32,850 - api.v1.auth.service - INFO - User found: <User(name='Ojogu Nkang', role='<Role(name='RoleEnum.ADMIN')>')>
2025-01-17 13:13:32,850 - api.v1.auth.service - INFO - User found: <User(name='Ojogu Nkang', role='<Role(name='RoleEnum.ADMIN')>')>
2025-01-17 13:13:32,853 - api.v1.auth.service - INFO - Parsed user role: ADMIN
2025-01-17 13:13:32,854 - api.v1.auth.service - INFO - Parsed user role: ADMIN
2025-01-17 13:13:32,857 - api.v1.auth.service - INFO - Permission granted for role: ADMIN
2025-01-17 13:13:32,858 - api.v1.auth.service - INFO - Permission granted for role: ADMIN
2025-01-17 13:13:32,864 - api.v1.auth.service - INFO - a5f8a315-4058-4650-9687-b10871bf667d
2025-01-17 13:13:32,865 - api.v1.auth.service - INFO - a5f8a315-4058-4650-9687-b10871bf667d
2025-01-17 13:13:32,874 - api.v1.auth.service - INFO - User found: <User(name='Ojogu Nkang', role='<Role(name='RoleEnum.ADMIN')>')>
2025-01-17 13:13:32,877 - api.v1.auth.service - INFO - Parsed user role: ADMIN
2025-01-17 13:13:32,880 - api.v1.auth.service - INFO - Permission granted for role: ADMIN
2025-01-17 13:13:32,886 - api.v1.auth.service - INFO - a5f8a315-4058-4650-9687-b10871bf667d
2025-01-17 13:13:33,011 - api.v1.auth.service - INFO - User found: <User(name='Ojogu Nkang', role='<Role(name='RoleEnum.ADMIN')>')>
2025-01-17 13:13:33,015 - api.v1.auth.service - INFO - Parsed user role: ADMIN
2025-01-17 13:13:33,017 - api.v1.auth.service - INFO - Permission granted for role: ADMIN
2025-01-17 13:13:33,023 - api.v1.auth.service - INFO - a5f8a315-4058-4650-9687-b10871bf667d
2025-01-17 13:13:33,040 - api.v1.auth.service - INFO - User found: <User(name='Ojogu Nkang', role='<Role(name='RoleEnum.ADMIN')>')>
2025-01-17 13:13:33,049 - api.v1.auth.service - INFO - User found: <User(name='Ojogu Nkang', role='<Role(name='RoleEnum.ADMIN')>')>
2025-01-17 13:13:33,062 - api.v1.auth.service - INFO - User found: <User(name='Ojogu Nkang', role='<Role(name='RoleEnum.ADMIN')>')>
2025-01-17 13:13:33,212 - api.v1.auth.service - INFO - User found: <User(name='Ojogu Nkang', role='<Role(name='RoleEnum.ADMIN')>')>
2025-01-17 13:13:35,746 - api.v1.auth.service - INFO - Checking role permission for user
2025-01-17 13:13:35,752 - api.v1.auth.service - INFO - Normalized required roles: ['SUPERADMIN', 'ADMIN']
2025-01-17 13:13:35,759 - api.v1.auth.service - INFO - a5f8a315-4058-4650-9687-b10871bf667d
2025-01-17 13:13:36,131 - api.v1.auth.service - INFO - User found: None
2025-01-17 13:13:36,137 - api.v1.auth.service - ERROR - User not found
2025-01-17 13:13:36,143 - api.v1.auth.service - INFO - a5f8a315-4058-4650-9687-b10871bf667d
2025-01-17 13:13:36,519 - api.v1.auth.service - INFO - User found: <User(name='Ojogu Nkang', role='<Role(name='RoleEnum.ADMIN')>')>
2025-01-17 13:13:36,523 - api.v1.auth.service - INFO - Parsed user role: ADMIN
2025-01-17 13:13:36,525 - api.v1.auth.service - INFO - Permission granted for role: ADMIN
2025-01-17 13:13:36,531 - api.v1.auth.service - INFO - a5f8a315-4058-4650-9687-b10871bf667d
2025-01-17 13:13:36,715 - api.v1.auth.service - INFO - User found: <User(name='Ojogu Nkang', role='<Role(name='RoleEnum.ADMIN')>')>
2025-01-17 13:13:40,234 - api.v1.auth.service - INFO - Checking role permission for user
2025-01-17 13:13:40,238 - api.v1.auth.service - INFO - Normalized required roles: ['ADMIN', 'SUBADMIN']
2025-01-17 13:13:40,241 - api.v1.auth.service - INFO - a5f8a315-4058-4650-9687-b10871bf667d
2025-01-17 13:13:40,790 - api.v1.auth.service - INFO - User found: <User(name='Ojogu Nkang', role='<Role(name='RoleEnum.ADMIN')>')>
2025-01-17 13:13:40,793 - api.v1.auth.service - INFO - Parsed user role: ADMIN
2025-01-17 13:13:40,797 - api.v1.auth.service - INFO - Permission granted for role: ADMIN
2025-01-17 13:13:40,803 - api.v1.auth.service - INFO - a5f8a315-4058-4650-9687-b10871bf667d
2025-01-17 13:13:40,988 - api.v1.auth.service - INFO - User found: <User(name='Ojogu Nkang', role='<Role(name='RoleEnum.ADMIN')>')>
2025-01-17 13:13:54,807 - api.v1.auth.service - INFO - Checking role permission for user
2025-01-17 13:13:54,811 - api.v1.auth.service - INFO - Normalized required roles: ['ADMIN', 'SUBADMIN']
2025-01-17 13:13:54,815 - api.v1.auth.service - INFO - a5f8a315-4058-4650-9687-b10871bf667d
2025-01-17 13:13:55,380 - api.v1.auth.service - INFO - User found: <User(name='Ojogu Nkang', role='<Role(name='RoleEnum.ADMIN')>')>
2025-01-17 13:13:55,386 - api.v1.auth.service - INFO - Parsed user role: ADMIN
2025-01-17 13:13:55,389 - api.v1.auth.service - INFO - Permission granted for role: ADMIN
2025-01-17 13:13:55,396 - api.v1.auth.service - INFO - a5f8a315-4058-4650-9687-b10871bf667d
2025-01-17 13:13:55,594 - api.v1.auth.service - INFO - User found: <User(name='Ojogu Nkang', role='<Role(name='RoleEnum.ADMIN')>')>
